"../../../Engine/Plugins/Animation/ACLPlugin/Content/ACLAnimCurveCompressionSettings.uasset" 0
"../../../Engine/Plugins/Animation/ACLPlugin/Content/ACLAnimCurveCompressionSettings.uexp" 1
"../../../Engine/Plugins/Animation/ACLPlugin/Content/ACLAnimBoneCompressionSettings.uasset" 2
"../../../Engine/Plugins/Animation/ACLPlugin/Content/ACLAnimBoneCompressionSettings.uexp" 3
"../../../Engine/Plugins/2D/Paper2D/Content/PlaceholderTextures/DummySpriteTexture.ubulk" 4
"../../../Engine/Plugins/2D/Paper2D/Content/PlaceholderTextures/DummySpriteTexture.uasset" 5
"../../../Engine/Plugins/2D/Paper2D/Content/PlaceholderTextures/DummySpriteTexture.uexp" 6
"../../../Engine/Plugins/2D/Paper2D/Content/DummySprite.uasset" 7
"../../../Engine/Plugins/2D/Paper2D/Content/DummySprite.uexp" 8
"../../../Engine/Plugins/2D/Paper2D/Content/DefaultPaperTerrainMaterial.uasset" 9
"../../../Engine/Plugins/2D/Paper2D/Content/DefaultPaperTerrainMaterial.uexp" 10
"../../../Engine/Content/Animation/DefaultVariableFrameStrippingSettings.uasset" 11
"../../../Engine/Content/Animation/DefaultVariableFrameStrippingSettings.uexp" 12
"../../../Engine/Content/Animation/DefaultRecorderBoneCompression.uasset" 13
"../../../Engine/Content/Animation/DefaultRecorderBoneCompression.uexp" 14
"../../../Engine/Plugins/Animation/ControlRig/Content/Controls/DefaultGizmoLibraryNormalized.uasset" 15
"../../../Engine/Plugins/Animation/ControlRig/Content/Controls/DefaultGizmoLibraryNormalized.uexp" 16
"../../../Engine/Content/EngineSounds/Master.uasset" 17
"../../../Engine/Content/EngineSounds/Master.uexp" 18
"../../../Engine/Content/EngineMaterials/DefaultPhysicalMaterial.uasset" 19
"../../../Engine/Content/EngineMaterials/DefaultPhysicalMaterial.uexp" 20
"../../../Engine/Content/EngineMaterials/DefaultDestructiblePhysicalMaterial.uasset" 21
"../../../Engine/Content/EngineMaterials/DefaultDestructiblePhysicalMaterial.uexp" 22
"../../../Engine/Content/EngineFonts/Faces/DroidSansFallback.uexp" 23
"../../../Engine/Content/EngineFonts/Faces/DroidSansFallback.uasset" 24
"../../../Engine/Content/EngineFonts/Faces/DroidSansFallback.ufont" 25
"../../../Engine/Content/EngineFonts/Faces/RobotoRegular.uexp" 26
"../../../Engine/Content/EngineFonts/Faces/RobotoRegular.uasset" 27
"../../../Engine/Content/EngineFonts/Faces/RobotoRegular.ufont" 28
"../../../Engine/Content/EngineFonts/Faces/RobotoLight.uexp" 29
"../../../Engine/Content/EngineFonts/Faces/RobotoLight.uasset" 30
"../../../Engine/Content/EngineFonts/Faces/RobotoLight.ufont" 31
"../../../Engine/Content/EngineFonts/Faces/RobotoItalic.uexp" 32
"../../../Engine/Content/EngineFonts/Faces/RobotoItalic.uasset" 33
"../../../Engine/Content/EngineFonts/Faces/RobotoItalic.ufont" 34
"../../../Engine/Content/EngineFonts/Faces/RobotoBoldItalic.uexp" 35
"../../../Engine/Content/EngineFonts/Faces/RobotoBoldItalic.uasset" 36
"../../../Engine/Content/EngineFonts/Faces/RobotoBoldItalic.ufont" 37
"../../../Engine/Content/EngineFonts/Faces/RobotoBold.uexp" 38
"../../../Engine/Content/EngineFonts/Faces/RobotoBold.uasset" 39
"../../../Engine/Content/EngineFonts/Faces/RobotoBold.ufont" 40
"../../../Engine/Content/EngineFonts/Roboto.uasset" 41
"../../../Engine/Content/EngineFonts/Roboto.uexp" 42
"../../../Engine/Content/EngineFonts/Faces/DroidSansMono.uexp" 43
"../../../Engine/Content/EngineFonts/Faces/DroidSansMono.uasset" 44
"../../../Engine/Content/EngineFonts/Faces/DroidSansMono.ufont" 45
"../../../Engine/Content/EngineFonts/DroidSansMono.uasset" 46
"../../../Engine/Content/EngineFonts/DroidSansMono.uexp" 47
"../../../Engine/Plugins/Interchange/Runtime/Content/Pipelines/DefaultTexturePipeline.uasset" 48
"../../../Engine/Plugins/Interchange/Runtime/Content/Pipelines/DefaultTexturePipeline.uexp" 49
"../../../Engine/Plugins/Interchange/Runtime/Content/Pipelines/DefaultSceneLevelPipeline.uasset" 50
"../../../Engine/Plugins/Interchange/Runtime/Content/Pipelines/DefaultSceneLevelPipeline.uexp" 51
"../../../Engine/Plugins/Interchange/Runtime/Content/Pipelines/DefaultSceneAssetsPipeline.uasset" 52
"../../../Engine/Plugins/Interchange/Runtime/Content/Pipelines/DefaultSceneAssetsPipeline.uexp" 53
"../../../Engine/Plugins/Interchange/Runtime/Content/Pipelines/DefaultMaterialXPipeline.uasset" 54
"../../../Engine/Plugins/Interchange/Runtime/Content/Pipelines/DefaultMaterialXPipeline.uexp" 55
"../../../Engine/Plugins/Interchange/Runtime/Content/Pipelines/DefaultMaterialPipeline.uasset" 56
"../../../Engine/Plugins/Interchange/Runtime/Content/Pipelines/DefaultMaterialPipeline.uexp" 57
"../../../Engine/Plugins/Interchange/Runtime/Content/Pipelines/DefaultGLTFSceneAssetsPipeline.uasset" 58
"../../../Engine/Plugins/Interchange/Runtime/Content/Pipelines/DefaultGLTFSceneAssetsPipeline.uexp" 59
"../../../Engine/Plugins/Interchange/Runtime/Content/Pipelines/DefaultGLTFPipeline.uasset" 60
"../../../Engine/Plugins/Interchange/Runtime/Content/Pipelines/DefaultGLTFPipeline.uexp" 61
"../../../Engine/Plugins/Interchange/Runtime/Content/Pipelines/DefaultGLTFAssetsPipeline.uasset" 62
"../../../Engine/Plugins/Interchange/Runtime/Content/Pipelines/DefaultGLTFAssetsPipeline.uexp" 63
"../../../Engine/Plugins/Interchange/Runtime/Content/Pipelines/DefaultAssetsPipeline.uasset" 64
"../../../Engine/Plugins/Interchange/Runtime/Content/Pipelines/DefaultAssetsPipeline.uexp" 65
"../../../Engine/Content/MobileResources/HUD/VirtualJoystick_Thumb.uasset" 66
"../../../Engine/Content/MobileResources/HUD/VirtualJoystick_Thumb.uexp" 67
"../../../Engine/Content/MobileResources/HUD/VirtualJoystick_Background.uasset" 68
"../../../Engine/Content/MobileResources/HUD/VirtualJoystick_Background.uexp" 69
"../../../Engine/Content/MobileResources/HUD/DefaultVirtualJoysticks.uasset" 70
"../../../Engine/Content/MobileResources/HUD/DefaultVirtualJoysticks.uexp" 71
"../../../Engine/Content/EngineResources/GradientTexture0.uasset" 72
"../../../Engine/Content/EngineResources/GradientTexture0.uexp" 73
"../../../Engine/Content/EngineResources/Black.uasset" 74
"../../../Engine/Content/EngineResources/Black.uexp" 75
"../../../Engine/Content/EditorResources/S_Actor.ubulk" 76
"../../../Engine/Content/EditorResources/S_Actor.uasset" 77
"../../../Engine/Content/EditorResources/S_Actor.uexp" 78
"../../../Engine/Content/EditorResources/S_Trigger.ubulk" 79
"../../../Engine/Content/EditorResources/S_Trigger.uasset" 80
"../../../Engine/Content/EditorResources/S_Trigger.uexp" 81
"../../../Engine/Content/EditorResources/S_BoxReflectionCapture.uasset" 82
"../../../Engine/Content/EditorResources/S_BoxReflectionCapture.uexp" 83
"../../../Engine/Content/EngineResources/DefaultTexture.ubulk" 84
"../../../Engine/Content/EngineResources/DefaultTexture.uasset" 85
"../../../Engine/Content/EngineResources/DefaultTexture.uexp" 86
"../../../Engine/Content/EditorResources/S_TriggerBox.uasset" 87
"../../../Engine/Content/EditorResources/S_TriggerBox.uexp" 88
"../../../Engine/Content/EditorResources/S_TriggerCapsule.uasset" 89
"../../../Engine/Content/EditorResources/S_TriggerCapsule.uexp" 90
"../../../Engine/Content/EditorResources/S_TriggerSphere.uasset" 91
"../../../Engine/Content/EditorResources/S_TriggerSphere.uexp" 92
"../../../Engine/Content/EngineMeshes/Sphere.ubulk" 93
"../../../Engine/Content/EngineMeshes/Sphere.uasset" 94
"../../../Engine/Content/EngineMeshes/Sphere.uexp" 95
"../../../Engine/Plugins/NNE/NNEDenoiser/Content/NNEDTOM_Output_Default.uasset" 96
"../../../Engine/Plugins/NNE/NNEDenoiser/Content/NNEDTOM_Output_Default.uexp" 97
"../../../Engine/Plugins/NNE/NNEDenoiser/Content/NNEDTOM_Output_Alpha.uasset" 98
"../../../Engine/Plugins/NNE/NNEDenoiser/Content/NNEDTOM_Output_Alpha.uexp" 99
"../../../Engine/Plugins/NNE/NNEDenoiser/Content/NNEDTIM_ColorAlbedoNormal_Default.uasset" 100
"../../../Engine/Plugins/NNE/NNEDenoiser/Content/NNEDTIM_ColorAlbedoNormal_Default.uexp" 101
"../../../Engine/Plugins/NNE/NNEDenoiser/Content/NNEDTIM_ColorAlbedoNormal_Alpha.uasset" 102
"../../../Engine/Plugins/NNE/NNEDenoiser/Content/NNEDTIM_ColorAlbedoNormal_Alpha.uexp" 103
"../../../Engine/Plugins/NNE/NNEDenoiser/Content/NNEDOM_Output_Default.uasset" 104
"../../../Engine/Plugins/NNE/NNEDenoiser/Content/NNEDOM_Output_Default.uexp" 105
"../../../Engine/Plugins/NNE/NNEDenoiser/Content/NNEDOM_Output_Alpha.uasset" 106
"../../../Engine/Plugins/NNE/NNEDenoiser/Content/NNEDOM_Output_Alpha.uexp" 107
"../../../Engine/Plugins/NNE/NNEDenoiser/Content/NNEDIM_HighQuality_Default.uasset" 108
"../../../Engine/Plugins/NNE/NNEDenoiser/Content/NNEDIM_HighQuality_Default.uexp" 109
"../../../Engine/Plugins/NNE/NNEDenoiser/Content/NNEDIM_HighQuality_Alpha.uasset" 110
"../../../Engine/Plugins/NNE/NNEDenoiser/Content/NNEDIM_HighQuality_Alpha.uexp" 111
"../../../Engine/Plugins/NNE/NNEDenoiser/Content/NNEDIM_ColorAlbedoNormal_Default.uasset" 112
"../../../Engine/Plugins/NNE/NNEDenoiser/Content/NNEDIM_ColorAlbedoNormal_Default.uexp" 113
"../../../Engine/Plugins/NNE/NNEDenoiser/Content/NNEDIM_ColorAlbedoNormal_Alpha.uasset" 114
"../../../Engine/Plugins/NNE/NNEDenoiser/Content/NNEDIM_ColorAlbedoNormal_Alpha.uexp" 115
"../../../Engine/Content/EngineMaterials/T_Default_Material_Grid_M.ubulk" 116
"../../../Engine/Content/EngineMaterials/T_Default_Material_Grid_M.uasset" 117
"../../../Engine/Content/EngineMaterials/T_Default_Material_Grid_M.uexp" 118
"../../../Engine/Content/Functions/Engine_MaterialFunctions01/Opacity/CameraDepthFade.uasset" 119
"../../../Engine/Content/Functions/Engine_MaterialFunctions01/Opacity/CameraDepthFade.uexp" 120
"../../../Engine/Content/EngineMaterials/T_Default_Material_Grid_N.ubulk" 121
"../../../Engine/Content/EngineMaterials/T_Default_Material_Grid_N.uasset" 122
"../../../Engine/Content/EngineMaterials/T_Default_Material_Grid_N.uexp" 123
"../../../Engine/Content/EngineMaterials/WorldGridMaterial.uasset" 124
"../../../Engine/Content/EngineMaterials/WorldGridMaterial.uexp" 125
"../../../Engine/Plugins/Media/MediaPlate/Content/SM_MediaPlateScreen.ubulk" 126
"../../../Engine/Plugins/Media/MediaPlate/Content/SM_MediaPlateScreen.uasset" 127
"../../../Engine/Plugins/Media/MediaPlate/Content/SM_MediaPlateScreen.uexp" 128
"../../../Engine/Content/Functions/Engine_MaterialFunctions02/WorldPositionOffset/CameraOffset.uasset" 129
"../../../Engine/Content/Functions/Engine_MaterialFunctions02/WorldPositionOffset/CameraOffset.uexp" 130
"../../../Engine/Plugins/Animation/ControlRig/Content/M_Manip.uasset" 131
"../../../Engine/Plugins/Animation/ControlRig/Content/M_Manip.uexp" 132
"../../../Engine/Content/EditorMaterials/PreviewShadowIndicator.ubulk" 133
"../../../Engine/Content/EditorMaterials/PreviewShadowIndicator.uasset" 134
"../../../Engine/Content/EditorMaterials/PreviewShadowIndicator.uexp" 135
"../../../Engine/Content/EditorMaterials/PreviewShadowIndicatorMaterial.uasset" 136
"../../../Engine/Content/EditorMaterials/PreviewShadowIndicatorMaterial.uexp" 137
"../../../Engine/Content/EditorMaterials/PhAT_UnselectedMaterial.uasset" 138
"../../../Engine/Content/EditorMaterials/PhAT_UnselectedMaterial.uexp" 139
"../../../Engine/Content/EditorMaterials/PhAT_NoCollisionMaterial.uasset" 140
"../../../Engine/Content/EditorMaterials/PhAT_NoCollisionMaterial.uexp" 141
"../../../Engine/Content/EditorLandscapeResources/SplineEditorMeshMat.uasset" 142
"../../../Engine/Content/EditorLandscapeResources/SplineEditorMeshMat.uexp" 143
"../../../Engine/Content/EditorLandscapeResources/SplineEditorMesh.ubulk" 144
"../../../Engine/Content/EditorLandscapeResources/SplineEditorMesh.uasset" 145
"../../../Engine/Content/EditorLandscapeResources/SplineEditorMesh.uexp" 146
"../../../Engine/Content/EditorLandscapeResources/WhiteSquareTexture.uasset" 147
"../../../Engine/Content/EditorLandscapeResources/WhiteSquareTexture.uexp" 148
"../../../Engine/Content/EditorLandscapeResources/LayerVisMaterial.uasset" 149
"../../../Engine/Content/EditorLandscapeResources/LayerVisMaterial.uexp" 150
"../../../Engine/Content/Functions/Engine_MaterialFunctions02/Utility/BreakOutFloat2Components.uasset" 151
"../../../Engine/Content/Functions/Engine_MaterialFunctions02/Utility/BreakOutFloat2Components.uexp" 152
"../../../Engine/Content/Functions/Engine_MaterialFunctions01/Texturing/ScaleUVsByCenter.uasset" 153
"../../../Engine/Content/Functions/Engine_MaterialFunctions01/Texturing/ScaleUVsByCenter.uexp" 154
"../../../Engine/Content/Functions/Engine_MaterialFunctions02/WorldPositionOffset/LocalPosition.uasset" 155
"../../../Engine/Content/Functions/Engine_MaterialFunctions02/WorldPositionOffset/LocalPosition.uexp" 156
"../../../Engine/Content/EngineMaterials/DefaultDiffuse.ubulk" 157
"../../../Engine/Content/EngineMaterials/DefaultDiffuse.uasset" 158
"../../../Engine/Content/EngineMaterials/DefaultDiffuse.uexp" 159
"../../../Engine/Content/Functions/Engine_MaterialFunctions01/Texturing/TextureCropping.uasset" 160
"../../../Engine/Content/Functions/Engine_MaterialFunctions01/Texturing/TextureCropping.uexp" 161
"../../../Engine/Content/Functions/Engine_MaterialFunctions02/ExampleContent/DebugNumberStrip.uasset" 162
"../../../Engine/Content/Functions/Engine_MaterialFunctions02/ExampleContent/DebugNumberStrip.uexp" 163
"../../../Engine/Content/Functions/Engine_MaterialFunctions01/Debug/DebugIntValues.uasset" 164
"../../../Engine/Content/Functions/Engine_MaterialFunctions01/Debug/DebugIntValues.uexp" 165
"../../../Engine/Content/EditorLandscapeResources/LandscapeLayerUsageMaterial.uasset" 166
"../../../Engine/Content/EditorLandscapeResources/LandscapeLayerUsageMaterial.uexp" 167
"../../../Engine/Content/EditorLandscapeResources/DefaultAlphaTexture.uasset" 168
"../../../Engine/Content/EditorLandscapeResources/DefaultAlphaTexture.uexp" 169
"../../../Engine/Content/EditorLandscapeResources/LandscapeDirtyMaterial.uasset" 170
"../../../Engine/Content/EditorLandscapeResources/LandscapeDirtyMaterial.uexp" 171
"../../../Engine/Content/EngineMaterials/DefaultMaterial.uasset" 172
"../../../Engine/Content/EngineMaterials/DefaultMaterial.uexp" 173
"../../../Engine/Content/BasicShapes/Sphere.ubulk" 174
"../../../Engine/Content/BasicShapes/Sphere.uasset" 175
"../../../Engine/Content/BasicShapes/Sphere.uexp" 176
"../../../Engine/Content/BasicShapes/Plane.ubulk" 177
"../../../Engine/Content/BasicShapes/Plane.uasset" 178
"../../../Engine/Content/BasicShapes/Plane.uexp" 179
"../../../Engine/Content/BasicShapes/Cylinder.ubulk" 180
"../../../Engine/Content/BasicShapes/Cylinder.uasset" 181
"../../../Engine/Content/BasicShapes/Cylinder.uexp" 182
"../../../Engine/Content/BasicShapes/Cube.ubulk" 183
"../../../Engine/Content/BasicShapes/Cube.uasset" 184
"../../../Engine/Content/BasicShapes/Cube.uexp" 185
"../../../Engine/Content/BasicShapes/Cone.ubulk" 186
"../../../Engine/Content/BasicShapes/Cone.uasset" 187
"../../../Engine/Content/BasicShapes/Cone.uexp" 188
"../../../Engine/Content/BasicShapes/BasicShapeMaterial.uasset" 189
"../../../Engine/Content/BasicShapes/BasicShapeMaterial.uexp" 190
"../../../Engine/Content/Functions/Engine_MaterialFunctions02/Utility/VectorLength.uasset" 191
"../../../Engine/Content/Functions/Engine_MaterialFunctions02/Utility/VectorLength.uexp" 192
"../../../Engine/Content/Functions/Engine_MaterialFunctions02/Utility/BreakOutFloat3Components.uasset" 193
"../../../Engine/Content/Functions/Engine_MaterialFunctions02/Utility/BreakOutFloat3Components.uexp" 194
"../../../Engine/Content/Functions/Engine_MaterialFunctions02/WorldPositionOffset/ObjectScale.uasset" 195
"../../../Engine/Content/Functions/Engine_MaterialFunctions02/WorldPositionOffset/ObjectScale.uexp" 196
"../../../Engine/Content/Functions/Engine_MaterialFunctions02/SafeNormalize.uasset" 197
"../../../Engine/Content/Functions/Engine_MaterialFunctions02/SafeNormalize.uexp" 198
"../../../Engine/Plugins/Editor/SpeedTreeImporter/Content/SpeedTree9/UnpackInteger3.uasset" 199
"../../../Engine/Plugins/Editor/SpeedTreeImporter/Content/SpeedTree9/UnpackInteger3.uexp" 200
"../../../Engine/Plugins/Editor/SpeedTreeImporter/Content/SpeedTree9/UnpackDirection.uasset" 201
"../../../Engine/Plugins/Editor/SpeedTreeImporter/Content/SpeedTree9/UnpackDirection.uexp" 202
"../../../Engine/Plugins/Editor/SpeedTreeImporter/Content/SpeedTree9/game_wind_noise.ubulk" 203
"../../../Engine/Plugins/Editor/SpeedTreeImporter/Content/SpeedTree9/game_wind_noise.uasset" 204
"../../../Engine/Plugins/Editor/SpeedTreeImporter/Content/SpeedTree9/game_wind_noise.uexp" 205
"../../../Engine/Plugins/Editor/SpeedTreeImporter/Content/SpeedTree9/SpeedTreeWindMotion.uasset" 206
"../../../Engine/Plugins/Editor/SpeedTreeImporter/Content/SpeedTree9/SpeedTreeWindMotion.uexp" 207
"../../../Engine/Plugins/Editor/SpeedTreeImporter/Content/SpeedTree9/SpeedTreeBranchMotion.uasset" 208
"../../../Engine/Plugins/Editor/SpeedTreeImporter/Content/SpeedTree9/SpeedTreeBranchMotion.uexp" 209
"../../../Engine/Content/Functions/Engine_MaterialFunctions02/ObjectLocalBounds.uasset" 210
"../../../Engine/Content/Functions/Engine_MaterialFunctions02/ObjectLocalBounds.uexp" 211
"../../../Engine/Content/Functions/Engine_MaterialFunctions02/UVs/BoundingBoxBased_0-1_UVW.uasset" 212
"../../../Engine/Content/Functions/Engine_MaterialFunctions02/UVs/BoundingBoxBased_0-1_UVW.uexp" 213
"../../../Engine/Plugins/Editor/SpeedTreeImporter/Content/SpeedTree9/SpeedTreeWind.uasset" 214
"../../../Engine/Plugins/Editor/SpeedTreeImporter/Content/SpeedTree9/SpeedTreeWind.uexp" 215
"../../../Engine/Plugins/Editor/SpeedTreeImporter/Content/SpeedTree9/SpeedTreeCameraFacing.uasset" 216
"../../../Engine/Plugins/Editor/SpeedTreeImporter/Content/SpeedTree9/SpeedTreeCameraFacing.uexp" 217
"../../../Engine/Plugins/Editor/SpeedTreeImporter/Content/SpeedTree9/Empty.uasset" 218
"../../../Engine/Plugins/Editor/SpeedTreeImporter/Content/SpeedTree9/Empty.uexp" 219
"../../../Engine/Plugins/Editor/SpeedTreeImporter/Content/SpeedTree9/EmptyNormal.uasset" 220
"../../../Engine/Plugins/Editor/SpeedTreeImporter/Content/SpeedTree9/EmptyNormal.uexp" 221
"../../../Engine/Plugins/Editor/SpeedTreeImporter/Content/SpeedTree9/SpeedTreeMaster.uasset" 222
"../../../Engine/Plugins/Editor/SpeedTreeImporter/Content/SpeedTree9/SpeedTreeMaster.uexp" 223
"../../../Engine/Plugins/Editor/SpeedTreeImporter/Content/SpeedTree9/SpeedTreeBillboard.uasset" 224
"../../../Engine/Plugins/Editor/SpeedTreeImporter/Content/SpeedTree9/SpeedTreeBillboard.uexp" 225
"../../../Engine/Plugins/Editor/SpeedTreeImporter/Content/SpeedTree9/SpeedTreeBillboardMaster.uasset" 226
"../../../Engine/Plugins/Editor/SpeedTreeImporter/Content/SpeedTree9/SpeedTreeBillboardMaster.uexp" 227
"../../../Engine/Plugins/Animation/ControlRig/Content/Controls/ControlRig_Wedge_solid.ubulk" 228
"../../../Engine/Plugins/Animation/ControlRig/Content/Controls/ControlRig_Wedge_solid.uasset" 229
"../../../Engine/Plugins/Animation/ControlRig/Content/Controls/ControlRig_Wedge_solid.uexp" 230
"../../../Engine/Plugins/Animation/ControlRig/Content/Controls/ControlRig_Wedge_3mm.ubulk" 231
"../../../Engine/Plugins/Animation/ControlRig/Content/Controls/ControlRig_Wedge_3mm.uasset" 232
"../../../Engine/Plugins/Animation/ControlRig/Content/Controls/ControlRig_Wedge_3mm.uexp" 233
"../../../Engine/Plugins/Animation/ControlRig/Content/Controls/ControlRig_Wedge_1mm.ubulk" 234
"../../../Engine/Plugins/Animation/ControlRig/Content/Controls/ControlRig_Wedge_1mm.uasset" 235
"../../../Engine/Plugins/Animation/ControlRig/Content/Controls/ControlRig_Wedge_1mm.uexp" 236
"../../../Engine/Plugins/Animation/ControlRig/Content/Controls/ControlRig_Triangle_solid.ubulk" 237
"../../../Engine/Plugins/Animation/ControlRig/Content/Controls/ControlRig_Triangle_solid.uasset" 238
"../../../Engine/Plugins/Animation/ControlRig/Content/Controls/ControlRig_Triangle_solid.uexp" 239
"../../../Engine/Plugins/Animation/ControlRig/Content/Controls/ControlRig_Triangle_3mm.ubulk" 240
"../../../Engine/Plugins/Animation/ControlRig/Content/Controls/ControlRig_Triangle_3mm.uasset" 241
"../../../Engine/Plugins/Animation/ControlRig/Content/Controls/ControlRig_Triangle_3mm.uexp" 242
"../../../Engine/Plugins/Animation/ControlRig/Content/Controls/ControlRig_Triangle_1mm.ubulk" 243
"../../../Engine/Plugins/Animation/ControlRig/Content/Controls/ControlRig_Triangle_1mm.uasset" 244
"../../../Engine/Plugins/Animation/ControlRig/Content/Controls/ControlRig_Triangle_1mm.uexp" 245
"../../../Engine/Plugins/Animation/ControlRig/Content/Controls/ControlRig_Star4_solid.ubulk" 246
"../../../Engine/Plugins/Animation/ControlRig/Content/Controls/ControlRig_Star4_solid.uasset" 247
"../../../Engine/Plugins/Animation/ControlRig/Content/Controls/ControlRig_Star4_solid.uexp" 248
"../../../Engine/Plugins/Animation/ControlRig/Content/Controls/ControlRig_Star4_3mm.ubulk" 249
"../../../Engine/Plugins/Animation/ControlRig/Content/Controls/ControlRig_Star4_3mm.uasset" 250
"../../../Engine/Plugins/Animation/ControlRig/Content/Controls/ControlRig_Star4_3mm.uexp" 251
"../../../Engine/Plugins/Animation/ControlRig/Content/Controls/ControlRig_Star4_1mm.ubulk" 252
"../../../Engine/Plugins/Animation/ControlRig/Content/Controls/ControlRig_Star4_1mm.uasset" 253
"../../../Engine/Plugins/Animation/ControlRig/Content/Controls/ControlRig_Star4_1mm.uexp" 254
"../../../Engine/Plugins/Animation/ControlRig/Content/Controls/ControlRig_Square_solid.ubulk" 255
"../../../Engine/Plugins/Animation/ControlRig/Content/Controls/ControlRig_Square_solid.uasset" 256
"../../../Engine/Plugins/Animation/ControlRig/Content/Controls/ControlRig_Square_solid.uexp" 257
"../../../Engine/Plugins/Animation/ControlRig/Content/Controls/ControlRig_Square_3mm.ubulk" 258
"../../../Engine/Plugins/Animation/ControlRig/Content/Controls/ControlRig_Square_3mm.uasset" 259
"../../../Engine/Plugins/Animation/ControlRig/Content/Controls/ControlRig_Square_3mm.uexp" 260
"../../../Engine/Plugins/Animation/ControlRig/Content/Controls/ControlRig_Square_1mm.ubulk" 261
"../../../Engine/Plugins/Animation/ControlRig/Content/Controls/ControlRig_Square_1mm.uasset" 262
"../../../Engine/Plugins/Animation/ControlRig/Content/Controls/ControlRig_Square_1mm.uexp" 263
"../../../Engine/Plugins/Animation/ControlRig/Content/Controls/ControlRig_Sphere_solid.ubulk" 264
"../../../Engine/Plugins/Animation/ControlRig/Content/Controls/ControlRig_Sphere_solid.uasset" 265
"../../../Engine/Plugins/Animation/ControlRig/Content/Controls/ControlRig_Sphere_solid.uexp" 266
"../../../Engine/Plugins/Animation/ControlRig/Content/Controls/ControlRig_Sphere_3mm.ubulk" 267
"../../../Engine/Plugins/Animation/ControlRig/Content/Controls/ControlRig_Sphere_3mm.uasset" 268
"../../../Engine/Plugins/Animation/ControlRig/Content/Controls/ControlRig_Sphere_3mm.uexp" 269
"../../../Engine/Plugins/Animation/ControlRig/Content/Controls/ControlRig_Sphere_1mm.ubulk" 270
"../../../Engine/Plugins/Animation/ControlRig/Content/Controls/ControlRig_Sphere_1mm.uasset" 271
"../../../Engine/Plugins/Animation/ControlRig/Content/Controls/ControlRig_Sphere_1mm.uexp" 272
"../../../Engine/Plugins/Animation/ControlRig/Content/Controls/ControlRig_RoundedTriangle_solid.ubulk" 273
"../../../Engine/Plugins/Animation/ControlRig/Content/Controls/ControlRig_RoundedTriangle_solid.uasset" 274
"../../../Engine/Plugins/Animation/ControlRig/Content/Controls/ControlRig_RoundedTriangle_solid.uexp" 275
"../../../Engine/Plugins/Animation/ControlRig/Content/Controls/ControlRig_RoundedTriangle_3mm.ubulk" 276
"../../../Engine/Plugins/Animation/ControlRig/Content/Controls/ControlRig_RoundedTriangle_3mm.uasset" 277
"../../../Engine/Plugins/Animation/ControlRig/Content/Controls/ControlRig_RoundedTriangle_3mm.uexp" 278
"../../../Engine/Plugins/Animation/ControlRig/Content/Controls/ControlRig_RoundedTriangle_1mm.ubulk" 279
"../../../Engine/Plugins/Animation/ControlRig/Content/Controls/ControlRig_RoundedTriangle_1mm.uasset" 280
"../../../Engine/Plugins/Animation/ControlRig/Content/Controls/ControlRig_RoundedTriangle_1mm.uexp" 281
"../../../Engine/Plugins/Animation/ControlRig/Content/Controls/ControlRig_RoundedSquare_solid.ubulk" 282
"../../../Engine/Plugins/Animation/ControlRig/Content/Controls/ControlRig_RoundedSquare_solid.uasset" 283
"../../../Engine/Plugins/Animation/ControlRig/Content/Controls/ControlRig_RoundedSquare_solid.uexp" 284
"../../../Engine/Plugins/Animation/ControlRig/Content/Controls/ControlRig_RoundedSquare_3mm.ubulk" 285
"../../../Engine/Plugins/Animation/ControlRig/Content/Controls/ControlRig_RoundedSquare_3mm.uasset" 286
"../../../Engine/Plugins/Animation/ControlRig/Content/Controls/ControlRig_RoundedSquare_3mm.uexp" 287
"../../../Engine/Plugins/Animation/ControlRig/Content/Controls/ControlRig_RoundedSquare_1mm.ubulk" 288
"../../../Engine/Plugins/Animation/ControlRig/Content/Controls/ControlRig_RoundedSquare_1mm.uasset" 289
"../../../Engine/Plugins/Animation/ControlRig/Content/Controls/ControlRig_RoundedSquare_1mm.uexp" 290
"../../../Engine/Plugins/Animation/ControlRig/Content/Controls/ControlRig_QuarterCircle_solid.ubulk" 291
"../../../Engine/Plugins/Animation/ControlRig/Content/Controls/ControlRig_QuarterCircle_solid.uasset" 292
"../../../Engine/Plugins/Animation/ControlRig/Content/Controls/ControlRig_QuarterCircle_solid.uexp" 293
"../../../Engine/Plugins/Animation/ControlRig/Content/Controls/ControlRig_QuarterCircle_3mm.ubulk" 294
"../../../Engine/Plugins/Animation/ControlRig/Content/Controls/ControlRig_QuarterCircle_3mm.uasset" 295
"../../../Engine/Plugins/Animation/ControlRig/Content/Controls/ControlRig_QuarterCircle_3mm.uexp" 296
"../../../Engine/Plugins/Animation/ControlRig/Content/Controls/ControlRig_QuarterCircle_1mm.ubulk" 297
"../../../Engine/Plugins/Animation/ControlRig/Content/Controls/ControlRig_QuarterCircle_1mm.uasset" 298
"../../../Engine/Plugins/Animation/ControlRig/Content/Controls/ControlRig_QuarterCircle_1mm.uexp" 299
"../../../Engine/Plugins/Animation/ControlRig/Content/Controls/ControlRig_Pyramid_solid.ubulk" 300
"../../../Engine/Plugins/Animation/ControlRig/Content/Controls/ControlRig_Pyramid_solid.uasset" 301
"../../../Engine/Plugins/Animation/ControlRig/Content/Controls/ControlRig_Pyramid_solid.uexp" 302
"../../../Engine/Plugins/Animation/ControlRig/Content/Controls/ControlRig_Pyramid_3mm.ubulk" 303
"../../../Engine/Plugins/Animation/ControlRig/Content/Controls/ControlRig_Pyramid_3mm.uasset" 304
"../../../Engine/Plugins/Animation/ControlRig/Content/Controls/ControlRig_Pyramid_3mm.uexp" 305
"../../../Engine/Plugins/Animation/ControlRig/Content/Controls/ControlRig_Pyramid_1mm.ubulk" 306
"../../../Engine/Plugins/Animation/ControlRig/Content/Controls/ControlRig_Pyramid_1mm.uasset" 307
"../../../Engine/Plugins/Animation/ControlRig/Content/Controls/ControlRig_Pyramid_1mm.uexp" 308
"../../../Engine/Plugins/Animation/ControlRig/Content/Controls/ControlRig_Octagon_solid.ubulk" 309
"../../../Engine/Plugins/Animation/ControlRig/Content/Controls/ControlRig_Octagon_solid.uasset" 310
"../../../Engine/Plugins/Animation/ControlRig/Content/Controls/ControlRig_Octagon_solid.uexp" 311
"../../../Engine/Plugins/Animation/ControlRig/Content/Controls/ControlRig_Octagon_3mm.ubulk" 312
"../../../Engine/Plugins/Animation/ControlRig/Content/Controls/ControlRig_Octagon_3mm.uasset" 313
"../../../Engine/Plugins/Animation/ControlRig/Content/Controls/ControlRig_Octagon_3mm.uexp" 314
"../../../Engine/Plugins/Animation/ControlRig/Content/Controls/ControlRig_Octagon_1mm.ubulk" 315
"../../../Engine/Plugins/Animation/ControlRig/Content/Controls/ControlRig_Octagon_1mm.uasset" 316
"../../../Engine/Plugins/Animation/ControlRig/Content/Controls/ControlRig_Octagon_1mm.uexp" 317
"../../../Engine/Plugins/Animation/ControlRig/Content/Controls/ControlRig_Hexagon_solid.ubulk" 318
"../../../Engine/Plugins/Animation/ControlRig/Content/Controls/ControlRig_Hexagon_solid.uasset" 319
"../../../Engine/Plugins/Animation/ControlRig/Content/Controls/ControlRig_Hexagon_solid.uexp" 320
"../../../Engine/Plugins/Animation/ControlRig/Content/Controls/ControlRig_Hexagon_3mm.ubulk" 321
"../../../Engine/Plugins/Animation/ControlRig/Content/Controls/ControlRig_Hexagon_3mm.uasset" 322
"../../../Engine/Plugins/Animation/ControlRig/Content/Controls/ControlRig_Hexagon_3mm.uexp" 323
"../../../Engine/Plugins/Animation/ControlRig/Content/Controls/ControlRig_Hexagon_1mm.ubulk" 324
"../../../Engine/Plugins/Animation/ControlRig/Content/Controls/ControlRig_Hexagon_1mm.uasset" 325
"../../../Engine/Plugins/Animation/ControlRig/Content/Controls/ControlRig_Hexagon_1mm.uexp" 326
"../../../Engine/Plugins/Animation/ControlRig/Content/Controls/ControlRig_HalfCircle_solid.ubulk" 327
"../../../Engine/Plugins/Animation/ControlRig/Content/Controls/ControlRig_HalfCircle_solid.uasset" 328
"../../../Engine/Plugins/Animation/ControlRig/Content/Controls/ControlRig_HalfCircle_solid.uexp" 329
"../../../Engine/Plugins/Animation/ControlRig/Content/Controls/ControlRig_HalfCircle_3mm.ubulk" 330
"../../../Engine/Plugins/Animation/ControlRig/Content/Controls/ControlRig_HalfCircle_3mm.uasset" 331
"../../../Engine/Plugins/Animation/ControlRig/Content/Controls/ControlRig_HalfCircle_3mm.uexp" 332
"../../../Engine/Plugins/Animation/ControlRig/Content/Controls/ControlRig_HalfCircle_1mm.ubulk" 333
"../../../Engine/Plugins/Animation/ControlRig/Content/Controls/ControlRig_HalfCircle_1mm.uasset" 334
"../../../Engine/Plugins/Animation/ControlRig/Content/Controls/ControlRig_HalfCircle_1mm.uexp" 335
"../../../Engine/Plugins/Animation/ControlRig/Content/Controls/ControlRig_Diamond_solid.ubulk" 336
"../../../Engine/Plugins/Animation/ControlRig/Content/Controls/ControlRig_Diamond_solid.uasset" 337
"../../../Engine/Plugins/Animation/ControlRig/Content/Controls/ControlRig_Diamond_solid.uexp" 338
"../../../Engine/Plugins/Animation/ControlRig/Content/Controls/ControlRig_Diamond_3mm.ubulk" 339
"../../../Engine/Plugins/Animation/ControlRig/Content/Controls/ControlRig_Diamond_3mm.uasset" 340
"../../../Engine/Plugins/Animation/ControlRig/Content/Controls/ControlRig_Diamond_3mm.uexp" 341
"../../../Engine/Plugins/Animation/ControlRig/Content/Controls/ControlRig_Diamond_1mm.ubulk" 342
"../../../Engine/Plugins/Animation/ControlRig/Content/Controls/ControlRig_Diamond_1mm.uasset" 343
"../../../Engine/Plugins/Animation/ControlRig/Content/Controls/ControlRig_Diamond_1mm.uexp" 344
"../../../Engine/Plugins/Animation/ControlRig/Content/Controls/ControlRig_Circle_solid.ubulk" 345
"../../../Engine/Plugins/Animation/ControlRig/Content/Controls/ControlRig_Circle_solid.uasset" 346
"../../../Engine/Plugins/Animation/ControlRig/Content/Controls/ControlRig_Circle_solid.uexp" 347
"../../../Engine/Plugins/Animation/ControlRig/Content/Controls/ControlRig_Circle_3mm.ubulk" 348
"../../../Engine/Plugins/Animation/ControlRig/Content/Controls/ControlRig_Circle_3mm.uasset" 349
"../../../Engine/Plugins/Animation/ControlRig/Content/Controls/ControlRig_Circle_3mm.uexp" 350
"../../../Engine/Plugins/Animation/ControlRig/Content/Controls/ControlRig_Circle_1mm.ubulk" 351
"../../../Engine/Plugins/Animation/ControlRig/Content/Controls/ControlRig_Circle_1mm.uasset" 352
"../../../Engine/Plugins/Animation/ControlRig/Content/Controls/ControlRig_Circle_1mm.uexp" 353
"../../../Engine/Plugins/Animation/ControlRig/Content/Controls/ControlRig_Box_solid.ubulk" 354
"../../../Engine/Plugins/Animation/ControlRig/Content/Controls/ControlRig_Box_solid.uasset" 355
"../../../Engine/Plugins/Animation/ControlRig/Content/Controls/ControlRig_Box_solid.uexp" 356
"../../../Engine/Plugins/Animation/ControlRig/Content/Controls/ControlRig_Box_3mm.ubulk" 357
"../../../Engine/Plugins/Animation/ControlRig/Content/Controls/ControlRig_Box_3mm.uasset" 358
"../../../Engine/Plugins/Animation/ControlRig/Content/Controls/ControlRig_Box_3mm.uexp" 359
"../../../Engine/Plugins/Animation/ControlRig/Content/Controls/ControlRig_Box_1mm.ubulk" 360
"../../../Engine/Plugins/Animation/ControlRig/Content/Controls/ControlRig_Box_1mm.uasset" 361
"../../../Engine/Plugins/Animation/ControlRig/Content/Controls/ControlRig_Box_1mm.uexp" 362
"../../../Engine/Plugins/Animation/ControlRig/Content/Controls/ControlRig_Arrow_solid.ubulk" 363
"../../../Engine/Plugins/Animation/ControlRig/Content/Controls/ControlRig_Arrow_solid.uasset" 364
"../../../Engine/Plugins/Animation/ControlRig/Content/Controls/ControlRig_Arrow_solid.uexp" 365
"../../../Engine/Plugins/Animation/ControlRig/Content/Controls/ControlRig_Arrow_3mm.ubulk" 366
"../../../Engine/Plugins/Animation/ControlRig/Content/Controls/ControlRig_Arrow_3mm.uasset" 367
"../../../Engine/Plugins/Animation/ControlRig/Content/Controls/ControlRig_Arrow_3mm.uexp" 368
"../../../Engine/Plugins/Animation/ControlRig/Content/Controls/ControlRig_Arrow_1mm.ubulk" 369
"../../../Engine/Plugins/Animation/ControlRig/Content/Controls/ControlRig_Arrow_1mm.uasset" 370
"../../../Engine/Plugins/Animation/ControlRig/Content/Controls/ControlRig_Arrow_1mm.uexp" 371
"../../../Engine/Plugins/Animation/ControlRig/Content/Controls/ControlRig_Arrow4_solid.ubulk" 372
"../../../Engine/Plugins/Animation/ControlRig/Content/Controls/ControlRig_Arrow4_solid.uasset" 373
"../../../Engine/Plugins/Animation/ControlRig/Content/Controls/ControlRig_Arrow4_solid.uexp" 374
"../../../Engine/Plugins/Animation/ControlRig/Content/Controls/ControlRig_Arrow4_3mm.ubulk" 375
"../../../Engine/Plugins/Animation/ControlRig/Content/Controls/ControlRig_Arrow4_3mm.uasset" 376
"../../../Engine/Plugins/Animation/ControlRig/Content/Controls/ControlRig_Arrow4_3mm.uexp" 377
"../../../Engine/Plugins/Animation/ControlRig/Content/Controls/ControlRig_Arrow4_1mm.ubulk" 378
"../../../Engine/Plugins/Animation/ControlRig/Content/Controls/ControlRig_Arrow4_1mm.uasset" 379
"../../../Engine/Plugins/Animation/ControlRig/Content/Controls/ControlRig_Arrow4_1mm.uexp" 380
"../../../Engine/Plugins/Animation/ControlRig/Content/Controls/ControlRig_Arrow2_solid.ubulk" 381
"../../../Engine/Plugins/Animation/ControlRig/Content/Controls/ControlRig_Arrow2_solid.uasset" 382
"../../../Engine/Plugins/Animation/ControlRig/Content/Controls/ControlRig_Arrow2_solid.uexp" 383
"../../../Engine/Plugins/Animation/ControlRig/Content/Controls/ControlRig_Arrow2_3mm.ubulk" 384
"../../../Engine/Plugins/Animation/ControlRig/Content/Controls/ControlRig_Arrow2_3mm.uasset" 385
"../../../Engine/Plugins/Animation/ControlRig/Content/Controls/ControlRig_Arrow2_3mm.uexp" 386
"../../../Engine/Plugins/Animation/ControlRig/Content/Controls/ControlRig_Arrow2_1mm.ubulk" 387
"../../../Engine/Plugins/Animation/ControlRig/Content/Controls/ControlRig_Arrow2_1mm.uasset" 388
"../../../Engine/Plugins/Animation/ControlRig/Content/Controls/ControlRig_Arrow2_1mm.uexp" 389
"../../../Engine/Plugins/Animation/ControlRig/Content/Controls/ControlRigXRayMaterial.uasset" 390
"../../../Engine/Plugins/Animation/ControlRig/Content/Controls/ControlRigXRayMaterial.uexp" 391
"../../../Engine/Plugins/Animation/ControlRig/Content/Controls/ControlRigGizmoMaterial.uasset" 392
"../../../Engine/Plugins/Animation/ControlRig/Content/Controls/ControlRigGizmoMaterial.uexp" 393
"../../../Engine/Content/EngineMaterials/WeightMapPlaceholderTexture.uasset" 394
"../../../Engine/Content/EngineMaterials/WeightMapPlaceholderTexture.uexp" 395
"../../../Engine/Content/EngineMaterials/WeightMapArrayPlaceholderTexture.uasset" 396
"../../../Engine/Content/EngineMaterials/WeightMapArrayPlaceholderTexture.uexp" 397
"../../../Engine/Content/EngineMaterials/RemoveSurfaceMaterial.uasset" 398
"../../../Engine/Content/EngineMaterials/RemoveSurfaceMaterial.uexp" 399
"../../../Engine/Content/EngineMaterials/PreintegratedSkinBRDF.uasset" 400
"../../../Engine/Content/EngineMaterials/PreintegratedSkinBRDF.uexp" 401
"../../../Engine/Content/EngineMaterials/DefaultCalibrationGrayscale.uasset" 402
"../../../Engine/Content/EngineMaterials/DefaultCalibrationGrayscale.uexp" 403
"../../../Engine/Content/EngineMaterials/PPM_DefaultCalibrationGrayscale.uasset" 404
"../../../Engine/Content/EngineMaterials/PPM_DefaultCalibrationGrayscale.uexp" 405
"../../../Engine/Content/EngineMaterials/DefaultCalibrationColor.uasset" 406
"../../../Engine/Content/EngineMaterials/DefaultCalibrationColor.uexp" 407
"../../../Engine/Content/EngineMaterials/PPM_DefaultCalibrationColor.uasset" 408
"../../../Engine/Content/EngineMaterials/PPM_DefaultCalibrationColor.uexp" 409
"../../../Engine/Content/EngineMaterials/PhAT_JointLimitMaterial.uasset" 410
"../../../Engine/Content/EngineMaterials/PhAT_JointLimitMaterial.uexp" 411
"../../../Engine/Content/EngineMaterials/NaniteHiddenSectionMaterial.uasset" 412
"../../../Engine/Content/EngineMaterials/NaniteHiddenSectionMaterial.uexp" 413
"../../../Engine/Content/EngineMaterials/InvalidLightmapSettings.ubulk" 414
"../../../Engine/Content/EngineMaterials/InvalidLightmapSettings.uasset" 415
"../../../Engine/Content/EngineMaterials/InvalidLightmapSettings.uexp" 416
"../../../Engine/Content/EngineMaterials/M_InvalidLightmapSettings.uasset" 417
"../../../Engine/Content/EngineMaterials/M_InvalidLightmapSettings.uexp" 418
"../../../Engine/Content/EngineMaterials/MiniFont.uasset" 419
"../../../Engine/Content/EngineMaterials/MiniFont.uexp" 420
"../../../Engine/Content/EngineMaterials/GizmoMaterial.uasset" 421
"../../../Engine/Content/EngineMaterials/GizmoMaterial.uexp" 422
"../../../Engine/Content/EngineMaterials/BaseFlattenDiffuseMap_VT.ubulk" 423
"../../../Engine/Content/EngineMaterials/BaseFlattenDiffuseMap_VT.uasset" 424
"../../../Engine/Content/EngineMaterials/BaseFlattenDiffuseMap_VT.uexp" 425
"../../../Engine/Content/EngineMaterials/BaseFlattenEmissiveMap_VT.ubulk" 426
"../../../Engine/Content/EngineMaterials/BaseFlattenEmissiveMap_VT.uasset" 427
"../../../Engine/Content/EngineMaterials/BaseFlattenEmissiveMap_VT.uexp" 428
"../../../Engine/Content/EngineMaterials/BaseFlattenGrayscaleMap_VT.ubulk" 429
"../../../Engine/Content/EngineMaterials/BaseFlattenGrayscaleMap_VT.uasset" 430
"../../../Engine/Content/EngineMaterials/BaseFlattenGrayscaleMap_VT.uexp" 431
"../../../Engine/Content/EngineMaterials/BaseFlattenLinearColor_VT.ubulk" 432
"../../../Engine/Content/EngineMaterials/BaseFlattenLinearColor_VT.uasset" 433
"../../../Engine/Content/EngineMaterials/BaseFlattenLinearColor_VT.uexp" 434
"../../../Engine/Content/EngineMaterials/BaseFlattenNormalMap_VT.ubulk" 435
"../../../Engine/Content/EngineMaterials/BaseFlattenNormalMap_VT.uasset" 436
"../../../Engine/Content/EngineMaterials/BaseFlattenNormalMap_VT.uexp" 437
"../../../Engine/Content/EngineMaterials/Black_1x1_EXR_Texture_VT.ubulk" 438
"../../../Engine/Content/EngineMaterials/Black_1x1_EXR_Texture_VT.uasset" 439
"../../../Engine/Content/EngineMaterials/Black_1x1_EXR_Texture_VT.uexp" 440
"../../../Engine/Content/EngineMaterials/FlattenMaterial_WS_Normal_VT.uasset" 441
"../../../Engine/Content/EngineMaterials/FlattenMaterial_WS_Normal_VT.uexp" 442
"../../../Engine/Content/EngineMaterials/FlattenMaterial_VT.uasset" 443
"../../../Engine/Content/EngineMaterials/FlattenMaterial_VT.uexp" 444
"../../../Engine/Content/EngineMaterials/BaseFlattenNormalMap.uasset" 445
"../../../Engine/Content/EngineMaterials/BaseFlattenNormalMap.uexp" 446
"../../../Engine/Content/EngineMaterials/BaseFlattenDiffuseMap.uasset" 447
"../../../Engine/Content/EngineMaterials/BaseFlattenDiffuseMap.uexp" 448
"../../../Engine/Content/EngineMaterials/BaseFlattenEmissiveMap.uasset" 449
"../../../Engine/Content/EngineMaterials/BaseFlattenEmissiveMap.uexp" 450
"../../../Engine/Content/EngineMaterials/BaseFlattenGrayscaleMap.uasset" 451
"../../../Engine/Content/EngineMaterials/BaseFlattenGrayscaleMap.uexp" 452
"../../../Engine/Content/EngineMaterials/BaseFlattenLinearColor.uasset" 453
"../../../Engine/Content/EngineMaterials/BaseFlattenLinearColor.uexp" 454
"../../../Engine/Content/Functions/Engine_MaterialFunctions02/PivotPainter2/Black_1x1_EXR_Texture.uasset" 455
"../../../Engine/Content/Functions/Engine_MaterialFunctions02/PivotPainter2/Black_1x1_EXR_Texture.uexp" 456
"../../../Engine/Content/EngineMaterials/FlattenMaterial.uasset" 457
"../../../Engine/Content/EngineMaterials/FlattenMaterial.uexp" 458
"../../../Engine/Content/EngineMaterials/FastBlueNoise_vec2_128x128x64.uasset" 459
"../../../Engine/Content/EngineMaterials/FastBlueNoise_vec2_128x128x64.uexp" 460
"../../../Engine/Content/EngineMaterials/FastBlueNoise_scalar_128x128x8.uasset" 461
"../../../Engine/Content/EngineMaterials/FastBlueNoise_scalar_128x128x8.uexp" 462
"../../../Engine/Content/EngineMaterials/FastBlueNoise_scalar_128x128x64.uasset" 463
"../../../Engine/Content/EngineMaterials/FastBlueNoise_scalar_128x128x64.uexp" 464
"../../../Engine/Content/EngineMaterials/DefaultWhiteGrid_Low.uasset" 465
"../../../Engine/Content/EngineMaterials/DefaultWhiteGrid_Low.uexp" 466
"../../../Engine/Content/EngineMaterials/EmissiveMeshMaterial.uasset" 467
"../../../Engine/Content/EngineMaterials/EmissiveMeshMaterial.uexp" 468
"../../../Engine/Content/EngineMaterials/DefaultWhiteGrid.ubulk" 469
"../../../Engine/Content/EngineMaterials/DefaultWhiteGrid.uasset" 470
"../../../Engine/Content/EngineMaterials/DefaultWhiteGrid.uexp" 471
"../../../Engine/Content/EngineFonts/RobotoDistanceField.uasset" 472
"../../../Engine/Content/EngineFonts/RobotoDistanceField.uexp" 473
"../../../Engine/Content/EngineMaterials/DefaultTextMaterialOpaque.uasset" 474
"../../../Engine/Content/EngineMaterials/DefaultTextMaterialOpaque.uexp" 475
"../../../Engine/Content/EngineMaterials/DefaultPostProcessMaterial.uasset" 476
"../../../Engine/Content/EngineMaterials/DefaultPostProcessMaterial.uexp" 477
"../../../Engine/Content/EngineMaterials/DefaultLightFunctionMaterial.uasset" 478
"../../../Engine/Content/EngineMaterials/DefaultLightFunctionMaterial.uexp" 479
"../../../Engine/Content/EngineMaterials/DefaultDeferredDecalMaterial.uasset" 480
"../../../Engine/Content/EngineMaterials/DefaultDeferredDecalMaterial.uexp" 481
"../../../Engine/Content/EngineMaterials/DefaultBokeh.uasset" 482
"../../../Engine/Content/EngineMaterials/DefaultBokeh.uexp" 483
"../../../Engine/Content/EngineMaterials/DefaultBloomKernel.uasset" 484
"../../../Engine/Content/EngineMaterials/DefaultBloomKernel.uexp" 485
"../../../Engine/Content/Functions/Engine_MaterialFunctions02/Utility/CameraDirectionVector.uasset" 486
"../../../Engine/Content/Functions/Engine_MaterialFunctions02/Utility/CameraDirectionVector.uexp" 487
"../../../Engine/Content/EngineDebugMaterials/VolumeToRender.uasset" 488
"../../../Engine/Content/EngineDebugMaterials/VolumeToRender.uexp" 489
"../../../Engine/Content/EngineDebugMaterials/M_VolumeRenderSphereTracePP.uasset" 490
"../../../Engine/Content/EngineDebugMaterials/M_VolumeRenderSphereTracePP.uexp" 491
"../../../Engine/Content/EngineDebugMaterials/M_SimpleUnlitTranslucent.uasset" 492
"../../../Engine/Content/EngineDebugMaterials/M_SimpleUnlitTranslucent.uexp" 493
"../../../Engine/Content/EngineDebugMaterials/DebugMeshMaterial.uasset" 494
"../../../Engine/Content/EngineDebugMaterials/DebugMeshMaterial.uexp" 495
"../../../Engine/Content/EngineDebugMaterials/DebugEditorMaterial.uasset" 496
"../../../Engine/Content/EngineDebugMaterials/DebugEditorMaterial.uexp" 497
"../../../Engine/Content/EngineDamageTypes/DmgTypeBP_Environmental.uasset" 498
"../../../Engine/Content/EngineDamageTypes/DmgTypeBP_Environmental.uexp" 499
"../../../Engine/Content/EditorResources/S_Terrain.ubulk" 500
"../../../Engine/Content/EditorResources/S_Terrain.uasset" 501
"../../../Engine/Content/EditorResources/S_Terrain.uexp" 502
"../../../Engine/Content/EditorResources/S_Solver.ubulk" 503
"../../../Engine/Content/EditorResources/S_Solver.uasset" 504
"../../../Engine/Content/EditorResources/S_Solver.uexp" 505
"../../../Engine/Content/EditorResources/BSPVertex.uasset" 506
"../../../Engine/Content/EditorResources/BSPVertex.uexp" 507
"C:/Users/lucas/OneDrive/Documentos/Unreal Projects/TCC_Optimization/TCC/Content/Player/Input/IA_Walk.uasset" 508
"C:/Users/lucas/OneDrive/Documentos/Unreal Projects/TCC_Optimization/TCC/Content/Player/Input/IA_Walk.uexp" 509
"C:/Users/lucas/OneDrive/Documentos/Unreal Projects/TCC_Optimization/TCC/Content/Player/Input/IA_Look.uasset" 510
"C:/Users/lucas/OneDrive/Documentos/Unreal Projects/TCC_Optimization/TCC/Content/Player/Input/IA_Look.uexp" 511
"C:/Users/lucas/OneDrive/Documentos/Unreal Projects/TCC_Optimization/TCC/Content/Player/Input/IA_Jump.uasset" 512
"C:/Users/lucas/OneDrive/Documentos/Unreal Projects/TCC_Optimization/TCC/Content/Player/Input/IA_Jump.uexp" 513
"C:/Users/lucas/OneDrive/Documentos/Unreal Projects/TCC_Optimization/TCC/Content/Player/Input/IA_DebugToggleFly.uasset" 514
"C:/Users/lucas/OneDrive/Documentos/Unreal Projects/TCC_Optimization/TCC/Content/Player/Input/IA_DebugToggleFly.uexp" 515
"C:/Users/lucas/OneDrive/Documentos/Unreal Projects/TCC_Optimization/TCC/Content/Player/Input/IA_DebugPerf.uasset" 516
"C:/Users/lucas/OneDrive/Documentos/Unreal Projects/TCC_Optimization/TCC/Content/Player/Input/IA_DebugPerf.uexp" 517
"C:/Users/lucas/OneDrive/Documentos/Unreal Projects/TCC_Optimization/TCC/Content/Player/Input/MC_Ground.uasset" 518
"C:/Users/lucas/OneDrive/Documentos/Unreal Projects/TCC_Optimization/TCC/Content/Player/Input/MC_Ground.uexp" 519
"C:/Users/lucas/OneDrive/Documentos/Unreal Projects/TCC_Optimization/TCC/Content/helperBlueprints/PerformanceUtils/WBP_Performance.uasset" 520
"C:/Users/lucas/OneDrive/Documentos/Unreal Projects/TCC_Optimization/TCC/Content/helperBlueprints/PerformanceUtils/WBP_Performance.uexp" 521
"C:/Users/lucas/OneDrive/Documentos/Unreal Projects/TCC_Optimization/TCC/Content/Player/BP_Player.uasset" 522
"C:/Users/lucas/OneDrive/Documentos/Unreal Projects/TCC_Optimization/TCC/Content/Player/BP_Player.uexp" 523
"C:/Users/lucas/OneDrive/Documentos/Unreal Projects/TCC_Optimization/TCC/Content/Player/BP_Controller.uasset" 524
"C:/Users/lucas/OneDrive/Documentos/Unreal Projects/TCC_Optimization/TCC/Content/Player/BP_Controller.uexp" 525
"C:/Users/lucas/OneDrive/Documentos/Unreal Projects/TCC_Optimization/TCC/Content/Player/BP_GameMode.uasset" 526
"C:/Users/lucas/OneDrive/Documentos/Unreal Projects/TCC_Optimization/TCC/Content/Player/BP_GameMode.uexp" 527
"../../../Engine/Plugins/VirtualProduction/CameraCalibrationCore/Content/Materials/M_DefaultOddSquare.uasset" 528
"../../../Engine/Plugins/VirtualProduction/CameraCalibrationCore/Content/Materials/M_DefaultOddSquare.uexp" 529
"../../../Engine/Plugins/VirtualProduction/CameraCalibrationCore/Content/Materials/M_DefaultEvenSquare.uasset" 530
"../../../Engine/Plugins/VirtualProduction/CameraCalibrationCore/Content/Materials/M_DefaultEvenSquare.uexp" 531
"../../../Engine/Plugins/Runtime/HairStrands/Content/Materials/HairMeshesDefaultMaterial.uasset" 532
"../../../Engine/Plugins/Runtime/HairStrands/Content/Materials/HairMeshesDefaultMaterial.uexp" 533
"../../../Engine/Plugins/Runtime/HairStrands/Content/Materials/HairDefaultMaterial.uasset" 534
"../../../Engine/Plugins/Runtime/HairStrands/Content/Materials/HairDefaultMaterial.uexp" 535
"../../../Engine/Content/Functions/Engine_MaterialFunctions02/Utility/MakeFloat2.uasset" 536
"../../../Engine/Content/Functions/Engine_MaterialFunctions02/Utility/MakeFloat2.uexp" 537
"../../../Engine/Content/Functions/Engine_MaterialFunctions02/Utility/MakeFloat3.uasset" 538
"../../../Engine/Content/Functions/Engine_MaterialFunctions02/Utility/MakeFloat3.uexp" 539
"../../../Engine/Content/EngineMaterials/HairDebugColor.uasset" 540
"../../../Engine/Content/EngineMaterials/HairDebugColor.uexp" 541
"../../../Engine/Content/EngineMaterials/HairColorMap.uasset" 542
"../../../Engine/Content/EngineMaterials/HairColorMap.uexp" 543
"../../../Engine/Plugins/Runtime/HairStrands/Content/Materials/HairGroupColors.uasset" 544
"../../../Engine/Plugins/Runtime/HairStrands/Content/Materials/HairGroupColors.uexp" 545
"../../../Engine/Plugins/Runtime/HairStrands/Content/Materials/HairDebugMaterial.uasset" 546
"../../../Engine/Plugins/Runtime/HairStrands/Content/Materials/HairDebugMaterial.uexp" 547
"../../../Engine/Plugins/Runtime/HairStrands/Content/Materials/HairCardsDefaultMaterial.uasset" 548
"../../../Engine/Plugins/Runtime/HairStrands/Content/Materials/HairCardsDefaultMaterial.uexp" 549
"../../../Engine/Plugins/Runtime/AudioWidgets/Content/Resources/ScrubHandleDown_Clamped.uasset" 550
"../../../Engine/Plugins/Runtime/AudioWidgets/Content/Resources/ScrubHandleDown_Clamped.uexp" 551
"../../../Engine/Plugins/Interchange/Assets/Content/Functions/MX_UsdPreviewSurface.uasset" 552
"../../../Engine/Plugins/Interchange/Assets/Content/Functions/MX_UsdPreviewSurface.uexp" 553
"../../../Engine/Plugins/Interchange/Assets/Content/Functions/MX_UniformEDF.uasset" 554
"../../../Engine/Plugins/Interchange/Assets/Content/Functions/MX_UniformEDF.uexp" 555
"../../../Engine/Plugins/Interchange/Assets/Content/Functions/MX_TranslucentBSDF.uasset" 556
"../../../Engine/Plugins/Interchange/Assets/Content/Functions/MX_TranslucentBSDF.uexp" 557
"../../../Engine/Plugins/Interchange/Assets/Content/Functions/MX_ThinFilmBSDF.uasset" 558
"../../../Engine/Plugins/Interchange/Assets/Content/Functions/MX_ThinFilmBSDF.uexp" 559
"../../../Engine/Plugins/Interchange/Assets/Content/Functions/MX_SurfaceUnlit.uasset" 560
"../../../Engine/Plugins/Interchange/Assets/Content/Functions/MX_SurfaceUnlit.uexp" 561
"../../../Engine/Plugins/Interchange/Assets/Content/Functions/MX_Surface.uasset" 562
"../../../Engine/Plugins/Interchange/Assets/Content/Functions/MX_Surface.uexp" 563
"../../../Engine/Plugins/Interchange/Assets/Content/Functions/MX_SubsurfaceBSDF.uasset" 564
"../../../Engine/Plugins/Interchange/Assets/Content/Functions/MX_SubsurfaceBSDF.uexp" 565
"../../../Engine/Plugins/Interchange/Assets/Content/Functions/MX_SheenBSDF.uasset" 566
"../../../Engine/Plugins/Interchange/Assets/Content/Functions/MX_SheenBSDF.uexp" 567
"../../../Engine/Plugins/Interchange/Assets/Content/Functions/MX_OrenNayarBSDF.uasset" 568
"../../../Engine/Plugins/Interchange/Assets/Content/Functions/MX_OrenNayarBSDF.uexp" 569
"../../../Engine/Plugins/Interchange/Assets/Content/Functions/MF_IridescenceNoLUT.uasset" 570
"../../../Engine/Plugins/Interchange/Assets/Content/Functions/MF_IridescenceNoLUT.uexp" 571
"../../../Engine/Plugins/Interchange/Assets/Content/Functions/MX_StandardSurface.uasset" 572
"../../../Engine/Plugins/Interchange/Assets/Content/Functions/MX_StandardSurface.uexp" 573
"../../../Engine/Plugins/Interchange/Assets/Content/Functions/MX_TransmissionSurface.uasset" 574
"../../../Engine/Plugins/Interchange/Assets/Content/Functions/MX_TransmissionSurface.uexp" 575
"../../../Engine/Plugins/Interchange/Assets/Content/Functions/MX_OpenPBR_Translucent.uasset" 576
"../../../Engine/Plugins/Interchange/Assets/Content/Functions/MX_OpenPBR_Translucent.uexp" 577
"../../../Engine/Plugins/Interchange/Assets/Content/Functions/MX_OpenPBR_Opaque.uasset" 578
"../../../Engine/Plugins/Interchange/Assets/Content/Functions/MX_OpenPBR_Opaque.uexp" 579
"../../../Engine/Plugins/Interchange/Assets/Content/Functions/MX_MeasuredEDF.uasset" 580
"../../../Engine/Plugins/Interchange/Assets/Content/Functions/MX_MeasuredEDF.uexp" 581
"../../../Engine/Plugins/Interchange/Assets/Content/Functions/MX_GeneralizedSchlickBSDF.uasset" 582
"../../../Engine/Plugins/Interchange/Assets/Content/Functions/MX_GeneralizedSchlickBSDF.uexp" 583
"../../../Engine/Plugins/Interchange/Assets/Content/Functions/MX_Displacement.uasset" 584
"../../../Engine/Plugins/Interchange/Assets/Content/Functions/MX_Displacement.uexp" 585
"../../../Engine/Plugins/Interchange/Assets/Content/Functions/MX_DielectricBSDF.uasset" 586
"../../../Engine/Plugins/Interchange/Assets/Content/Functions/MX_DielectricBSDF.uexp" 587
"../../../Engine/Plugins/Interchange/Assets/Content/Functions/MX_ConicalEDF.uasset" 588
"../../../Engine/Plugins/Interchange/Assets/Content/Functions/MX_ConicalEDF.uexp" 589
"../../../Engine/Plugins/Interchange/Assets/Content/Functions/MX_ConductorBSDF.uasset" 590
"../../../Engine/Plugins/Interchange/Assets/Content/Functions/MX_ConductorBSDF.uexp" 591
"../../../Engine/Plugins/Interchange/Assets/Content/Functions/MX_BurleyDiffuseBSDF.uasset" 592
"../../../Engine/Plugins/Interchange/Assets/Content/Functions/MX_BurleyDiffuseBSDF.uexp" 593
"../../../Engine/Plugins/Interchange/Assets/Content/Functions/MX_AnisotropicVDF.uasset" 594
"../../../Engine/Plugins/Interchange/Assets/Content/Functions/MX_AnisotropicVDF.uexp" 595
"../../../Engine/Plugins/Interchange/Assets/Content/Functions/MX_AbsorptionVDF.uasset" 596
"../../../Engine/Plugins/Interchange/Assets/Content/Functions/MX_AbsorptionVDF.uexp" 597
"../../../Engine/Content/EditorMaterials/Camera/CineMat.uasset" 598
"../../../Engine/Content/EditorMaterials/Camera/CineMat.uexp" 599
"../../../Engine/Content/EditorMaterials/Camera/MI_CineMat_Rig.uasset" 600
"../../../Engine/Content/EditorMaterials/Camera/MI_CineMat_Rig.uexp" 601
"../../../Engine/Content/EditorMeshes/Camera/SM_RailRig_Track.ubulk" 602
"../../../Engine/Content/EditorMeshes/Camera/SM_RailRig_Track.uasset" 603
"../../../Engine/Content/EditorMeshes/Camera/SM_RailRig_Track.uexp" 604
"../../../Engine/Content/EditorMeshes/Camera/SM_RailRig_Mount.ubulk" 605
"../../../Engine/Content/EditorMeshes/Camera/SM_RailRig_Mount.uasset" 606
"../../../Engine/Content/EditorMeshes/Camera/SM_RailRig_Mount.uexp" 607
"../../../Engine/Content/EditorMeshes/Camera/SM_CraneRig_Mount.ubulk" 608
"../../../Engine/Content/EditorMeshes/Camera/SM_CraneRig_Mount.uasset" 609
"../../../Engine/Content/EditorMeshes/Camera/SM_CraneRig_Mount.uexp" 610
"../../../Engine/Content/EditorMeshes/Camera/SM_CraneRig_Body.ubulk" 611
"../../../Engine/Content/EditorMeshes/Camera/SM_CraneRig_Body.uasset" 612
"../../../Engine/Content/EditorMeshes/Camera/SM_CraneRig_Body.uexp" 613
"../../../Engine/Content/EditorMeshes/Camera/SM_CraneRig_Base.ubulk" 614
"../../../Engine/Content/EditorMeshes/Camera/SM_CraneRig_Base.uasset" 615
"../../../Engine/Content/EditorMeshes/Camera/SM_CraneRig_Base.uexp" 616
"../../../Engine/Content/EditorMeshes/Camera/SM_CraneRig_Arm.ubulk" 617
"../../../Engine/Content/EditorMeshes/Camera/SM_CraneRig_Arm.uasset" 618
"../../../Engine/Content/EditorMeshes/Camera/SM_CraneRig_Arm.uexp" 619
"../../../Engine/Content/EditorMaterials/ParticleSystems/PSysThumbnail_OOD.ubulk" 620
"../../../Engine/Content/EditorMaterials/ParticleSystems/PSysThumbnail_OOD.uasset" 621
"../../../Engine/Content/EditorMaterials/ParticleSystems/PSysThumbnail_OOD.uexp" 622
"../../../Engine/Content/EditorMaterials/ParticleSystems/PSysThumbnail_NoImage.ubulk" 623
"../../../Engine/Content/EditorMaterials/ParticleSystems/PSysThumbnail_NoImage.uasset" 624
"../../../Engine/Content/EditorMaterials/ParticleSystems/PSysThumbnail_NoImage.uexp" 625
"../../../Engine/Content/EditorMaterials/Dataflow/DataflowVertexMaterial.uasset" 626
"../../../Engine/Content/EditorMaterials/Dataflow/DataflowVertexMaterial.uexp" 627
"../../../Engine/Content/EditorMaterials/Dataflow/DataflowTwoSidedVertexMaterial.uasset" 628
"../../../Engine/Content/EditorMaterials/Dataflow/DataflowTwoSidedVertexMaterial.uexp" 629
"../../../Engine/Content/EngineResources/FilmGrains/Marcie_Grain_v3_128_M2_000.uasset" 630
"../../../Engine/Content/EngineResources/FilmGrains/Marcie_Grain_v3_128_M2_000.uexp" 631
"../../../Engine/Content/EngineResources/Development/ZenLogo_64.uasset" 632
"../../../Engine/Content/EngineResources/Development/ZenLogo_64.uexp" 633
"../../../Engine/Content/EngineMaterials/LTC/Sheen_LTC.uasset" 634
"../../../Engine/Content/EngineMaterials/LTC/Sheen_LTC.uexp" 635
"../../../Engine/Content/EngineMaterials/LTC/GGX_LTCMat.uasset" 636
"../../../Engine/Content/EngineMaterials/LTC/GGX_LTCMat.uexp" 637
"../../../Engine/Content/EngineMaterials/LTC/GGX_LTCAmp.uasset" 638
"../../../Engine/Content/EngineMaterials/LTC/GGX_LTCAmp.uexp" 639
"../../../Engine/Content/EngineMaterials/EnergyConservation/Sheen_Energy.uasset" 640
"../../../Engine/Content/EngineMaterials/EnergyConservation/Sheen_Energy.uexp" 641
"../../../Engine/Content/EngineMaterials/EnergyConservation/SheenLegacy_Energy.uasset" 642
"../../../Engine/Content/EngineMaterials/EnergyConservation/SheenLegacy_Energy.uexp" 643
"../../../Engine/Content/EngineMaterials/EnergyConservation/GGX_TransmissionEnergyArray.uasset" 644
"../../../Engine/Content/EngineMaterials/EnergyConservation/GGX_TransmissionEnergyArray.uexp" 645
"../../../Engine/Content/EngineMaterials/EnergyConservation/GGX_ReflectionEnergy.uasset" 646
"../../../Engine/Content/EngineMaterials/EnergyConservation/GGX_ReflectionEnergy.uexp" 647
"../../../Engine/Content/EngineMaterials/EnergyConservation/Diffuse_Energy.uasset" 648
"../../../Engine/Content/EngineMaterials/EnergyConservation/Diffuse_Energy.uexp" 649
"../../../Engine/Content/EditorResources/SequenceRecorder/RecordingIndicator.uasset" 650
"../../../Engine/Content/EditorResources/SequenceRecorder/RecordingIndicator.uexp" 651
"../../../Engine/Content/EditorResources/SequenceRecorder/Countdown.uasset" 652
"../../../Engine/Content/EditorResources/SequenceRecorder/Countdown.uexp" 653
"../../../Engine/Plugins/Interchange/Assets/Content/gltf/Textures/T_White_srgb.uasset" 654
"../../../Engine/Plugins/Interchange/Assets/Content/gltf/Textures/T_White_srgb.uexp" 655
"../../../Engine/Plugins/Interchange/Assets/Content/gltf/MaterialFunctions/MF_BaseColor.uasset" 656
"../../../Engine/Plugins/Interchange/Assets/Content/gltf/MaterialFunctions/MF_BaseColor.uexp" 657
"../../../Engine/Plugins/Interchange/Assets/Content/gltf/MaterialFunctions/MF_RotateV2.uasset" 658
"../../../Engine/Plugins/Interchange/Assets/Content/gltf/MaterialFunctions/MF_RotateV2.uexp" 659
"../../../Engine/Plugins/Interchange/Assets/Content/gltf/MaterialFunctions/MF_TransformUVs.uasset" 660
"../../../Engine/Plugins/Interchange/Assets/Content/gltf/MaterialFunctions/MF_TransformUVs.uexp" 661
"../../../Engine/Plugins/Interchange/Assets/Content/gltf/MaterialBodies/MF_Unlit_Body.uasset" 662
"../../../Engine/Plugins/Interchange/Assets/Content/gltf/MaterialBodies/MF_Unlit_Body.uexp" 663
"../../../Engine/Plugins/Interchange/Assets/Content/gltf/M_Unlit.uasset" 664
"../../../Engine/Plugins/Interchange/Assets/Content/gltf/M_Unlit.uexp" 665
"../../../Engine/Plugins/Interchange/Assets/Content/gltf/MaterialInstances/MI_Unlit_Opaque_DS.uasset" 666
"../../../Engine/Plugins/Interchange/Assets/Content/gltf/MaterialInstances/MI_Unlit_Opaque_DS.uexp" 667
"../../../Engine/Plugins/Interchange/Assets/Content/gltf/MaterialInstances/MI_Unlit_Opaque.uasset" 668
"../../../Engine/Plugins/Interchange/Assets/Content/gltf/MaterialInstances/MI_Unlit_Opaque.uexp" 669
"../../../Engine/Plugins/Interchange/Assets/Content/gltf/MaterialInstances/MI_Unlit_Mask_DS.uasset" 670
"../../../Engine/Plugins/Interchange/Assets/Content/gltf/MaterialInstances/MI_Unlit_Mask_DS.uexp" 671
"../../../Engine/Plugins/Interchange/Assets/Content/gltf/MaterialInstances/MI_Unlit_Mask.uasset" 672
"../../../Engine/Plugins/Interchange/Assets/Content/gltf/MaterialInstances/MI_Unlit_Mask.uexp" 673
"../../../Engine/Plugins/Interchange/Assets/Content/gltf/MaterialInstances/MI_Unlit_Blend_DS.uasset" 674
"../../../Engine/Plugins/Interchange/Assets/Content/gltf/MaterialInstances/MI_Unlit_Blend_DS.uexp" 675
"../../../Engine/Plugins/Interchange/Assets/Content/gltf/MaterialInstances/MI_Unlit_Blend.uasset" 676
"../../../Engine/Plugins/Interchange/Assets/Content/gltf/MaterialInstances/MI_Unlit_Blend.uexp" 677
"../../../Engine/Content/EngineMaterials/Good64x64TilingNoiseHighFreq.uasset" 678
"../../../Engine/Content/EngineMaterials/Good64x64TilingNoiseHighFreq.uexp" 679
"../../../Engine/Content/Functions/Engine_MaterialFunctions02/Texturing/ScreenAlignedPixelToPixelUVs.uasset" 680
"../../../Engine/Content/Functions/Engine_MaterialFunctions02/Texturing/ScreenAlignedPixelToPixelUVs.uexp" 681
"../../../Engine/Plugins/Interchange/Assets/Content/Utilities/New_LUT.uasset" 682
"../../../Engine/Plugins/Interchange/Assets/Content/Utilities/New_LUT.uexp" 683
"../../../Engine/Content/Functions/Engine_MaterialFunctions03/Math/RemapValueRange.uasset" 684
"../../../Engine/Content/Functions/Engine_MaterialFunctions03/Math/RemapValueRange.uexp" 685
"../../../Engine/Plugins/Interchange/Assets/Content/Functions/MF_Iridescence.uasset" 686
"../../../Engine/Plugins/Interchange/Assets/Content/Functions/MF_Iridescence.uexp" 687
"../../../Engine/Plugins/Interchange/Assets/Content/gltf/MaterialFunctions/MF_Fresnel_DS.uasset" 688
"../../../Engine/Plugins/Interchange/Assets/Content/gltf/MaterialFunctions/MF_Fresnel_DS.uexp" 689
"../../../Engine/Plugins/Interchange/Assets/Content/gltf/MaterialFunctions/MF_IOR.uasset" 690
"../../../Engine/Plugins/Interchange/Assets/Content/gltf/MaterialFunctions/MF_IOR.uexp" 691
"../../../Engine/Plugins/Interchange/Assets/Content/gltf/MaterialFunctions/MF_Iridescence.uasset" 692
"../../../Engine/Plugins/Interchange/Assets/Content/gltf/MaterialFunctions/MF_Iridescence.uexp" 693
"../../../Engine/Plugins/Interchange/Assets/Content/gltf/Textures/T_White_Linear.uasset" 694
"../../../Engine/Plugins/Interchange/Assets/Content/gltf/Textures/T_White_Linear.uexp" 695
"../../../Engine/Plugins/Interchange/Assets/Content/gltf/MaterialFunctions/MF_MetallicRoughness.uasset" 696
"../../../Engine/Plugins/Interchange/Assets/Content/gltf/MaterialFunctions/MF_MetallicRoughness.uexp" 697
"../../../Engine/Content/Functions/Engine_MaterialFunctions02/Math/Transform3x3Matrix.uasset" 698
"../../../Engine/Content/Functions/Engine_MaterialFunctions02/Math/Transform3x3Matrix.uexp" 699
"../../../Engine/Plugins/Interchange/Assets/Content/gltf/MaterialFunctions/MF_RotateNormals_TS.uasset" 700
"../../../Engine/Plugins/Interchange/Assets/Content/gltf/MaterialFunctions/MF_RotateNormals_TS.uexp" 701
"../../../Engine/Plugins/Interchange/Assets/Content/gltf/MaterialFunctions/MF_ScaleNormal.uasset" 702
"../../../Engine/Plugins/Interchange/Assets/Content/gltf/MaterialFunctions/MF_ScaleNormal.uexp" 703
"../../../Engine/Plugins/Interchange/Assets/Content/gltf/Textures/T_Generic_N.uasset" 704
"../../../Engine/Plugins/Interchange/Assets/Content/gltf/Textures/T_Generic_N.uexp" 705
"../../../Engine/Plugins/Interchange/Assets/Content/gltf/MaterialFunctions/MF_Normals.uasset" 706
"../../../Engine/Plugins/Interchange/Assets/Content/gltf/MaterialFunctions/MF_Normals.uexp" 707
"../../../Engine/Plugins/Interchange/Assets/Content/gltf/MaterialFunctions/MF_Occlusion.uasset" 708
"../../../Engine/Plugins/Interchange/Assets/Content/gltf/MaterialFunctions/MF_Occlusion.uexp" 709
"../../../Engine/Plugins/Interchange/Assets/Content/gltf/MaterialFunctions/MF_Specular.uasset" 710
"../../../Engine/Plugins/Interchange/Assets/Content/gltf/MaterialFunctions/MF_Specular.uexp" 711
"../../../Engine/Plugins/Interchange/Assets/Content/gltf/Textures/T_Anisotropy_Direction_Linear.uasset" 712
"../../../Engine/Plugins/Interchange/Assets/Content/gltf/Textures/T_Anisotropy_Direction_Linear.uexp" 713
"../../../Engine/Plugins/Interchange/Assets/Content/gltf/MaterialFunctions/MF_SpecularAnisotropy.uasset" 714
"../../../Engine/Plugins/Interchange/Assets/Content/gltf/MaterialFunctions/MF_SpecularAnisotropy.uexp" 715
"../../../Engine/Plugins/Interchange/Assets/Content/gltf/MaterialFunctions/MF_Temporal_Blur.uasset" 716
"../../../Engine/Plugins/Interchange/Assets/Content/gltf/MaterialFunctions/MF_Temporal_Blur.uexp" 717
"../../../Engine/Plugins/Interchange/Assets/Content/gltf/MaterialFunctions/MF_Transmission.uasset" 718
"../../../Engine/Plugins/Interchange/Assets/Content/gltf/MaterialFunctions/MF_Transmission.uexp" 719
"../../../Engine/Plugins/Interchange/Assets/Content/gltf/MaterialBodies/MF_Transmission_Body.uasset" 720
"../../../Engine/Plugins/Interchange/Assets/Content/gltf/MaterialBodies/MF_Transmission_Body.uexp" 721
"../../../Engine/Plugins/Interchange/Assets/Content/gltf/M_Transmission.uasset" 722
"../../../Engine/Plugins/Interchange/Assets/Content/gltf/M_Transmission.uexp" 723
"../../../Engine/Plugins/Interchange/Assets/Content/gltf/MaterialInstances/MI_Transmission_DS.uasset" 724
"../../../Engine/Plugins/Interchange/Assets/Content/gltf/MaterialInstances/MI_Transmission_DS.uexp" 725
"../../../Engine/Plugins/Interchange/Assets/Content/gltf/MaterialInstances/MI_Transmission.uasset" 726
"../../../Engine/Plugins/Interchange/Assets/Content/gltf/MaterialInstances/MI_Transmission.uexp" 727
"../../../Engine/Content/Functions/Engine_MaterialFunctions02/Math/AddComponents.uasset" 728
"../../../Engine/Content/Functions/Engine_MaterialFunctions02/Math/AddComponents.uexp" 729
"../../../Engine/Plugins/Interchange/Assets/Content/gltf/MaterialFunctions/MF_DiffuseSpecGloss.uasset" 730
"../../../Engine/Plugins/Interchange/Assets/Content/gltf/MaterialFunctions/MF_DiffuseSpecGloss.uexp" 731
"../../../Engine/Plugins/Interchange/Assets/Content/gltf/MaterialFunctions/MF_Emissive.uasset" 732
"../../../Engine/Plugins/Interchange/Assets/Content/gltf/MaterialFunctions/MF_Emissive.uexp" 733
"../../../Engine/Plugins/Interchange/Assets/Content/gltf/MaterialFunctions/MF_MaxComponentValue.uasset" 734
"../../../Engine/Plugins/Interchange/Assets/Content/gltf/MaterialFunctions/MF_MaxComponentValue.uexp" 735
"../../../Engine/Plugins/Interchange/Assets/Content/gltf/MaterialFunctions/MF_PerceivedBrightness.uasset" 736
"../../../Engine/Plugins/Interchange/Assets/Content/gltf/MaterialFunctions/MF_PerceivedBrightness.uexp" 737
"../../../Engine/Plugins/Interchange/Assets/Content/gltf/MaterialFunctions/MF_SpecGlossToMetalRoughness.uasset" 738
"../../../Engine/Plugins/Interchange/Assets/Content/gltf/MaterialFunctions/MF_SpecGlossToMetalRoughness.uexp" 739
"../../../Engine/Plugins/Interchange/Assets/Content/gltf/MaterialBodies/MF_SpecularGlossiness_Body.uasset" 740
"../../../Engine/Plugins/Interchange/Assets/Content/gltf/MaterialBodies/MF_SpecularGlossiness_Body.uexp" 741
"../../../Engine/Plugins/Interchange/Assets/Content/gltf/M_SpecularGlossiness.uasset" 742
"../../../Engine/Plugins/Interchange/Assets/Content/gltf/M_SpecularGlossiness.uexp" 743
"../../../Engine/Plugins/Interchange/Assets/Content/gltf/MaterialInstances/MI_SpecularGlossiness_Opaque_DS.uasset" 744
"../../../Engine/Plugins/Interchange/Assets/Content/gltf/MaterialInstances/MI_SpecularGlossiness_Opaque_DS.uexp" 745
"../../../Engine/Plugins/Interchange/Assets/Content/gltf/MaterialInstances/MI_SpecularGlossiness_Opaque.uasset" 746
"../../../Engine/Plugins/Interchange/Assets/Content/gltf/MaterialInstances/MI_SpecularGlossiness_Opaque.uexp" 747
"../../../Engine/Plugins/Interchange/Assets/Content/gltf/MaterialInstances/MI_SpecularGlossiness_Mask_DS.uasset" 748
"../../../Engine/Plugins/Interchange/Assets/Content/gltf/MaterialInstances/MI_SpecularGlossiness_Mask_DS.uexp" 749
"../../../Engine/Plugins/Interchange/Assets/Content/gltf/MaterialInstances/MI_SpecularGlossiness_Mask.uasset" 750
"../../../Engine/Plugins/Interchange/Assets/Content/gltf/MaterialInstances/MI_SpecularGlossiness_Mask.uexp" 751
"../../../Engine/Plugins/Interchange/Assets/Content/gltf/MaterialInstances/MI_SpecularGlossiness_Blend_DS.uasset" 752
"../../../Engine/Plugins/Interchange/Assets/Content/gltf/MaterialInstances/MI_SpecularGlossiness_Blend_DS.uexp" 753
"../../../Engine/Plugins/Interchange/Assets/Content/gltf/MaterialInstances/MI_SpecularGlossiness_Blend.uasset" 754
"../../../Engine/Plugins/Interchange/Assets/Content/gltf/MaterialInstances/MI_SpecularGlossiness_Blend.uexp" 755
"../../../Engine/Plugins/Interchange/Assets/Content/gltf/MaterialFunctions/MF_Sheen.uasset" 756
"../../../Engine/Plugins/Interchange/Assets/Content/gltf/MaterialFunctions/MF_Sheen.uexp" 757
"../../../Engine/Plugins/Interchange/Assets/Content/gltf/MaterialBodies/MF_Sheen_Body.uasset" 758
"../../../Engine/Plugins/Interchange/Assets/Content/gltf/MaterialBodies/MF_Sheen_Body.uexp" 759
"../../../Engine/Plugins/Interchange/Assets/Content/gltf/M_Sheen.uasset" 760
"../../../Engine/Plugins/Interchange/Assets/Content/gltf/M_Sheen.uexp" 761
"../../../Engine/Plugins/Interchange/Assets/Content/gltf/MaterialInstances/MI_Sheen_Opaque_DS.uasset" 762
"../../../Engine/Plugins/Interchange/Assets/Content/gltf/MaterialInstances/MI_Sheen_Opaque_DS.uexp" 763
"../../../Engine/Plugins/Interchange/Assets/Content/gltf/MaterialInstances/MI_Sheen_Opaque.uasset" 764
"../../../Engine/Plugins/Interchange/Assets/Content/gltf/MaterialInstances/MI_Sheen_Opaque.uexp" 765
"../../../Engine/Plugins/Interchange/Assets/Content/gltf/MaterialInstances/MI_Sheen_Mask_DS.uasset" 766
"../../../Engine/Plugins/Interchange/Assets/Content/gltf/MaterialInstances/MI_Sheen_Mask_DS.uexp" 767
"../../../Engine/Plugins/Interchange/Assets/Content/gltf/MaterialInstances/MI_Sheen_Mask.uasset" 768
"../../../Engine/Plugins/Interchange/Assets/Content/gltf/MaterialInstances/MI_Sheen_Mask.uexp" 769
"../../../Engine/Plugins/Interchange/Assets/Content/gltf/MaterialInstances/MI_Sheen_Blend_DS.uasset" 770
"../../../Engine/Plugins/Interchange/Assets/Content/gltf/MaterialInstances/MI_Sheen_Blend_DS.uexp" 771
"../../../Engine/Plugins/Interchange/Assets/Content/gltf/MaterialInstances/MI_Sheen_Blend.uasset" 772
"../../../Engine/Plugins/Interchange/Assets/Content/gltf/MaterialInstances/MI_Sheen_Blend.uexp" 773
"../../../Engine/Plugins/Interchange/Assets/Content/gltf/MaterialBodies/MF_Default_Body.uasset" 774
"../../../Engine/Plugins/Interchange/Assets/Content/gltf/MaterialBodies/MF_Default_Body.uexp" 775
"../../../Engine/Plugins/Interchange/Assets/Content/gltf/M_Default.uasset" 776
"../../../Engine/Plugins/Interchange/Assets/Content/gltf/M_Default.uexp" 777
"../../../Engine/Plugins/Interchange/Assets/Content/gltf/MaterialInstances/MI_Default_Opaque_DS.uasset" 778
"../../../Engine/Plugins/Interchange/Assets/Content/gltf/MaterialInstances/MI_Default_Opaque_DS.uexp" 779
"../../../Engine/Plugins/Interchange/Assets/Content/gltf/MaterialInstances/MI_Default_Opaque.uasset" 780
"../../../Engine/Plugins/Interchange/Assets/Content/gltf/MaterialInstances/MI_Default_Opaque.uexp" 781
"../../../Engine/Plugins/Interchange/Assets/Content/gltf/MaterialInstances/MI_Default_Mask_DS.uasset" 782
"../../../Engine/Plugins/Interchange/Assets/Content/gltf/MaterialInstances/MI_Default_Mask_DS.uexp" 783
"../../../Engine/Plugins/Interchange/Assets/Content/gltf/MaterialInstances/MI_Default_Mask.uasset" 784
"../../../Engine/Plugins/Interchange/Assets/Content/gltf/MaterialInstances/MI_Default_Mask.uexp" 785
"../../../Engine/Plugins/Interchange/Assets/Content/gltf/MaterialInstances/MI_Default_Blend_DS.uasset" 786
"../../../Engine/Plugins/Interchange/Assets/Content/gltf/MaterialInstances/MI_Default_Blend_DS.uexp" 787
"../../../Engine/Plugins/Interchange/Assets/Content/gltf/MaterialInstances/MI_Default_Blend.uasset" 788
"../../../Engine/Plugins/Interchange/Assets/Content/gltf/MaterialInstances/MI_Default_Blend.uexp" 789
"../../../Engine/Content/Functions/Engine_MaterialFunctions01/Texturing/FlattenNormal.uasset" 790
"../../../Engine/Content/Functions/Engine_MaterialFunctions01/Texturing/FlattenNormal.uexp" 791
"../../../Engine/Plugins/Interchange/Assets/Content/gltf/MaterialFunctions/MF_Clearcoat.uasset" 792
"../../../Engine/Plugins/Interchange/Assets/Content/gltf/MaterialFunctions/MF_Clearcoat.uexp" 793
"../../../Engine/Plugins/Interchange/Assets/Content/gltf/MaterialBodies/MF_ClearCoat_Body.uasset" 794
"../../../Engine/Plugins/Interchange/Assets/Content/gltf/MaterialBodies/MF_ClearCoat_Body.uexp" 795
"../../../Engine/Plugins/Interchange/Assets/Content/gltf/M_ClearCoat.uasset" 796
"../../../Engine/Plugins/Interchange/Assets/Content/gltf/M_ClearCoat.uexp" 797
"../../../Engine/Plugins/Interchange/Assets/Content/gltf/MaterialInstances/MI_ClearCoat_Opaque_DS.uasset" 798
"../../../Engine/Plugins/Interchange/Assets/Content/gltf/MaterialInstances/MI_ClearCoat_Opaque_DS.uexp" 799
"../../../Engine/Plugins/Interchange/Assets/Content/gltf/MaterialInstances/MI_ClearCoat_Opaque.uasset" 800
"../../../Engine/Plugins/Interchange/Assets/Content/gltf/MaterialInstances/MI_ClearCoat_Opaque.uexp" 801
"../../../Engine/Plugins/Interchange/Assets/Content/gltf/MaterialInstances/MI_ClearCoat_Mask_DS.uasset" 802
"../../../Engine/Plugins/Interchange/Assets/Content/gltf/MaterialInstances/MI_ClearCoat_Mask_DS.uexp" 803
"../../../Engine/Plugins/Interchange/Assets/Content/gltf/MaterialInstances/MI_ClearCoat_Mask.uasset" 804
"../../../Engine/Plugins/Interchange/Assets/Content/gltf/MaterialInstances/MI_ClearCoat_Mask.uexp" 805
"../../../Engine/Plugins/Interchange/Assets/Content/gltf/MaterialInstances/MI_ClearCoat_Blend_DS.uasset" 806
"../../../Engine/Plugins/Interchange/Assets/Content/gltf/MaterialInstances/MI_ClearCoat_Blend_DS.uexp" 807
"../../../Engine/Plugins/Interchange/Assets/Content/gltf/MaterialInstances/MI_ClearCoat_Blend.uasset" 808
"../../../Engine/Plugins/Interchange/Assets/Content/gltf/MaterialInstances/MI_ClearCoat_Blend.uexp" 809
"../../../Engine/Content/EngineResources/DefaultTextureCube.uasset" 810
"../../../Engine/Content/EngineResources/DefaultTextureCube.uexp" 811
"../../../Engine/Content/EngineResources/DefaultVolumeTexture2D.uasset" 812
"../../../Engine/Content/EngineResources/DefaultVolumeTexture2D.uexp" 813
"../../../Engine/Content/EngineResources/DefaultVolumeTexture.uasset" 814
"../../../Engine/Content/EngineResources/DefaultVolumeTexture.uexp" 815
"../../../Engine/Content/VREditor/TransformGizmo/Xray.uasset" 816
"../../../Engine/Content/VREditor/TransformGizmo/Xray.uexp" 817
"../../../Engine/Content/VREditor/TransformGizmo/Main.uasset" 818
"../../../Engine/Content/VREditor/TransformGizmo/Main.uexp" 819
"../../../Engine/Content/VREditor/TransformGizmo/SM_Sequencer_Node.ubulk" 820
"../../../Engine/Content/VREditor/TransformGizmo/SM_Sequencer_Node.uasset" 821
"../../../Engine/Content/VREditor/TransformGizmo/SM_Sequencer_Node.uexp" 822
"../../../Engine/Content/VREditor/TransformGizmo/TranslucentTransformGizmoMaterial.uasset" 823
"../../../Engine/Content/VREditor/TransformGizmo/TranslucentTransformGizmoMaterial.uexp" 824
"../../../Engine/Content/VREditor/LaserPointer/VR_LaserPower_01.ubulk" 825
"../../../Engine/Content/VREditor/LaserPointer/VR_LaserPower_01.uasset" 826
"../../../Engine/Content/VREditor/LaserPointer/VR_LaserPower_01.uexp" 827
"../../../Engine/Content/VREditor/TransformGizmo/TransformGizmoMaterial.uasset" 828
"../../../Engine/Content/VREditor/TransformGizmo/TransformGizmoMaterial.uexp" 829
"../../../Engine/Content/VREditor/TransformGizmo/BoundingBoxEdge.ubulk" 830
"../../../Engine/Content/VREditor/TransformGizmo/BoundingBoxEdge.uasset" 831
"../../../Engine/Content/VREditor/TransformGizmo/BoundingBoxEdge.uexp" 832
"../../../Engine/Content/VREditor/TransformGizmo/BoundingBoxCorner.ubulk" 833
"../../../Engine/Content/VREditor/TransformGizmo/BoundingBoxCorner.uasset" 834
"../../../Engine/Content/VREditor/TransformGizmo/BoundingBoxCorner.uexp" 835
"../../../Engine/Content/Functions/Engine_MaterialFunctions01/Shading/PowerToRoughness.uasset" 836
"../../../Engine/Content/Functions/Engine_MaterialFunctions01/Shading/PowerToRoughness.uexp" 837
"../../../Engine/Content/Functions/Engine_MaterialFunctions01/Shading/ConvertFromDiffSpec.uasset" 838
"../../../Engine/Content/Functions/Engine_MaterialFunctions01/Shading/ConvertFromDiffSpec.uexp" 839
"../../../Engine/Content/EngineMaterials/Substrate/Volume/SubstrateSimpleVolumeLUT3D.uasset" 840
"../../../Engine/Content/EngineMaterials/Substrate/Volume/SubstrateSimpleVolumeLUT3D.uexp" 841
"../../../Engine/Content/EngineMaterials/Substrate/Volume/SubstrateSimpleVolumeEnvLUT3D.uasset" 842
"../../../Engine/Content/EngineMaterials/Substrate/Volume/SubstrateSimpleVolumeEnvLUT3D.uexp" 843
"../../../Engine/Content/EngineMaterials/Substrate/Glints2/AGlintTex2dArray2.uasset" 844
"../../../Engine/Content/EngineMaterials/Substrate/Glints2/AGlintTex2dArray2.uexp" 845
"../../../Engine/Content/EngineMaterials/Substrate/GLints/AGlintTex2dArray.uasset" 846
"../../../Engine/Content/EngineMaterials/Substrate/GLints/AGlintTex2dArray.uexp" 847
"../../../Engine/Content/ArtTools/RenderToTexture/Meshes/S_1_Unit_Plane.ubulk" 848
"../../../Engine/Content/ArtTools/RenderToTexture/Meshes/S_1_Unit_Plane.uasset" 849
"../../../Engine/Content/ArtTools/RenderToTexture/Meshes/S_1_Unit_Plane.uexp" 850
"../../../Engine/Content/EngineResources/WhiteSquareTexture.uasset" 851
"../../../Engine/Content/EngineResources/WhiteSquareTexture.uexp" 852
"../../../Engine/Content/EngineMaterials/Widget3DPassThrough.uasset" 853
"../../../Engine/Content/EngineMaterials/Widget3DPassThrough.uexp" 854
"../../../Engine/Content/EngineMaterials/Widget3DPassThrough_Masked.uasset" 855
"../../../Engine/Content/EngineMaterials/Widget3DPassThrough_Masked.uexp" 856
"../../../Engine/Content/EngineMaterials/Widget3DPassThrough_Opaque.uasset" 857
"../../../Engine/Content/EngineMaterials/Widget3DPassThrough_Opaque.uexp" 858
"../../../Engine/Content/EngineMaterials/Widget3DPassThrough_Masked_OneSided.uasset" 859
"../../../Engine/Content/EngineMaterials/Widget3DPassThrough_Masked_OneSided.uexp" 860
"../../../Engine/Content/EngineMaterials/Widget3DPassThrough_Opaque_OneSided.uasset" 861
"../../../Engine/Content/EngineMaterials/Widget3DPassThrough_Opaque_OneSided.uexp" 862
"../../../Engine/Content/EngineMaterials/Widget3DPassThrough_Translucent.uasset" 863
"../../../Engine/Content/EngineMaterials/Widget3DPassThrough_Translucent.uexp" 864
"../../../Engine/Content/EngineMaterials/Widget3DPassThrough_Translucent_OneSided.uasset" 865
"../../../Engine/Content/EngineMaterials/Widget3DPassThrough_Translucent_OneSided.uexp" 866
"../../../Engine/Content/EditorLandscapeResources/ColorMaskBrushMaterial.uasset" 867
"../../../Engine/Content/EditorLandscapeResources/ColorMaskBrushMaterial.uexp" 868
"../../../Engine/Content/EditorLandscapeResources/ColorMaskBrushMaterial_MaskedRegion.uasset" 869
"../../../Engine/Content/EditorLandscapeResources/ColorMaskBrushMaterial_MaskedRegion.uexp" 870
"../../../Engine/Content/Functions/Engine_MaterialFunctions03/Math/WithinRangeFloat2.uasset" 871
"../../../Engine/Content/Functions/Engine_MaterialFunctions03/Math/WithinRangeFloat2.uexp" 872
"../../../Engine/Content/EditorLandscapeResources/MaskBrushMaterial.uasset" 873
"../../../Engine/Content/EditorLandscapeResources/MaskBrushMaterial.uexp" 874
"../../../Engine/Content/EditorLandscapeResources/MaskBrushMaterial_MaskedRegion.uasset" 875
"../../../Engine/Content/EditorLandscapeResources/MaskBrushMaterial_MaskedRegion.uexp" 876
"../../../Engine/Content/EditorLandscapeResources/SelectBrushMaterial.uasset" 877
"../../../Engine/Content/EditorLandscapeResources/SelectBrushMaterial.uexp" 878
"../../../Engine/Content/EditorLandscapeResources/SelectBrushMaterial_Selected.uasset" 879
"../../../Engine/Content/EditorLandscapeResources/SelectBrushMaterial_Selected.uexp" 880
"../../../Engine/Content/EditorLandscapeResources/SelectBrushMaterial_SelectedRegion.uasset" 881
"../../../Engine/Content/EditorLandscapeResources/SelectBrushMaterial_SelectedRegion.uexp" 882
"../../../Engine/Plugins/NNE/NNEDenoiser/Content/NNE_oidn2-3-0_rt_hdr_alb_nrm_small__dyn__fp16_opset11_DenoiseAlpha.uasset" 883
"../../../Engine/Plugins/NNE/NNEDenoiser/Content/NNE_oidn2-3-0_rt_hdr_alb_nrm_small__dyn__fp16_opset11_DenoiseAlpha.uexp" 884
"../../../Engine/Plugins/NNE/NNEDenoiser/Content/NNE_oidn2-3-0_rt_hdr_alb_nrm_small__dyn__fp16_opset11_ForwardAlpha.uasset" 885
"../../../Engine/Plugins/NNE/NNEDenoiser/Content/NNE_oidn2-3-0_rt_hdr_alb_nrm_small__dyn__fp16_opset11_ForwardAlpha.uexp" 886
"../../../Engine/Plugins/NNE/NNEDenoiser/Content/NNE_oidn2-3-0_rt_hdr_alb_nrm__dyn__fp16_opset11_DenoiseAlpha.uasset" 887
"../../../Engine/Plugins/NNE/NNEDenoiser/Content/NNE_oidn2-3-0_rt_hdr_alb_nrm__dyn__fp16_opset11_DenoiseAlpha.uexp" 888
"../../../Engine/Plugins/NNE/NNEDenoiser/Content/NNE_oidn2-3-0_rt_hdr_alb_nrm__dyn__fp16_opset11_ForwardAlpha.uasset" 889
"../../../Engine/Plugins/NNE/NNEDenoiser/Content/NNE_oidn2-3-0_rt_hdr_alb_nrm__dyn__fp16_opset11_ForwardAlpha.uexp" 890
"../../../Engine/Plugins/NNE/NNEDenoiser/Content/NNE_oidn2-3-0_rt_hdr_calb_cnrm_large__dyn__fp16_opset11_DenoiseAlpha.uasset" 891
"../../../Engine/Plugins/NNE/NNEDenoiser/Content/NNE_oidn2-3-0_rt_hdr_calb_cnrm_large__dyn__fp16_opset11_DenoiseAlpha.uexp" 892
"../../../Engine/Plugins/NNE/NNEDenoiser/Content/NNE_oidn2-3-0_rt_hdr_calb_cnrm_large__dyn__fp16_opset11_ForwardAlpha.uasset" 893
"../../../Engine/Plugins/NNE/NNEDenoiser/Content/NNE_oidn2-3-0_rt_hdr_calb_cnrm_large__dyn__fp16_opset11_ForwardAlpha.uexp" 894
"../../../Engine/Plugins/2D/Paper2D/Content/DefaultSpriteMaterial.uasset" 895
"../../../Engine/Plugins/2D/Paper2D/Content/DefaultSpriteMaterial.uexp" 896
"../../../Engine/Plugins/2D/Paper2D/Content/MaskedUnlitSpriteMaterial.uasset" 897
"../../../Engine/Plugins/2D/Paper2D/Content/MaskedUnlitSpriteMaterial.uexp" 898
"../../../Engine/Plugins/2D/Paper2D/Content/OpaqueUnlitSpriteMaterial.uasset" 899
"../../../Engine/Plugins/2D/Paper2D/Content/OpaqueUnlitSpriteMaterial.uexp" 900
"../../../Engine/Content/EngineResources/LandscapeVisibilityLayerInfo.uasset" 901
"../../../Engine/Content/EngineResources/LandscapeVisibilityLayerInfo.uexp" 902
"../../../Engine/Content/VREditor/Sounds/UI/Drop_Item_From_ContentBrowser.ubulk" 903
"../../../Engine/Content/VREditor/Sounds/UI/Drop_Item_From_ContentBrowser.uasset" 904
"../../../Engine/Content/VREditor/Sounds/UI/Drop_Item_From_ContentBrowser.uexp" 905
"../../../Engine/Content/VREditor/TransformGizmo/TransformGizmoMaterial_Inst.uasset" 906
"../../../Engine/Content/VREditor/TransformGizmo/TransformGizmoMaterial_Inst.uexp" 907
"../../../Engine/Content/VREditor/TransformGizmo/TranslucentTransformGizmoMaterial_Inst.uasset" 908
"../../../Engine/Content/VREditor/TransformGizmo/TranslucentTransformGizmoMaterial_Inst.uexp" 909
"../../../Engine/Content/Functions/Engine_MaterialFunctions02/SplitComponents.uasset" 910
"../../../Engine/Content/Functions/Engine_MaterialFunctions02/SplitComponents.uexp" 911
"../../../Engine/Content/VREditor/SnapGrid/SnapGridMaterial.uasset" 912
"../../../Engine/Content/VREditor/SnapGrid/SnapGridMaterial.uexp" 913
"../../../Engine/Content/VREditor/SnapGrid/SnapGridPlaneMesh.ubulk" 914
"../../../Engine/Content/VREditor/SnapGrid/SnapGridPlaneMesh.uasset" 915
"../../../Engine/Content/VREditor/SnapGrid/SnapGridPlaneMesh.uexp" 916
"../../../Engine/Content/VREditor/Sounds/UI/Gizmo_Handle_Clicked.ubulk" 917
"../../../Engine/Content/VREditor/Sounds/UI/Gizmo_Handle_Clicked.uasset" 918
"../../../Engine/Content/VREditor/Sounds/UI/Gizmo_Handle_Clicked.uexp" 919
"../../../Engine/Content/VREditor/Sounds/UI/Object_PickUp.ubulk" 920
"../../../Engine/Content/VREditor/Sounds/UI/Object_PickUp.uasset" 921
"../../../Engine/Content/VREditor/Sounds/UI/Object_PickUp.uexp" 922
"../../../Engine/Content/VREditor/Sounds/UI/Object_Snaps_To_Another_Actor.ubulk" 923
"../../../Engine/Content/VREditor/Sounds/UI/Object_Snaps_To_Another_Actor.uasset" 924
"../../../Engine/Content/VREditor/Sounds/UI/Object_Snaps_To_Another_Actor.uexp" 925
"../../../Engine/Content/VREditor/Sounds/UI/Object_Snaps_To_Grid.ubulk" 926
"../../../Engine/Content/VREditor/Sounds/UI/Object_Snaps_To_Grid.uasset" 927
"../../../Engine/Content/VREditor/Sounds/UI/Object_Snaps_To_Grid.uexp" 928
"../../../Engine/Content/VREditor/Sounds/UI/Scaling_Down.ubulk" 929
"../../../Engine/Content/VREditor/Sounds/UI/Scaling_Down.uasset" 930
"../../../Engine/Content/VREditor/Sounds/UI/Scaling_Down.uexp" 931
"../../../Engine/Content/VREditor/Sounds/UI/Scaling_Up.ubulk" 932
"../../../Engine/Content/VREditor/Sounds/UI/Scaling_Up.uasset" 933
"../../../Engine/Content/VREditor/Sounds/UI/Scaling_Up.uexp" 934
"../../../Engine/Content/VREditor/Sounds/UI/Selection_Changes.ubulk" 935
"../../../Engine/Content/VREditor/Sounds/UI/Selection_Changes.uasset" 936
"../../../Engine/Content/VREditor/Sounds/UI/Selection_Changes.uexp" 937
"../../../Engine/Content/VREditor/TransformGizmo/PlaneTranslationHandle.ubulk" 938
"../../../Engine/Content/VREditor/TransformGizmo/PlaneTranslationHandle.uasset" 939
"../../../Engine/Content/VREditor/TransformGizmo/PlaneTranslationHandle.uexp" 940
"../../../Engine/Content/VREditor/TransformGizmo/RotationHandleFull.ubulk" 941
"../../../Engine/Content/VREditor/TransformGizmo/RotationHandleFull.uasset" 942
"../../../Engine/Content/VREditor/TransformGizmo/RotationHandleFull.uexp" 943
"../../../Engine/Content/VREditor/TransformGizmo/RotationHandleIndicator.ubulk" 944
"../../../Engine/Content/VREditor/TransformGizmo/RotationHandleIndicator.uasset" 945
"../../../Engine/Content/VREditor/TransformGizmo/RotationHandleIndicator.uexp" 946
"../../../Engine/Content/VREditor/TransformGizmo/RotationHandleQuarter.ubulk" 947
"../../../Engine/Content/VREditor/TransformGizmo/RotationHandleQuarter.uasset" 948
"../../../Engine/Content/VREditor/TransformGizmo/RotationHandleQuarter.uexp" 949
"../../../Engine/Content/VREditor/TransformGizmo/StartRotationHandleIndicator.ubulk" 950
"../../../Engine/Content/VREditor/TransformGizmo/StartRotationHandleIndicator.uasset" 951
"../../../Engine/Content/VREditor/TransformGizmo/StartRotationHandleIndicator.uexp" 952
"../../../Engine/Content/VREditor/TransformGizmo/TransformGizmoFreeRotation.ubulk" 953
"../../../Engine/Content/VREditor/TransformGizmo/TransformGizmoFreeRotation.uasset" 954
"../../../Engine/Content/VREditor/TransformGizmo/TransformGizmoFreeRotation.uexp" 955
"../../../Engine/Content/VREditor/TransformGizmo/TranslateArrowHandle.ubulk" 956
"../../../Engine/Content/VREditor/TransformGizmo/TranslateArrowHandle.uasset" 957
"../../../Engine/Content/VREditor/TransformGizmo/TranslateArrowHandle.uexp" 958
"../../../Engine/Content/VREditor/TransformGizmo/UniformScaleHandle.ubulk" 959
"../../../Engine/Content/VREditor/TransformGizmo/UniformScaleHandle.uasset" 960
"../../../Engine/Content/VREditor/TransformGizmo/UniformScaleHandle.uexp" 961
"../../../Engine/Plugins/Animation/DeformerGraph/Content/DeformerFunctions/DG_Function_LinearBlendSkin_Morph_Cloth.uasset" 962
"../../../Engine/Plugins/Animation/DeformerGraph/Content/DeformerFunctions/DG_Function_LinearBlendSkin_Morph_Cloth.uexp" 963
"../../../Engine/Plugins/Animation/DeformerGraph/Content/Deformers/DG_LinearBlendSkin_Morph_Cloth.uasset" 964
"../../../Engine/Plugins/Animation/DeformerGraph/Content/Deformers/DG_LinearBlendSkin_Morph_Cloth.uexp" 965
"../../../Engine/Plugins/Animation/DeformerGraph/Content/DeformerFunctions/DG_Function_LinearBlendSkin_Morph_Cloth_PositionOnly.uasset" 966
"../../../Engine/Plugins/Animation/DeformerGraph/Content/DeformerFunctions/DG_Function_LinearBlendSkin_Morph_Cloth_PositionOnly.uexp" 967
"../../../Engine/Plugins/Animation/DeformerGraph/Content/DeformerFunctions/DG_Function_ComputeNormalsTangents.uasset" 968
"../../../Engine/Plugins/Animation/DeformerGraph/Content/DeformerFunctions/DG_Function_ComputeNormalsTangents.uexp" 969
"../../../Engine/Plugins/Animation/DeformerGraph/Content/Deformers/DG_LinearBlendSkin_Morph_Cloth_RecomputeNormals.uasset" 970
"../../../Engine/Plugins/Animation/DeformerGraph/Content/Deformers/DG_LinearBlendSkin_Morph_Cloth_RecomputeNormals.uexp" 971
"../../../Engine/Plugins/NNE/NNEDenoiser/Content/NNEDT_Oidn2-3_Balanced.uasset" 972
"../../../Engine/Plugins/NNE/NNEDenoiser/Content/NNEDT_Oidn2-3_Balanced.uexp" 973
"../../../Engine/Plugins/NNE/NNEDenoiser/Content/NNEDT_Oidn2-3_Balanced_Alpha.uasset" 974
"../../../Engine/Plugins/NNE/NNEDenoiser/Content/NNEDT_Oidn2-3_Balanced_Alpha.uexp" 975
"../../../Engine/Plugins/NNE/NNEDenoiser/Content/NNED_Oidn2-3_Balanced.uasset" 976
"../../../Engine/Plugins/NNE/NNEDenoiser/Content/NNED_Oidn2-3_Balanced.uexp" 977
"../../../Engine/Plugins/NNE/NNEDenoiser/Content/NNED_Oidn2-3_Balanced_Alpha.uasset" 978
"../../../Engine/Plugins/NNE/NNEDenoiser/Content/NNED_Oidn2-3_Balanced_Alpha.uexp" 979
"../../../Engine/Plugins/NNE/NNEDenoiser/Content/NNED_Oidn2-3_Fast.uasset" 980
"../../../Engine/Plugins/NNE/NNEDenoiser/Content/NNED_Oidn2-3_Fast.uexp" 981
"../../../Engine/Plugins/NNE/NNEDenoiser/Content/NNED_Oidn2-3_Fast_Alpha.uasset" 982
"../../../Engine/Plugins/NNE/NNEDenoiser/Content/NNED_Oidn2-3_Fast_Alpha.uexp" 983
"../../../Engine/Plugins/NNE/NNEDenoiser/Content/NNED_Oidn2-3_HighQuality.uasset" 984
"../../../Engine/Plugins/NNE/NNEDenoiser/Content/NNED_Oidn2-3_HighQuality.uexp" 985
"../../../Engine/Plugins/NNE/NNEDenoiser/Content/NNED_Oidn2-3_HighQuality_Alpha.uasset" 986
"../../../Engine/Plugins/NNE/NNEDenoiser/Content/NNED_Oidn2-3_HighQuality_Alpha.uexp" 987
"../../../Engine/Content/Maps/Entry_BuiltData.uasset" 988
"../../../Engine/Content/Maps/Entry_BuiltData.uexp" 989
"../../../Engine/Content/Maps/Entry.uexp" 990
"../../../Engine/Content/Maps/Entry.umap" 991
"../../../Engine/Content/EngineSky/T_Sky_Stars.ubulk" 992
"../../../Engine/Content/EngineSky/T_Sky_Stars.uasset" 993
"../../../Engine/Content/EngineSky/T_Sky_Stars.uexp" 994
"../../../Engine/Content/EngineSky/T_Sky_Clouds_M.ubulk" 995
"../../../Engine/Content/EngineSky/T_Sky_Clouds_M.uasset" 996
"../../../Engine/Content/EngineSky/T_Sky_Clouds_M.uexp" 997
"../../../Engine/Content/EngineSky/T_Sky_Blue.ubulk" 998
"../../../Engine/Content/EngineSky/T_Sky_Blue.uasset" 999
"../../../Engine/Content/EngineSky/T_Sky_Blue.uexp" 1000
"../../../Engine/Content/EngineSky/M_Sky_Panning_Clouds2.uasset" 1001
"../../../Engine/Content/EngineSky/M_Sky_Panning_Clouds2.uexp" 1002
"../../../Engine/Content/EngineSky/SM_SkySphere.ubulk" 1003
"../../../Engine/Content/EngineSky/SM_SkySphere.uasset" 1004
"../../../Engine/Content/EngineSky/SM_SkySphere.uexp" 1005
"../../../Engine/Content/EngineSky/C_Sky_Zenith_Color.uasset" 1006
"../../../Engine/Content/EngineSky/C_Sky_Zenith_Color.uexp" 1007
"../../../Engine/Content/EngineSky/C_Sky_Horizon_Color.uasset" 1008
"../../../Engine/Content/EngineSky/C_Sky_Horizon_Color.uexp" 1009
"../../../Engine/Content/EngineSky/C_Sky_Cloud_Color.uasset" 1010
"../../../Engine/Content/EngineSky/C_Sky_Cloud_Color.uexp" 1011
"../../../Engine/Content/EngineSky/BP_Sky_Sphere.uasset" 1012
"../../../Engine/Content/EngineSky/BP_Sky_Sphere.uexp" 1013
"C:/Users/lucas/OneDrive/Documentos/Unreal Projects/TCC_Optimization/TCC/Content/DeepElderCaves/Textures/LUTDeepElderCaves_01.uasset" 1014
"C:/Users/lucas/OneDrive/Documentos/Unreal Projects/TCC_Optimization/TCC/Content/DeepElderCaves/Textures/LUTDeepElderCaves_01.uexp" 1015
"C:/Users/lucas/OneDrive/Documentos/Unreal Projects/TCC_Optimization/TCC/Content/DeepElderCaves/Textures/T_DropSubUV_N.ubulk" 1016
"C:/Users/lucas/OneDrive/Documentos/Unreal Projects/TCC_Optimization/TCC/Content/DeepElderCaves/Textures/T_DropSubUV_N.uasset" 1017
"C:/Users/lucas/OneDrive/Documentos/Unreal Projects/TCC_Optimization/TCC/Content/DeepElderCaves/Textures/T_DropSubUV_N.uexp" 1018
"C:/Users/lucas/OneDrive/Documentos/Unreal Projects/TCC_Optimization/TCC/Content/DeepElderCaves/Textures/T_DropSubUV_A.ubulk" 1019
"C:/Users/lucas/OneDrive/Documentos/Unreal Projects/TCC_Optimization/TCC/Content/DeepElderCaves/Textures/T_DropSubUV_A.uasset" 1020
"C:/Users/lucas/OneDrive/Documentos/Unreal Projects/TCC_Optimization/TCC/Content/DeepElderCaves/Textures/T_DropSubUV_A.uexp" 1021
"C:/Users/lucas/OneDrive/Documentos/Unreal Projects/TCC_Optimization/TCC/Content/DeepElderCaves/Materials/M_WaterDrop.uasset" 1022
"C:/Users/lucas/OneDrive/Documentos/Unreal Projects/TCC_Optimization/TCC/Content/DeepElderCaves/Materials/M_WaterDrop.uexp" 1023
"C:/Users/lucas/OneDrive/Documentos/Unreal Projects/TCC_Optimization/TCC/Content/DeepElderCaves/Particles/PS_WaterDrops_01.uasset" 1024
"C:/Users/lucas/OneDrive/Documentos/Unreal Projects/TCC_Optimization/TCC/Content/DeepElderCaves/Particles/PS_WaterDrops_01.uexp" 1025
"C:/Users/lucas/OneDrive/Documentos/Unreal Projects/TCC_Optimization/TCC/Content/DeepElderCaves/Textures/T_DustFloating_01_M.uasset" 1026
"C:/Users/lucas/OneDrive/Documentos/Unreal Projects/TCC_Optimization/TCC/Content/DeepElderCaves/Textures/T_DustFloating_01_M.uexp" 1027
"../../../Engine/Content/Functions/Engine_MaterialFunctions03/Particles/Distance_Blend.uasset" 1028
"../../../Engine/Content/Functions/Engine_MaterialFunctions03/Particles/Distance_Blend.uexp" 1029
"C:/Users/lucas/OneDrive/Documentos/Unreal Projects/TCC_Optimization/TCC/Content/DeepElderCaves/Materials/M_DustFloatingFX.uasset" 1030
"C:/Users/lucas/OneDrive/Documentos/Unreal Projects/TCC_Optimization/TCC/Content/DeepElderCaves/Materials/M_DustFloatingFX.uexp" 1031
"C:/Users/lucas/OneDrive/Documentos/Unreal Projects/TCC_Optimization/TCC/Content/DeepElderCaves/Particles/PS_DustFloating_01.uasset" 1032
"C:/Users/lucas/OneDrive/Documentos/Unreal Projects/TCC_Optimization/TCC/Content/DeepElderCaves/Particles/PS_DustFloating_01.uexp" 1033
"C:/Users/lucas/OneDrive/Documentos/Unreal Projects/TCC_Optimization/TCC/Content/DeepElderCaves/Textures/T_DirtStain_01_D.ubulk" 1034
"C:/Users/lucas/OneDrive/Documentos/Unreal Projects/TCC_Optimization/TCC/Content/DeepElderCaves/Textures/T_DirtStain_01_D.uasset" 1035
"C:/Users/lucas/OneDrive/Documentos/Unreal Projects/TCC_Optimization/TCC/Content/DeepElderCaves/Textures/T_DirtStain_01_D.uexp" 1036
"C:/Users/lucas/OneDrive/Documentos/Unreal Projects/TCC_Optimization/TCC/Content/DeepElderCaves/Materials/M_DirtStain.uasset" 1037
"C:/Users/lucas/OneDrive/Documentos/Unreal Projects/TCC_Optimization/TCC/Content/DeepElderCaves/Materials/M_DirtStain.uexp" 1038
"C:/Users/lucas/OneDrive/Documentos/Unreal Projects/TCC_Optimization/TCC/Content/DeepElderCaves/Materials/MI_WetStain_01.uasset" 1039
"C:/Users/lucas/OneDrive/Documentos/Unreal Projects/TCC_Optimization/TCC/Content/DeepElderCaves/Materials/MI_WetStain_01.uexp" 1040
"C:/Users/lucas/OneDrive/Documentos/Unreal Projects/TCC_Optimization/TCC/Content/DeepElderCaves/Textures/T_Wall_6x6_N.ubulk" 1041
"C:/Users/lucas/OneDrive/Documentos/Unreal Projects/TCC_Optimization/TCC/Content/DeepElderCaves/Textures/T_Wall_6x6_N.uasset" 1042
"C:/Users/lucas/OneDrive/Documentos/Unreal Projects/TCC_Optimization/TCC/Content/DeepElderCaves/Textures/T_Wall_6x6_N.uexp" 1043
"C:/Users/lucas/OneDrive/Documentos/Unreal Projects/TCC_Optimization/TCC/Content/DeepElderCaves/Textures/T_StoneTile_B_ORM.ubulk" 1044
"C:/Users/lucas/OneDrive/Documentos/Unreal Projects/TCC_Optimization/TCC/Content/DeepElderCaves/Textures/T_StoneTile_B_ORM.uasset" 1045
"C:/Users/lucas/OneDrive/Documentos/Unreal Projects/TCC_Optimization/TCC/Content/DeepElderCaves/Textures/T_StoneTile_B_ORM.uexp" 1046
"C:/Users/lucas/OneDrive/Documentos/Unreal Projects/TCC_Optimization/TCC/Content/DeepElderCaves/Textures/T_StoneTile_B_N.ubulk" 1047
"C:/Users/lucas/OneDrive/Documentos/Unreal Projects/TCC_Optimization/TCC/Content/DeepElderCaves/Textures/T_StoneTile_B_N.uasset" 1048
"C:/Users/lucas/OneDrive/Documentos/Unreal Projects/TCC_Optimization/TCC/Content/DeepElderCaves/Textures/T_StoneTile_B_N.uexp" 1049
"C:/Users/lucas/OneDrive/Documentos/Unreal Projects/TCC_Optimization/TCC/Content/DeepElderCaves/Textures/T_StoneTile_B_D.ubulk" 1050
"C:/Users/lucas/OneDrive/Documentos/Unreal Projects/TCC_Optimization/TCC/Content/DeepElderCaves/Textures/T_StoneTile_B_D.uasset" 1051
"C:/Users/lucas/OneDrive/Documentos/Unreal Projects/TCC_Optimization/TCC/Content/DeepElderCaves/Textures/T_StoneTile_B_D.uexp" 1052
"C:/Users/lucas/OneDrive/Documentos/Unreal Projects/TCC_Optimization/TCC/Content/DeepElderCaves/Textures/T_StoneTile_A_ORM.ubulk" 1053
"C:/Users/lucas/OneDrive/Documentos/Unreal Projects/TCC_Optimization/TCC/Content/DeepElderCaves/Textures/T_StoneTile_A_ORM.uasset" 1054
"C:/Users/lucas/OneDrive/Documentos/Unreal Projects/TCC_Optimization/TCC/Content/DeepElderCaves/Textures/T_StoneTile_A_ORM.uexp" 1055
"C:/Users/lucas/OneDrive/Documentos/Unreal Projects/TCC_Optimization/TCC/Content/DeepElderCaves/Textures/T_StoneTile_A_N.ubulk" 1056
"C:/Users/lucas/OneDrive/Documentos/Unreal Projects/TCC_Optimization/TCC/Content/DeepElderCaves/Textures/T_StoneTile_A_N.uasset" 1057
"C:/Users/lucas/OneDrive/Documentos/Unreal Projects/TCC_Optimization/TCC/Content/DeepElderCaves/Textures/T_StoneTile_A_N.uexp" 1058
"C:/Users/lucas/OneDrive/Documentos/Unreal Projects/TCC_Optimization/TCC/Content/DeepElderCaves/Textures/T_StoneTile_A_H.ubulk" 1059
"C:/Users/lucas/OneDrive/Documentos/Unreal Projects/TCC_Optimization/TCC/Content/DeepElderCaves/Textures/T_StoneTile_A_H.uasset" 1060
"C:/Users/lucas/OneDrive/Documentos/Unreal Projects/TCC_Optimization/TCC/Content/DeepElderCaves/Textures/T_StoneTile_A_H.uexp" 1061
"C:/Users/lucas/OneDrive/Documentos/Unreal Projects/TCC_Optimization/TCC/Content/DeepElderCaves/Textures/T_StoneTile_A_D.ubulk" 1062
"C:/Users/lucas/OneDrive/Documentos/Unreal Projects/TCC_Optimization/TCC/Content/DeepElderCaves/Textures/T_StoneTile_A_D.uasset" 1063
"C:/Users/lucas/OneDrive/Documentos/Unreal Projects/TCC_Optimization/TCC/Content/DeepElderCaves/Textures/T_StoneTile_A_D.uexp" 1064
"../../../Engine/Content/Functions/Engine_MaterialFunctions01/Gradient/LinearGradient.uasset" 1065
"../../../Engine/Content/Functions/Engine_MaterialFunctions01/Gradient/LinearGradient.uexp" 1066
"../../../Engine/Content/Functions/Engine_MaterialFunctions01/ImageAdjustment/CheapContrast.uasset" 1067
"../../../Engine/Content/Functions/Engine_MaterialFunctions01/ImageAdjustment/CheapContrast.uexp" 1068
"../../../Engine/Content/Functions/Engine_MaterialFunctions02/Texturing/HeightLerp.uasset" 1069
"../../../Engine/Content/Functions/Engine_MaterialFunctions02/Texturing/HeightLerp.uexp" 1070
"C:/Users/lucas/OneDrive/Documentos/Unreal Projects/TCC_Optimization/TCC/Content/DeepElderCaves/Materials/M_StoneTile_Main_01.uasset" 1071
"C:/Users/lucas/OneDrive/Documentos/Unreal Projects/TCC_Optimization/TCC/Content/DeepElderCaves/Materials/M_StoneTile_Main_01.uexp" 1072
"C:/Users/lucas/OneDrive/Documentos/Unreal Projects/TCC_Optimization/TCC/Content/DeepElderCaves/Materials/MI_Wall_6x6_Scale_02.uasset" 1073
"C:/Users/lucas/OneDrive/Documentos/Unreal Projects/TCC_Optimization/TCC/Content/DeepElderCaves/Materials/MI_Wall_6x6_Scale_02.uexp" 1074
"C:/Users/lucas/OneDrive/Documentos/Unreal Projects/TCC_Optimization/TCC/Content/DeepElderCaves/Materials/MI_Wall_6x6_Scale_01.uasset" 1075
"C:/Users/lucas/OneDrive/Documentos/Unreal Projects/TCC_Optimization/TCC/Content/DeepElderCaves/Materials/MI_Wall_6x6_Scale_01.uexp" 1076
"C:/Users/lucas/OneDrive/Documentos/Unreal Projects/TCC_Optimization/TCC/Content/DeepElderCaves/Materials/MI_Wall_6x6.uasset" 1077
"C:/Users/lucas/OneDrive/Documentos/Unreal Projects/TCC_Optimization/TCC/Content/DeepElderCaves/Materials/MI_Wall_6x6.uexp" 1078
"C:/Users/lucas/OneDrive/Documentos/Unreal Projects/TCC_Optimization/TCC/Content/DeepElderCaves/Textures/T_Wall_4x6_N.ubulk" 1079
"C:/Users/lucas/OneDrive/Documentos/Unreal Projects/TCC_Optimization/TCC/Content/DeepElderCaves/Textures/T_Wall_4x6_N.uasset" 1080
"C:/Users/lucas/OneDrive/Documentos/Unreal Projects/TCC_Optimization/TCC/Content/DeepElderCaves/Textures/T_Wall_4x6_N.uexp" 1081
"C:/Users/lucas/OneDrive/Documentos/Unreal Projects/TCC_Optimization/TCC/Content/DeepElderCaves/Materials/MI_Wall_4x6_Scale_02.uasset" 1082
"C:/Users/lucas/OneDrive/Documentos/Unreal Projects/TCC_Optimization/TCC/Content/DeepElderCaves/Materials/MI_Wall_4x6_Scale_02.uexp" 1083
"C:/Users/lucas/OneDrive/Documentos/Unreal Projects/TCC_Optimization/TCC/Content/DeepElderCaves/Materials/MI_Wall_4x6_Scale_01.uasset" 1084
"C:/Users/lucas/OneDrive/Documentos/Unreal Projects/TCC_Optimization/TCC/Content/DeepElderCaves/Materials/MI_Wall_4x6_Scale_01.uexp" 1085
"C:/Users/lucas/OneDrive/Documentos/Unreal Projects/TCC_Optimization/TCC/Content/DeepElderCaves/Textures/T_Wall_4x3_A_N.ubulk" 1086
"C:/Users/lucas/OneDrive/Documentos/Unreal Projects/TCC_Optimization/TCC/Content/DeepElderCaves/Textures/T_Wall_4x3_A_N.uasset" 1087
"C:/Users/lucas/OneDrive/Documentos/Unreal Projects/TCC_Optimization/TCC/Content/DeepElderCaves/Textures/T_Wall_4x3_A_N.uexp" 1088
"C:/Users/lucas/OneDrive/Documentos/Unreal Projects/TCC_Optimization/TCC/Content/DeepElderCaves/Materials/MI_Wall_4x3_A.uasset" 1089
"C:/Users/lucas/OneDrive/Documentos/Unreal Projects/TCC_Optimization/TCC/Content/DeepElderCaves/Materials/MI_Wall_4x3_A.uexp" 1090
"C:/Users/lucas/OneDrive/Documentos/Unreal Projects/TCC_Optimization/TCC/Content/DeepElderCaves/Textures/T_Wall_2x6_A_N.ubulk" 1091
"C:/Users/lucas/OneDrive/Documentos/Unreal Projects/TCC_Optimization/TCC/Content/DeepElderCaves/Textures/T_Wall_2x6_A_N.uasset" 1092
"C:/Users/lucas/OneDrive/Documentos/Unreal Projects/TCC_Optimization/TCC/Content/DeepElderCaves/Textures/T_Wall_2x6_A_N.uexp" 1093
"C:/Users/lucas/OneDrive/Documentos/Unreal Projects/TCC_Optimization/TCC/Content/DeepElderCaves/Materials/MI_Wall_2x6_A_Scale.uasset" 1094
"C:/Users/lucas/OneDrive/Documentos/Unreal Projects/TCC_Optimization/TCC/Content/DeepElderCaves/Materials/MI_Wall_2x6_A_Scale.uexp" 1095
"C:/Users/lucas/OneDrive/Documentos/Unreal Projects/TCC_Optimization/TCC/Content/DeepElderCaves/Textures/T_WallRock_C_N.ubulk" 1096
"C:/Users/lucas/OneDrive/Documentos/Unreal Projects/TCC_Optimization/TCC/Content/DeepElderCaves/Textures/T_WallRock_C_N.uasset" 1097
"C:/Users/lucas/OneDrive/Documentos/Unreal Projects/TCC_Optimization/TCC/Content/DeepElderCaves/Textures/T_WallRock_C_N.uexp" 1098
"C:/Users/lucas/OneDrive/Documentos/Unreal Projects/TCC_Optimization/TCC/Content/DeepElderCaves/Materials/MI_WallRock_C_Scale_01.uasset" 1099
"C:/Users/lucas/OneDrive/Documentos/Unreal Projects/TCC_Optimization/TCC/Content/DeepElderCaves/Materials/MI_WallRock_C_Scale_01.uexp" 1100
"C:/Users/lucas/OneDrive/Documentos/Unreal Projects/TCC_Optimization/TCC/Content/DeepElderCaves/Textures/T_Pillar_3x6_N.ubulk" 1101
"C:/Users/lucas/OneDrive/Documentos/Unreal Projects/TCC_Optimization/TCC/Content/DeepElderCaves/Textures/T_Pillar_3x6_N.uasset" 1102
"C:/Users/lucas/OneDrive/Documentos/Unreal Projects/TCC_Optimization/TCC/Content/DeepElderCaves/Textures/T_Pillar_3x6_N.uexp" 1103
"C:/Users/lucas/OneDrive/Documentos/Unreal Projects/TCC_Optimization/TCC/Content/DeepElderCaves/Materials/MI_Pillar_3x6_Scale_01.uasset" 1104
"C:/Users/lucas/OneDrive/Documentos/Unreal Projects/TCC_Optimization/TCC/Content/DeepElderCaves/Materials/MI_Pillar_3x6_Scale_01.uexp" 1105
"C:/Users/lucas/OneDrive/Documentos/Unreal Projects/TCC_Optimization/TCC/Content/DeepElderCaves/Textures/T_Pillar_2x6_N.ubulk" 1106
"C:/Users/lucas/OneDrive/Documentos/Unreal Projects/TCC_Optimization/TCC/Content/DeepElderCaves/Textures/T_Pillar_2x6_N.uasset" 1107
"C:/Users/lucas/OneDrive/Documentos/Unreal Projects/TCC_Optimization/TCC/Content/DeepElderCaves/Textures/T_Pillar_2x6_N.uexp" 1108
"C:/Users/lucas/OneDrive/Documentos/Unreal Projects/TCC_Optimization/TCC/Content/DeepElderCaves/Materials/MI_Pillar_2x6_Scale_01.uasset" 1109
"C:/Users/lucas/OneDrive/Documentos/Unreal Projects/TCC_Optimization/TCC/Content/DeepElderCaves/Materials/MI_Pillar_2x6_Scale_01.uexp" 1110
"C:/Users/lucas/OneDrive/Documentos/Unreal Projects/TCC_Optimization/TCC/Content/DeepElderCaves/Materials/MI_Pillar_2x6.uasset" 1111
"C:/Users/lucas/OneDrive/Documentos/Unreal Projects/TCC_Optimization/TCC/Content/DeepElderCaves/Materials/MI_Pillar_2x6.uexp" 1112
"C:/Users/lucas/OneDrive/Documentos/Unreal Projects/TCC_Optimization/TCC/Content/DeepElderCaves/Textures/T_Pillar_2x3_B_N.ubulk" 1113
"C:/Users/lucas/OneDrive/Documentos/Unreal Projects/TCC_Optimization/TCC/Content/DeepElderCaves/Textures/T_Pillar_2x3_B_N.uasset" 1114
"C:/Users/lucas/OneDrive/Documentos/Unreal Projects/TCC_Optimization/TCC/Content/DeepElderCaves/Textures/T_Pillar_2x3_B_N.uexp" 1115
"C:/Users/lucas/OneDrive/Documentos/Unreal Projects/TCC_Optimization/TCC/Content/DeepElderCaves/Materials/MI_Pillar_2x3_B.uasset" 1116
"C:/Users/lucas/OneDrive/Documentos/Unreal Projects/TCC_Optimization/TCC/Content/DeepElderCaves/Materials/MI_Pillar_2x3_B.uexp" 1117
"C:/Users/lucas/OneDrive/Documentos/Unreal Projects/TCC_Optimization/TCC/Content/DeepElderCaves/Textures/T_Pillar_2x3_A_N.ubulk" 1118
"C:/Users/lucas/OneDrive/Documentos/Unreal Projects/TCC_Optimization/TCC/Content/DeepElderCaves/Textures/T_Pillar_2x3_A_N.uasset" 1119
"C:/Users/lucas/OneDrive/Documentos/Unreal Projects/TCC_Optimization/TCC/Content/DeepElderCaves/Textures/T_Pillar_2x3_A_N.uexp" 1120
"C:/Users/lucas/OneDrive/Documentos/Unreal Projects/TCC_Optimization/TCC/Content/DeepElderCaves/Materials/MI_Pillar_2x3_A_Scale_01.uasset" 1121
"C:/Users/lucas/OneDrive/Documentos/Unreal Projects/TCC_Optimization/TCC/Content/DeepElderCaves/Materials/MI_Pillar_2x3_A_Scale_01.uexp" 1122
"C:/Users/lucas/OneDrive/Documentos/Unreal Projects/TCC_Optimization/TCC/Content/DeepElderCaves/Textures/T_Mushroom_E_ORM.ubulk" 1123
"C:/Users/lucas/OneDrive/Documentos/Unreal Projects/TCC_Optimization/TCC/Content/DeepElderCaves/Textures/T_Mushroom_E_ORM.uasset" 1124
"C:/Users/lucas/OneDrive/Documentos/Unreal Projects/TCC_Optimization/TCC/Content/DeepElderCaves/Textures/T_Mushroom_E_ORM.uexp" 1125
"C:/Users/lucas/OneDrive/Documentos/Unreal Projects/TCC_Optimization/TCC/Content/DeepElderCaves/Textures/T_Mushroom_E_N.ubulk" 1126
"C:/Users/lucas/OneDrive/Documentos/Unreal Projects/TCC_Optimization/TCC/Content/DeepElderCaves/Textures/T_Mushroom_E_N.uasset" 1127
"C:/Users/lucas/OneDrive/Documentos/Unreal Projects/TCC_Optimization/TCC/Content/DeepElderCaves/Textures/T_Mushroom_E_N.uexp" 1128
"C:/Users/lucas/OneDrive/Documentos/Unreal Projects/TCC_Optimization/TCC/Content/DeepElderCaves/Textures/T_Mushroom_E_D.ubulk" 1129
"C:/Users/lucas/OneDrive/Documentos/Unreal Projects/TCC_Optimization/TCC/Content/DeepElderCaves/Textures/T_Mushroom_E_D.uasset" 1130
"C:/Users/lucas/OneDrive/Documentos/Unreal Projects/TCC_Optimization/TCC/Content/DeepElderCaves/Textures/T_Mushroom_E_D.uexp" 1131
"C:/Users/lucas/OneDrive/Documentos/Unreal Projects/TCC_Optimization/TCC/Content/DeepElderCaves/Textures/T_Mushroom_A_ORM.ubulk" 1132
"C:/Users/lucas/OneDrive/Documentos/Unreal Projects/TCC_Optimization/TCC/Content/DeepElderCaves/Textures/T_Mushroom_A_ORM.uasset" 1133
"C:/Users/lucas/OneDrive/Documentos/Unreal Projects/TCC_Optimization/TCC/Content/DeepElderCaves/Textures/T_Mushroom_A_ORM.uexp" 1134
"C:/Users/lucas/OneDrive/Documentos/Unreal Projects/TCC_Optimization/TCC/Content/DeepElderCaves/Textures/T_Mushroom_A_N.ubulk" 1135
"C:/Users/lucas/OneDrive/Documentos/Unreal Projects/TCC_Optimization/TCC/Content/DeepElderCaves/Textures/T_Mushroom_A_N.uasset" 1136
"C:/Users/lucas/OneDrive/Documentos/Unreal Projects/TCC_Optimization/TCC/Content/DeepElderCaves/Textures/T_Mushroom_A_N.uexp" 1137
"C:/Users/lucas/OneDrive/Documentos/Unreal Projects/TCC_Optimization/TCC/Content/DeepElderCaves/Textures/T_Mushroom_A_D.ubulk" 1138
"C:/Users/lucas/OneDrive/Documentos/Unreal Projects/TCC_Optimization/TCC/Content/DeepElderCaves/Textures/T_Mushroom_A_D.uasset" 1139
"C:/Users/lucas/OneDrive/Documentos/Unreal Projects/TCC_Optimization/TCC/Content/DeepElderCaves/Textures/T_Mushroom_A_D.uexp" 1140
"C:/Users/lucas/OneDrive/Documentos/Unreal Projects/TCC_Optimization/TCC/Content/DeepElderCaves/Materials/M_Mushroom_SSS_02.uasset" 1141
"C:/Users/lucas/OneDrive/Documentos/Unreal Projects/TCC_Optimization/TCC/Content/DeepElderCaves/Materials/M_Mushroom_SSS_02.uexp" 1142
"C:/Users/lucas/OneDrive/Documentos/Unreal Projects/TCC_Optimization/TCC/Content/DeepElderCaves/Materials/MI_Mushroom_Lit_E.uasset" 1143
"C:/Users/lucas/OneDrive/Documentos/Unreal Projects/TCC_Optimization/TCC/Content/DeepElderCaves/Materials/MI_Mushroom_Lit_E.uexp" 1144
"C:/Users/lucas/OneDrive/Documentos/Unreal Projects/TCC_Optimization/TCC/Content/DeepElderCaves/Textures/T_Mushroom_D_ORM.ubulk" 1145
"C:/Users/lucas/OneDrive/Documentos/Unreal Projects/TCC_Optimization/TCC/Content/DeepElderCaves/Textures/T_Mushroom_D_ORM.uasset" 1146
"C:/Users/lucas/OneDrive/Documentos/Unreal Projects/TCC_Optimization/TCC/Content/DeepElderCaves/Textures/T_Mushroom_D_ORM.uexp" 1147
"C:/Users/lucas/OneDrive/Documentos/Unreal Projects/TCC_Optimization/TCC/Content/DeepElderCaves/Textures/T_Mushroom_D_N.ubulk" 1148
"C:/Users/lucas/OneDrive/Documentos/Unreal Projects/TCC_Optimization/TCC/Content/DeepElderCaves/Textures/T_Mushroom_D_N.uasset" 1149
"C:/Users/lucas/OneDrive/Documentos/Unreal Projects/TCC_Optimization/TCC/Content/DeepElderCaves/Textures/T_Mushroom_D_N.uexp" 1150
"C:/Users/lucas/OneDrive/Documentos/Unreal Projects/TCC_Optimization/TCC/Content/DeepElderCaves/Textures/T_Mushroom_D_D.ubulk" 1151
"C:/Users/lucas/OneDrive/Documentos/Unreal Projects/TCC_Optimization/TCC/Content/DeepElderCaves/Textures/T_Mushroom_D_D.uasset" 1152
"C:/Users/lucas/OneDrive/Documentos/Unreal Projects/TCC_Optimization/TCC/Content/DeepElderCaves/Textures/T_Mushroom_D_D.uexp" 1153
"C:/Users/lucas/OneDrive/Documentos/Unreal Projects/TCC_Optimization/TCC/Content/DeepElderCaves/Materials/MI_Mushroom_Lit_D.uasset" 1154
"C:/Users/lucas/OneDrive/Documentos/Unreal Projects/TCC_Optimization/TCC/Content/DeepElderCaves/Materials/MI_Mushroom_Lit_D.uexp" 1155
"C:/Users/lucas/OneDrive/Documentos/Unreal Projects/TCC_Optimization/TCC/Content/DeepElderCaves/Textures/T_Mushroom_C_ORM.ubulk" 1156
"C:/Users/lucas/OneDrive/Documentos/Unreal Projects/TCC_Optimization/TCC/Content/DeepElderCaves/Textures/T_Mushroom_C_ORM.uasset" 1157
"C:/Users/lucas/OneDrive/Documentos/Unreal Projects/TCC_Optimization/TCC/Content/DeepElderCaves/Textures/T_Mushroom_C_ORM.uexp" 1158
"C:/Users/lucas/OneDrive/Documentos/Unreal Projects/TCC_Optimization/TCC/Content/DeepElderCaves/Textures/T_Mushroom_C_N.ubulk" 1159
"C:/Users/lucas/OneDrive/Documentos/Unreal Projects/TCC_Optimization/TCC/Content/DeepElderCaves/Textures/T_Mushroom_C_N.uasset" 1160
"C:/Users/lucas/OneDrive/Documentos/Unreal Projects/TCC_Optimization/TCC/Content/DeepElderCaves/Textures/T_Mushroom_C_N.uexp" 1161
"C:/Users/lucas/OneDrive/Documentos/Unreal Projects/TCC_Optimization/TCC/Content/DeepElderCaves/Textures/T_Mushroom_C_D.ubulk" 1162
"C:/Users/lucas/OneDrive/Documentos/Unreal Projects/TCC_Optimization/TCC/Content/DeepElderCaves/Textures/T_Mushroom_C_D.uasset" 1163
"C:/Users/lucas/OneDrive/Documentos/Unreal Projects/TCC_Optimization/TCC/Content/DeepElderCaves/Textures/T_Mushroom_C_D.uexp" 1164
"C:/Users/lucas/OneDrive/Documentos/Unreal Projects/TCC_Optimization/TCC/Content/DeepElderCaves/Materials/MI_Mushroom_Lit_C.uasset" 1165
"C:/Users/lucas/OneDrive/Documentos/Unreal Projects/TCC_Optimization/TCC/Content/DeepElderCaves/Materials/MI_Mushroom_Lit_C.uexp" 1166
"C:/Users/lucas/OneDrive/Documentos/Unreal Projects/TCC_Optimization/TCC/Content/DeepElderCaves/Textures/T_MushroomNucleusDecal_B_ORM.ubulk" 1167
"C:/Users/lucas/OneDrive/Documentos/Unreal Projects/TCC_Optimization/TCC/Content/DeepElderCaves/Textures/T_MushroomNucleusDecal_B_ORM.uasset" 1168
"C:/Users/lucas/OneDrive/Documentos/Unreal Projects/TCC_Optimization/TCC/Content/DeepElderCaves/Textures/T_MushroomNucleusDecal_B_ORM.uexp" 1169
"C:/Users/lucas/OneDrive/Documentos/Unreal Projects/TCC_Optimization/TCC/Content/DeepElderCaves/Textures/T_MushroomNucleusDecal_B_N.ubulk" 1170
"C:/Users/lucas/OneDrive/Documentos/Unreal Projects/TCC_Optimization/TCC/Content/DeepElderCaves/Textures/T_MushroomNucleusDecal_B_N.uasset" 1171
"C:/Users/lucas/OneDrive/Documentos/Unreal Projects/TCC_Optimization/TCC/Content/DeepElderCaves/Textures/T_MushroomNucleusDecal_B_N.uexp" 1172
"C:/Users/lucas/OneDrive/Documentos/Unreal Projects/TCC_Optimization/TCC/Content/DeepElderCaves/Textures/T_MushroomNucleusDecal_B_D.ubulk" 1173
"C:/Users/lucas/OneDrive/Documentos/Unreal Projects/TCC_Optimization/TCC/Content/DeepElderCaves/Textures/T_MushroomNucleusDecal_B_D.uasset" 1174
"C:/Users/lucas/OneDrive/Documentos/Unreal Projects/TCC_Optimization/TCC/Content/DeepElderCaves/Textures/T_MushroomNucleusDecal_B_D.uexp" 1175
"C:/Users/lucas/OneDrive/Documentos/Unreal Projects/TCC_Optimization/TCC/Content/DeepElderCaves/Textures/T_MushroomNucleusDecal_A_ORM.ubulk" 1176
"C:/Users/lucas/OneDrive/Documentos/Unreal Projects/TCC_Optimization/TCC/Content/DeepElderCaves/Textures/T_MushroomNucleusDecal_A_ORM.uasset" 1177
"C:/Users/lucas/OneDrive/Documentos/Unreal Projects/TCC_Optimization/TCC/Content/DeepElderCaves/Textures/T_MushroomNucleusDecal_A_ORM.uexp" 1178
"C:/Users/lucas/OneDrive/Documentos/Unreal Projects/TCC_Optimization/TCC/Content/DeepElderCaves/Textures/T_MushroomNucleusDecal_A_N.ubulk" 1179
"C:/Users/lucas/OneDrive/Documentos/Unreal Projects/TCC_Optimization/TCC/Content/DeepElderCaves/Textures/T_MushroomNucleusDecal_A_N.uasset" 1180
"C:/Users/lucas/OneDrive/Documentos/Unreal Projects/TCC_Optimization/TCC/Content/DeepElderCaves/Textures/T_MushroomNucleusDecal_A_N.uexp" 1181
"C:/Users/lucas/OneDrive/Documentos/Unreal Projects/TCC_Optimization/TCC/Content/DeepElderCaves/Textures/T_MushroomNucleusDecal_A_D.ubulk" 1182
"C:/Users/lucas/OneDrive/Documentos/Unreal Projects/TCC_Optimization/TCC/Content/DeepElderCaves/Textures/T_MushroomNucleusDecal_A_D.uasset" 1183
"C:/Users/lucas/OneDrive/Documentos/Unreal Projects/TCC_Optimization/TCC/Content/DeepElderCaves/Textures/T_MushroomNucleusDecal_A_D.uexp" 1184
"C:/Users/lucas/OneDrive/Documentos/Unreal Projects/TCC_Optimization/TCC/Content/DeepElderCaves/Materials/M_MushroomNucleusDecal.uasset" 1185
"C:/Users/lucas/OneDrive/Documentos/Unreal Projects/TCC_Optimization/TCC/Content/DeepElderCaves/Materials/M_MushroomNucleusDecal.uexp" 1186
"C:/Users/lucas/OneDrive/Documentos/Unreal Projects/TCC_Optimization/TCC/Content/DeepElderCaves/Materials/MI_MushroomNucleusDecal_Green_B.uasset" 1187
"C:/Users/lucas/OneDrive/Documentos/Unreal Projects/TCC_Optimization/TCC/Content/DeepElderCaves/Materials/MI_MushroomNucleusDecal_Green_B.uexp" 1188
"C:/Users/lucas/OneDrive/Documentos/Unreal Projects/TCC_Optimization/TCC/Content/DeepElderCaves/Materials/MI_MushroomNucleusDecal_Green_A.uasset" 1189
"C:/Users/lucas/OneDrive/Documentos/Unreal Projects/TCC_Optimization/TCC/Content/DeepElderCaves/Materials/MI_MushroomNucleusDecal_Green_A.uexp" 1190
"C:/Users/lucas/OneDrive/Documentos/Unreal Projects/TCC_Optimization/TCC/Content/DeepElderCaves/Materials/MI_MushroomNucleusDecal_B.uasset" 1191
"C:/Users/lucas/OneDrive/Documentos/Unreal Projects/TCC_Optimization/TCC/Content/DeepElderCaves/Materials/MI_MushroomNucleusDecal_B.uexp" 1192
"C:/Users/lucas/OneDrive/Documentos/Unreal Projects/TCC_Optimization/TCC/Content/DeepElderCaves/Materials/MI_MushroomNucleusDecal_A.uasset" 1193
"C:/Users/lucas/OneDrive/Documentos/Unreal Projects/TCC_Optimization/TCC/Content/DeepElderCaves/Materials/MI_MushroomNucleusDecal_A.uexp" 1194
"C:/Users/lucas/OneDrive/Documentos/Unreal Projects/TCC_Optimization/TCC/Content/DeepElderCaves/Textures/T_DirtStain_04_D.ubulk" 1195
"C:/Users/lucas/OneDrive/Documentos/Unreal Projects/TCC_Optimization/TCC/Content/DeepElderCaves/Textures/T_DirtStain_04_D.uasset" 1196
"C:/Users/lucas/OneDrive/Documentos/Unreal Projects/TCC_Optimization/TCC/Content/DeepElderCaves/Textures/T_DirtStain_04_D.uexp" 1197
"C:/Users/lucas/OneDrive/Documentos/Unreal Projects/TCC_Optimization/TCC/Content/DeepElderCaves/Materials/MI_GreenStain_04.uasset" 1198
"C:/Users/lucas/OneDrive/Documentos/Unreal Projects/TCC_Optimization/TCC/Content/DeepElderCaves/Materials/MI_GreenStain_04.uexp" 1199
"C:/Users/lucas/OneDrive/Documentos/Unreal Projects/TCC_Optimization/TCC/Content/DeepElderCaves/Textures/T_DirtStain_03_D.ubulk" 1200
"C:/Users/lucas/OneDrive/Documentos/Unreal Projects/TCC_Optimization/TCC/Content/DeepElderCaves/Textures/T_DirtStain_03_D.uasset" 1201
"C:/Users/lucas/OneDrive/Documentos/Unreal Projects/TCC_Optimization/TCC/Content/DeepElderCaves/Textures/T_DirtStain_03_D.uexp" 1202
"C:/Users/lucas/OneDrive/Documentos/Unreal Projects/TCC_Optimization/TCC/Content/DeepElderCaves/Materials/MI_GreenStain_03.uasset" 1203
"C:/Users/lucas/OneDrive/Documentos/Unreal Projects/TCC_Optimization/TCC/Content/DeepElderCaves/Materials/MI_GreenStain_03.uexp" 1204
"C:/Users/lucas/OneDrive/Documentos/Unreal Projects/TCC_Optimization/TCC/Content/DeepElderCaves/Materials/MI_GreenStain_01.uasset" 1205
"C:/Users/lucas/OneDrive/Documentos/Unreal Projects/TCC_Optimization/TCC/Content/DeepElderCaves/Materials/MI_GreenStain_01.uexp" 1206
"C:/Users/lucas/OneDrive/Documentos/Unreal Projects/TCC_Optimization/TCC/Content/DeepElderCaves/Textures/T_StoneTile_D_ORM.ubulk" 1207
"C:/Users/lucas/OneDrive/Documentos/Unreal Projects/TCC_Optimization/TCC/Content/DeepElderCaves/Textures/T_StoneTile_D_ORM.uasset" 1208
"C:/Users/lucas/OneDrive/Documentos/Unreal Projects/TCC_Optimization/TCC/Content/DeepElderCaves/Textures/T_StoneTile_D_ORM.uexp" 1209
"C:/Users/lucas/OneDrive/Documentos/Unreal Projects/TCC_Optimization/TCC/Content/DeepElderCaves/Textures/T_StoneTile_D_N.ubulk" 1210
"C:/Users/lucas/OneDrive/Documentos/Unreal Projects/TCC_Optimization/TCC/Content/DeepElderCaves/Textures/T_StoneTile_D_N.uasset" 1211
"C:/Users/lucas/OneDrive/Documentos/Unreal Projects/TCC_Optimization/TCC/Content/DeepElderCaves/Textures/T_StoneTile_D_N.uexp" 1212
"C:/Users/lucas/OneDrive/Documentos/Unreal Projects/TCC_Optimization/TCC/Content/DeepElderCaves/Textures/T_StoneTile_D_D.ubulk" 1213
"C:/Users/lucas/OneDrive/Documentos/Unreal Projects/TCC_Optimization/TCC/Content/DeepElderCaves/Textures/T_StoneTile_D_D.uasset" 1214
"C:/Users/lucas/OneDrive/Documentos/Unreal Projects/TCC_Optimization/TCC/Content/DeepElderCaves/Textures/T_StoneTile_D_D.uexp" 1215
"C:/Users/lucas/OneDrive/Documentos/Unreal Projects/TCC_Optimization/TCC/Content/DeepElderCaves/Textures/T_StoneTile_C_ORM.ubulk" 1216
"C:/Users/lucas/OneDrive/Documentos/Unreal Projects/TCC_Optimization/TCC/Content/DeepElderCaves/Textures/T_StoneTile_C_ORM.uasset" 1217
"C:/Users/lucas/OneDrive/Documentos/Unreal Projects/TCC_Optimization/TCC/Content/DeepElderCaves/Textures/T_StoneTile_C_ORM.uexp" 1218
"C:/Users/lucas/OneDrive/Documentos/Unreal Projects/TCC_Optimization/TCC/Content/DeepElderCaves/Textures/T_StoneTile_C_N.ubulk" 1219
"C:/Users/lucas/OneDrive/Documentos/Unreal Projects/TCC_Optimization/TCC/Content/DeepElderCaves/Textures/T_StoneTile_C_N.uasset" 1220
"C:/Users/lucas/OneDrive/Documentos/Unreal Projects/TCC_Optimization/TCC/Content/DeepElderCaves/Textures/T_StoneTile_C_N.uexp" 1221
"C:/Users/lucas/OneDrive/Documentos/Unreal Projects/TCC_Optimization/TCC/Content/DeepElderCaves/Textures/T_StoneTile_C_H.ubulk" 1222
"C:/Users/lucas/OneDrive/Documentos/Unreal Projects/TCC_Optimization/TCC/Content/DeepElderCaves/Textures/T_StoneTile_C_H.uasset" 1223
"C:/Users/lucas/OneDrive/Documentos/Unreal Projects/TCC_Optimization/TCC/Content/DeepElderCaves/Textures/T_StoneTile_C_H.uexp" 1224
"C:/Users/lucas/OneDrive/Documentos/Unreal Projects/TCC_Optimization/TCC/Content/DeepElderCaves/Textures/T_StoneTile_C_D.ubulk" 1225
"C:/Users/lucas/OneDrive/Documentos/Unreal Projects/TCC_Optimization/TCC/Content/DeepElderCaves/Textures/T_StoneTile_C_D.uasset" 1226
"C:/Users/lucas/OneDrive/Documentos/Unreal Projects/TCC_Optimization/TCC/Content/DeepElderCaves/Textures/T_StoneTile_C_D.uexp" 1227
"C:/Users/lucas/OneDrive/Documentos/Unreal Projects/TCC_Optimization/TCC/Content/DeepElderCaves/Textures/T_Floor_3x6_N.ubulk" 1228
"C:/Users/lucas/OneDrive/Documentos/Unreal Projects/TCC_Optimization/TCC/Content/DeepElderCaves/Textures/T_Floor_3x6_N.uasset" 1229
"C:/Users/lucas/OneDrive/Documentos/Unreal Projects/TCC_Optimization/TCC/Content/DeepElderCaves/Textures/T_Floor_3x6_N.uexp" 1230
"C:/Users/lucas/OneDrive/Documentos/Unreal Projects/TCC_Optimization/TCC/Content/DeepElderCaves/Materials/M_StoneTile_Floor_01.uasset" 1231
"C:/Users/lucas/OneDrive/Documentos/Unreal Projects/TCC_Optimization/TCC/Content/DeepElderCaves/Materials/M_StoneTile_Floor_01.uexp" 1232
"C:/Users/lucas/OneDrive/Documentos/Unreal Projects/TCC_Optimization/TCC/Content/DeepElderCaves/Materials/MI_Floor_3x6.uasset" 1233
"C:/Users/lucas/OneDrive/Documentos/Unreal Projects/TCC_Optimization/TCC/Content/DeepElderCaves/Materials/MI_Floor_3x6.uexp" 1234
"C:/Users/lucas/OneDrive/Documentos/Unreal Projects/TCC_Optimization/TCC/Content/DeepElderCaves/Textures/T_TreasureChest_B_ORM.ubulk" 1235
"C:/Users/lucas/OneDrive/Documentos/Unreal Projects/TCC_Optimization/TCC/Content/DeepElderCaves/Textures/T_TreasureChest_B_ORM.uasset" 1236
"C:/Users/lucas/OneDrive/Documentos/Unreal Projects/TCC_Optimization/TCC/Content/DeepElderCaves/Textures/T_TreasureChest_B_ORM.uexp" 1237
"C:/Users/lucas/OneDrive/Documentos/Unreal Projects/TCC_Optimization/TCC/Content/DeepElderCaves/Textures/T_TreasureChest_B_N.ubulk" 1238
"C:/Users/lucas/OneDrive/Documentos/Unreal Projects/TCC_Optimization/TCC/Content/DeepElderCaves/Textures/T_TreasureChest_B_N.uasset" 1239
"C:/Users/lucas/OneDrive/Documentos/Unreal Projects/TCC_Optimization/TCC/Content/DeepElderCaves/Textures/T_TreasureChest_B_N.uexp" 1240
"C:/Users/lucas/OneDrive/Documentos/Unreal Projects/TCC_Optimization/TCC/Content/DeepElderCaves/Textures/T_TreasureChest_B_D.ubulk" 1241
"C:/Users/lucas/OneDrive/Documentos/Unreal Projects/TCC_Optimization/TCC/Content/DeepElderCaves/Textures/T_TreasureChest_B_D.uasset" 1242
"C:/Users/lucas/OneDrive/Documentos/Unreal Projects/TCC_Optimization/TCC/Content/DeepElderCaves/Textures/T_TreasureChest_B_D.uexp" 1243
"C:/Users/lucas/OneDrive/Documentos/Unreal Projects/TCC_Optimization/TCC/Content/DeepElderCaves/Textures/T_TreasureChest_A_ORM.ubulk" 1244
"C:/Users/lucas/OneDrive/Documentos/Unreal Projects/TCC_Optimization/TCC/Content/DeepElderCaves/Textures/T_TreasureChest_A_ORM.uasset" 1245
"C:/Users/lucas/OneDrive/Documentos/Unreal Projects/TCC_Optimization/TCC/Content/DeepElderCaves/Textures/T_TreasureChest_A_ORM.uexp" 1246
"C:/Users/lucas/OneDrive/Documentos/Unreal Projects/TCC_Optimization/TCC/Content/DeepElderCaves/Textures/T_TreasureChest_A_N.ubulk" 1247
"C:/Users/lucas/OneDrive/Documentos/Unreal Projects/TCC_Optimization/TCC/Content/DeepElderCaves/Textures/T_TreasureChest_A_N.uasset" 1248
"C:/Users/lucas/OneDrive/Documentos/Unreal Projects/TCC_Optimization/TCC/Content/DeepElderCaves/Textures/T_TreasureChest_A_N.uexp" 1249
"C:/Users/lucas/OneDrive/Documentos/Unreal Projects/TCC_Optimization/TCC/Content/DeepElderCaves/Textures/T_TreasureChest_A_D.ubulk" 1250
"C:/Users/lucas/OneDrive/Documentos/Unreal Projects/TCC_Optimization/TCC/Content/DeepElderCaves/Textures/T_TreasureChest_A_D.uasset" 1251
"C:/Users/lucas/OneDrive/Documentos/Unreal Projects/TCC_Optimization/TCC/Content/DeepElderCaves/Textures/T_TreasureChest_A_D.uexp" 1252
"C:/Users/lucas/OneDrive/Documentos/Unreal Projects/TCC_Optimization/TCC/Content/DeepElderCaves/Materials/M_TreasureChest.uasset" 1253
"C:/Users/lucas/OneDrive/Documentos/Unreal Projects/TCC_Optimization/TCC/Content/DeepElderCaves/Materials/M_TreasureChest.uexp" 1254
"C:/Users/lucas/OneDrive/Documentos/Unreal Projects/TCC_Optimization/TCC/Content/DeepElderCaves/Materials/MI_TreasureChest_B.uasset" 1255
"C:/Users/lucas/OneDrive/Documentos/Unreal Projects/TCC_Optimization/TCC/Content/DeepElderCaves/Materials/MI_TreasureChest_B.uexp" 1256
"C:/Users/lucas/OneDrive/Documentos/Unreal Projects/TCC_Optimization/TCC/Content/DeepElderCaves/Meshes/Props/SM_TreasureChest_B_01.ubulk" 1257
"C:/Users/lucas/OneDrive/Documentos/Unreal Projects/TCC_Optimization/TCC/Content/DeepElderCaves/Meshes/Props/SM_TreasureChest_B_01.uasset" 1258
"C:/Users/lucas/OneDrive/Documentos/Unreal Projects/TCC_Optimization/TCC/Content/DeepElderCaves/Meshes/Props/SM_TreasureChest_B_01.uexp" 1259
"C:/Users/lucas/OneDrive/Documentos/Unreal Projects/TCC_Optimization/TCC/Content/DeepElderCaves/Materials/MI_TreasureChest_A.uasset" 1260
"C:/Users/lucas/OneDrive/Documentos/Unreal Projects/TCC_Optimization/TCC/Content/DeepElderCaves/Materials/MI_TreasureChest_A.uexp" 1261
"C:/Users/lucas/OneDrive/Documentos/Unreal Projects/TCC_Optimization/TCC/Content/DeepElderCaves/Meshes/Props/SM_TreasureChest_A_01.ubulk" 1262
"C:/Users/lucas/OneDrive/Documentos/Unreal Projects/TCC_Optimization/TCC/Content/DeepElderCaves/Meshes/Props/SM_TreasureChest_A_01.uasset" 1263
"C:/Users/lucas/OneDrive/Documentos/Unreal Projects/TCC_Optimization/TCC/Content/DeepElderCaves/Meshes/Props/SM_TreasureChest_A_01.uexp" 1264
"C:/Users/lucas/OneDrive/Documentos/Unreal Projects/TCC_Optimization/TCC/Content/DeepElderCaves/Textures/T_Stair_Parts_ORM.ubulk" 1265
"C:/Users/lucas/OneDrive/Documentos/Unreal Projects/TCC_Optimization/TCC/Content/DeepElderCaves/Textures/T_Stair_Parts_ORM.uasset" 1266
"C:/Users/lucas/OneDrive/Documentos/Unreal Projects/TCC_Optimization/TCC/Content/DeepElderCaves/Textures/T_Stair_Parts_ORM.uexp" 1267
"C:/Users/lucas/OneDrive/Documentos/Unreal Projects/TCC_Optimization/TCC/Content/DeepElderCaves/Textures/T_Stair_Parts_N.ubulk" 1268
"C:/Users/lucas/OneDrive/Documentos/Unreal Projects/TCC_Optimization/TCC/Content/DeepElderCaves/Textures/T_Stair_Parts_N.uasset" 1269
"C:/Users/lucas/OneDrive/Documentos/Unreal Projects/TCC_Optimization/TCC/Content/DeepElderCaves/Textures/T_Stair_Parts_N.uexp" 1270
"C:/Users/lucas/OneDrive/Documentos/Unreal Projects/TCC_Optimization/TCC/Content/DeepElderCaves/Textures/T_Stair_Parts_D.ubulk" 1271
"C:/Users/lucas/OneDrive/Documentos/Unreal Projects/TCC_Optimization/TCC/Content/DeepElderCaves/Textures/T_Stair_Parts_D.uasset" 1272
"C:/Users/lucas/OneDrive/Documentos/Unreal Projects/TCC_Optimization/TCC/Content/DeepElderCaves/Textures/T_Stair_Parts_D.uexp" 1273
"C:/Users/lucas/OneDrive/Documentos/Unreal Projects/TCC_Optimization/TCC/Content/DeepElderCaves/Textures/T_Cliff_01_ORM.ubulk" 1274
"C:/Users/lucas/OneDrive/Documentos/Unreal Projects/TCC_Optimization/TCC/Content/DeepElderCaves/Textures/T_Cliff_01_ORM.uasset" 1275
"C:/Users/lucas/OneDrive/Documentos/Unreal Projects/TCC_Optimization/TCC/Content/DeepElderCaves/Textures/T_Cliff_01_ORM.uexp" 1276
"C:/Users/lucas/OneDrive/Documentos/Unreal Projects/TCC_Optimization/TCC/Content/DeepElderCaves/Textures/T_Cliff_01_N.ubulk" 1277
"C:/Users/lucas/OneDrive/Documentos/Unreal Projects/TCC_Optimization/TCC/Content/DeepElderCaves/Textures/T_Cliff_01_N.uasset" 1278
"C:/Users/lucas/OneDrive/Documentos/Unreal Projects/TCC_Optimization/TCC/Content/DeepElderCaves/Textures/T_Cliff_01_N.uexp" 1279
"C:/Users/lucas/OneDrive/Documentos/Unreal Projects/TCC_Optimization/TCC/Content/DeepElderCaves/Textures/T_Cliff_01_D.ubulk" 1280
"C:/Users/lucas/OneDrive/Documentos/Unreal Projects/TCC_Optimization/TCC/Content/DeepElderCaves/Textures/T_Cliff_01_D.uasset" 1281
"C:/Users/lucas/OneDrive/Documentos/Unreal Projects/TCC_Optimization/TCC/Content/DeepElderCaves/Textures/T_Cliff_01_D.uexp" 1282
"C:/Users/lucas/OneDrive/Documentos/Unreal Projects/TCC_Optimization/TCC/Content/DeepElderCaves/Materials/M_Cliffs.uasset" 1283
"C:/Users/lucas/OneDrive/Documentos/Unreal Projects/TCC_Optimization/TCC/Content/DeepElderCaves/Materials/M_Cliffs.uexp" 1284
"C:/Users/lucas/OneDrive/Documentos/Unreal Projects/TCC_Optimization/TCC/Content/DeepElderCaves/Materials/MI_Stairs.uasset" 1285
"C:/Users/lucas/OneDrive/Documentos/Unreal Projects/TCC_Optimization/TCC/Content/DeepElderCaves/Materials/MI_Stairs.uexp" 1286
"C:/Users/lucas/OneDrive/Documentos/Unreal Projects/TCC_Optimization/TCC/Content/DeepElderCaves/Meshes/Props/SM_Stair_Part_10.ubulk" 1287
"C:/Users/lucas/OneDrive/Documentos/Unreal Projects/TCC_Optimization/TCC/Content/DeepElderCaves/Meshes/Props/SM_Stair_Part_10.uasset" 1288
"C:/Users/lucas/OneDrive/Documentos/Unreal Projects/TCC_Optimization/TCC/Content/DeepElderCaves/Meshes/Props/SM_Stair_Part_10.uexp" 1289
"C:/Users/lucas/OneDrive/Documentos/Unreal Projects/TCC_Optimization/TCC/Content/DeepElderCaves/Textures/T_SkeletonRaw_ORM.ubulk" 1290
"C:/Users/lucas/OneDrive/Documentos/Unreal Projects/TCC_Optimization/TCC/Content/DeepElderCaves/Textures/T_SkeletonRaw_ORM.uasset" 1291
"C:/Users/lucas/OneDrive/Documentos/Unreal Projects/TCC_Optimization/TCC/Content/DeepElderCaves/Textures/T_SkeletonRaw_ORM.uexp" 1292
"C:/Users/lucas/OneDrive/Documentos/Unreal Projects/TCC_Optimization/TCC/Content/DeepElderCaves/Textures/T_SkeletonRaw_N.ubulk" 1293
"C:/Users/lucas/OneDrive/Documentos/Unreal Projects/TCC_Optimization/TCC/Content/DeepElderCaves/Textures/T_SkeletonRaw_N.uasset" 1294
"C:/Users/lucas/OneDrive/Documentos/Unreal Projects/TCC_Optimization/TCC/Content/DeepElderCaves/Textures/T_SkeletonRaw_N.uexp" 1295
"C:/Users/lucas/OneDrive/Documentos/Unreal Projects/TCC_Optimization/TCC/Content/DeepElderCaves/Textures/T_SkeletonRaw_D.ubulk" 1296
"C:/Users/lucas/OneDrive/Documentos/Unreal Projects/TCC_Optimization/TCC/Content/DeepElderCaves/Textures/T_SkeletonRaw_D.uasset" 1297
"C:/Users/lucas/OneDrive/Documentos/Unreal Projects/TCC_Optimization/TCC/Content/DeepElderCaves/Textures/T_SkeletonRaw_D.uexp" 1298
"C:/Users/lucas/OneDrive/Documentos/Unreal Projects/TCC_Optimization/TCC/Content/DeepElderCaves/Materials/M_SkeletonRaw_01.uasset" 1299
"C:/Users/lucas/OneDrive/Documentos/Unreal Projects/TCC_Optimization/TCC/Content/DeepElderCaves/Materials/M_SkeletonRaw_01.uexp" 1300
"C:/Users/lucas/OneDrive/Documentos/Unreal Projects/TCC_Optimization/TCC/Content/DeepElderCaves/Meshes/Props/SM_Skeleton_Skull_04.ubulk" 1301
"C:/Users/lucas/OneDrive/Documentos/Unreal Projects/TCC_Optimization/TCC/Content/DeepElderCaves/Meshes/Props/SM_Skeleton_Skull_04.uasset" 1302
"C:/Users/lucas/OneDrive/Documentos/Unreal Projects/TCC_Optimization/TCC/Content/DeepElderCaves/Meshes/Props/SM_Skeleton_Skull_04.uexp" 1303
"C:/Users/lucas/OneDrive/Documentos/Unreal Projects/TCC_Optimization/TCC/Content/DeepElderCaves/Meshes/Props/SM_Skeleton_Skull_03.ubulk" 1304
"C:/Users/lucas/OneDrive/Documentos/Unreal Projects/TCC_Optimization/TCC/Content/DeepElderCaves/Meshes/Props/SM_Skeleton_Skull_03.uasset" 1305
"C:/Users/lucas/OneDrive/Documentos/Unreal Projects/TCC_Optimization/TCC/Content/DeepElderCaves/Meshes/Props/SM_Skeleton_Skull_03.uexp" 1306
"C:/Users/lucas/OneDrive/Documentos/Unreal Projects/TCC_Optimization/TCC/Content/DeepElderCaves/Meshes/Props/SM_Skeleton_Skull_02.ubulk" 1307
"C:/Users/lucas/OneDrive/Documentos/Unreal Projects/TCC_Optimization/TCC/Content/DeepElderCaves/Meshes/Props/SM_Skeleton_Skull_02.uasset" 1308
"C:/Users/lucas/OneDrive/Documentos/Unreal Projects/TCC_Optimization/TCC/Content/DeepElderCaves/Meshes/Props/SM_Skeleton_Skull_02.uexp" 1309
"C:/Users/lucas/OneDrive/Documentos/Unreal Projects/TCC_Optimization/TCC/Content/DeepElderCaves/Meshes/Props/SM_Skeleton_Skull_01.ubulk" 1310
"C:/Users/lucas/OneDrive/Documentos/Unreal Projects/TCC_Optimization/TCC/Content/DeepElderCaves/Meshes/Props/SM_Skeleton_Skull_01.uasset" 1311
"C:/Users/lucas/OneDrive/Documentos/Unreal Projects/TCC_Optimization/TCC/Content/DeepElderCaves/Meshes/Props/SM_Skeleton_Skull_01.uexp" 1312
"C:/Users/lucas/OneDrive/Documentos/Unreal Projects/TCC_Optimization/TCC/Content/DeepElderCaves/Meshes/Props/SM_Skeleton_Pose_04.ubulk" 1313
"C:/Users/lucas/OneDrive/Documentos/Unreal Projects/TCC_Optimization/TCC/Content/DeepElderCaves/Meshes/Props/SM_Skeleton_Pose_04.uasset" 1314
"C:/Users/lucas/OneDrive/Documentos/Unreal Projects/TCC_Optimization/TCC/Content/DeepElderCaves/Meshes/Props/SM_Skeleton_Pose_04.uexp" 1315
"C:/Users/lucas/OneDrive/Documentos/Unreal Projects/TCC_Optimization/TCC/Content/DeepElderCaves/Meshes/Props/SM_Skeleton_Pose_03.ubulk" 1316
"C:/Users/lucas/OneDrive/Documentos/Unreal Projects/TCC_Optimization/TCC/Content/DeepElderCaves/Meshes/Props/SM_Skeleton_Pose_03.uasset" 1317
"C:/Users/lucas/OneDrive/Documentos/Unreal Projects/TCC_Optimization/TCC/Content/DeepElderCaves/Meshes/Props/SM_Skeleton_Pose_03.uexp" 1318
"C:/Users/lucas/OneDrive/Documentos/Unreal Projects/TCC_Optimization/TCC/Content/DeepElderCaves/Meshes/Props/SM_Skeleton_Pose_02.ubulk" 1319
"C:/Users/lucas/OneDrive/Documentos/Unreal Projects/TCC_Optimization/TCC/Content/DeepElderCaves/Meshes/Props/SM_Skeleton_Pose_02.uasset" 1320
"C:/Users/lucas/OneDrive/Documentos/Unreal Projects/TCC_Optimization/TCC/Content/DeepElderCaves/Meshes/Props/SM_Skeleton_Pose_02.uexp" 1321
"C:/Users/lucas/OneDrive/Documentos/Unreal Projects/TCC_Optimization/TCC/Content/DeepElderCaves/Meshes/Props/SM_Skeleton_Pose_01.ubulk" 1322
"C:/Users/lucas/OneDrive/Documentos/Unreal Projects/TCC_Optimization/TCC/Content/DeepElderCaves/Meshes/Props/SM_Skeleton_Pose_01.uasset" 1323
"C:/Users/lucas/OneDrive/Documentos/Unreal Projects/TCC_Optimization/TCC/Content/DeepElderCaves/Meshes/Props/SM_Skeleton_Pose_01.uexp" 1324
"C:/Users/lucas/OneDrive/Documentos/Unreal Projects/TCC_Optimization/TCC/Content/DeepElderCaves/Meshes/Props/SM_Skeleton_Pile_08.ubulk" 1325
"C:/Users/lucas/OneDrive/Documentos/Unreal Projects/TCC_Optimization/TCC/Content/DeepElderCaves/Meshes/Props/SM_Skeleton_Pile_08.uasset" 1326
"C:/Users/lucas/OneDrive/Documentos/Unreal Projects/TCC_Optimization/TCC/Content/DeepElderCaves/Meshes/Props/SM_Skeleton_Pile_08.uexp" 1327
"C:/Users/lucas/OneDrive/Documentos/Unreal Projects/TCC_Optimization/TCC/Content/DeepElderCaves/Meshes/Props/SM_Skeleton_Pile_07.ubulk" 1328
"C:/Users/lucas/OneDrive/Documentos/Unreal Projects/TCC_Optimization/TCC/Content/DeepElderCaves/Meshes/Props/SM_Skeleton_Pile_07.uasset" 1329
"C:/Users/lucas/OneDrive/Documentos/Unreal Projects/TCC_Optimization/TCC/Content/DeepElderCaves/Meshes/Props/SM_Skeleton_Pile_07.uexp" 1330
"C:/Users/lucas/OneDrive/Documentos/Unreal Projects/TCC_Optimization/TCC/Content/DeepElderCaves/Meshes/Props/SM_Skeleton_Pile_06.ubulk" 1331
"C:/Users/lucas/OneDrive/Documentos/Unreal Projects/TCC_Optimization/TCC/Content/DeepElderCaves/Meshes/Props/SM_Skeleton_Pile_06.uasset" 1332
"C:/Users/lucas/OneDrive/Documentos/Unreal Projects/TCC_Optimization/TCC/Content/DeepElderCaves/Meshes/Props/SM_Skeleton_Pile_06.uexp" 1333
"C:/Users/lucas/OneDrive/Documentos/Unreal Projects/TCC_Optimization/TCC/Content/DeepElderCaves/Meshes/Props/SM_Skeleton_Pile_05.ubulk" 1334
"C:/Users/lucas/OneDrive/Documentos/Unreal Projects/TCC_Optimization/TCC/Content/DeepElderCaves/Meshes/Props/SM_Skeleton_Pile_05.uasset" 1335
"C:/Users/lucas/OneDrive/Documentos/Unreal Projects/TCC_Optimization/TCC/Content/DeepElderCaves/Meshes/Props/SM_Skeleton_Pile_05.uexp" 1336
"C:/Users/lucas/OneDrive/Documentos/Unreal Projects/TCC_Optimization/TCC/Content/DeepElderCaves/Meshes/Props/SM_Skeleton_Pile_04.ubulk" 1337
"C:/Users/lucas/OneDrive/Documentos/Unreal Projects/TCC_Optimization/TCC/Content/DeepElderCaves/Meshes/Props/SM_Skeleton_Pile_04.uasset" 1338
"C:/Users/lucas/OneDrive/Documentos/Unreal Projects/TCC_Optimization/TCC/Content/DeepElderCaves/Meshes/Props/SM_Skeleton_Pile_04.uexp" 1339
"C:/Users/lucas/OneDrive/Documentos/Unreal Projects/TCC_Optimization/TCC/Content/DeepElderCaves/Meshes/Props/SM_Skeleton_Pile_03.ubulk" 1340
"C:/Users/lucas/OneDrive/Documentos/Unreal Projects/TCC_Optimization/TCC/Content/DeepElderCaves/Meshes/Props/SM_Skeleton_Pile_03.uasset" 1341
"C:/Users/lucas/OneDrive/Documentos/Unreal Projects/TCC_Optimization/TCC/Content/DeepElderCaves/Meshes/Props/SM_Skeleton_Pile_03.uexp" 1342
"C:/Users/lucas/OneDrive/Documentos/Unreal Projects/TCC_Optimization/TCC/Content/DeepElderCaves/Meshes/Props/SM_Skeleton_Pile_02.ubulk" 1343
"C:/Users/lucas/OneDrive/Documentos/Unreal Projects/TCC_Optimization/TCC/Content/DeepElderCaves/Meshes/Props/SM_Skeleton_Pile_02.uasset" 1344
"C:/Users/lucas/OneDrive/Documentos/Unreal Projects/TCC_Optimization/TCC/Content/DeepElderCaves/Meshes/Props/SM_Skeleton_Pile_02.uexp" 1345
"C:/Users/lucas/OneDrive/Documentos/Unreal Projects/TCC_Optimization/TCC/Content/DeepElderCaves/Meshes/Props/SM_Skeleton_Pile_01.ubulk" 1346
"C:/Users/lucas/OneDrive/Documentos/Unreal Projects/TCC_Optimization/TCC/Content/DeepElderCaves/Meshes/Props/SM_Skeleton_Pile_01.uasset" 1347
"C:/Users/lucas/OneDrive/Documentos/Unreal Projects/TCC_Optimization/TCC/Content/DeepElderCaves/Meshes/Props/SM_Skeleton_Pile_01.uexp" 1348
"C:/Users/lucas/OneDrive/Documentos/Unreal Projects/TCC_Optimization/TCC/Content/DeepElderCaves/Textures/T_ShrubAlpha_ORM.ubulk" 1349
"C:/Users/lucas/OneDrive/Documentos/Unreal Projects/TCC_Optimization/TCC/Content/DeepElderCaves/Textures/T_ShrubAlpha_ORM.uasset" 1350
"C:/Users/lucas/OneDrive/Documentos/Unreal Projects/TCC_Optimization/TCC/Content/DeepElderCaves/Textures/T_ShrubAlpha_ORM.uexp" 1351
"C:/Users/lucas/OneDrive/Documentos/Unreal Projects/TCC_Optimization/TCC/Content/DeepElderCaves/Textures/T_ShrubAlpha_N.ubulk" 1352
"C:/Users/lucas/OneDrive/Documentos/Unreal Projects/TCC_Optimization/TCC/Content/DeepElderCaves/Textures/T_ShrubAlpha_N.uasset" 1353
"C:/Users/lucas/OneDrive/Documentos/Unreal Projects/TCC_Optimization/TCC/Content/DeepElderCaves/Textures/T_ShrubAlpha_N.uexp" 1354
"C:/Users/lucas/OneDrive/Documentos/Unreal Projects/TCC_Optimization/TCC/Content/DeepElderCaves/Textures/T_ShrubAlpha_D.ubulk" 1355
"C:/Users/lucas/OneDrive/Documentos/Unreal Projects/TCC_Optimization/TCC/Content/DeepElderCaves/Textures/T_ShrubAlpha_D.uasset" 1356
"C:/Users/lucas/OneDrive/Documentos/Unreal Projects/TCC_Optimization/TCC/Content/DeepElderCaves/Textures/T_ShrubAlpha_D.uexp" 1357
"C:/Users/lucas/OneDrive/Documentos/Unreal Projects/TCC_Optimization/TCC/Content/DeepElderCaves/Textures/T_RootsAlpha_ORM.ubulk" 1358
"C:/Users/lucas/OneDrive/Documentos/Unreal Projects/TCC_Optimization/TCC/Content/DeepElderCaves/Textures/T_RootsAlpha_ORM.uasset" 1359
"C:/Users/lucas/OneDrive/Documentos/Unreal Projects/TCC_Optimization/TCC/Content/DeepElderCaves/Textures/T_RootsAlpha_ORM.uexp" 1360
"C:/Users/lucas/OneDrive/Documentos/Unreal Projects/TCC_Optimization/TCC/Content/DeepElderCaves/Textures/T_RootsAlpha_N.ubulk" 1361
"C:/Users/lucas/OneDrive/Documentos/Unreal Projects/TCC_Optimization/TCC/Content/DeepElderCaves/Textures/T_RootsAlpha_N.uasset" 1362
"C:/Users/lucas/OneDrive/Documentos/Unreal Projects/TCC_Optimization/TCC/Content/DeepElderCaves/Textures/T_RootsAlpha_N.uexp" 1363
"C:/Users/lucas/OneDrive/Documentos/Unreal Projects/TCC_Optimization/TCC/Content/DeepElderCaves/Textures/T_RootsAlpha_D.ubulk" 1364
"C:/Users/lucas/OneDrive/Documentos/Unreal Projects/TCC_Optimization/TCC/Content/DeepElderCaves/Textures/T_RootsAlpha_D.uasset" 1365
"C:/Users/lucas/OneDrive/Documentos/Unreal Projects/TCC_Optimization/TCC/Content/DeepElderCaves/Textures/T_RootsAlpha_D.uexp" 1366
"C:/Users/lucas/OneDrive/Documentos/Unreal Projects/TCC_Optimization/TCC/Content/DeepElderCaves/Materials/M_RootAlpha.uasset" 1367
"C:/Users/lucas/OneDrive/Documentos/Unreal Projects/TCC_Optimization/TCC/Content/DeepElderCaves/Materials/M_RootAlpha.uexp" 1368
"C:/Users/lucas/OneDrive/Documentos/Unreal Projects/TCC_Optimization/TCC/Content/DeepElderCaves/Materials/MI_Shrub.uasset" 1369
"C:/Users/lucas/OneDrive/Documentos/Unreal Projects/TCC_Optimization/TCC/Content/DeepElderCaves/Materials/MI_Shrub.uexp" 1370
"C:/Users/lucas/OneDrive/Documentos/Unreal Projects/TCC_Optimization/TCC/Content/DeepElderCaves/Meshes/Props/SM_Shrub_N.ubulk" 1371
"C:/Users/lucas/OneDrive/Documentos/Unreal Projects/TCC_Optimization/TCC/Content/DeepElderCaves/Meshes/Props/SM_Shrub_N.uasset" 1372
"C:/Users/lucas/OneDrive/Documentos/Unreal Projects/TCC_Optimization/TCC/Content/DeepElderCaves/Meshes/Props/SM_Shrub_N.uexp" 1373
"C:/Users/lucas/OneDrive/Documentos/Unreal Projects/TCC_Optimization/TCC/Content/DeepElderCaves/Meshes/Props/SM_Shrub_M.ubulk" 1374
"C:/Users/lucas/OneDrive/Documentos/Unreal Projects/TCC_Optimization/TCC/Content/DeepElderCaves/Meshes/Props/SM_Shrub_M.uasset" 1375
"C:/Users/lucas/OneDrive/Documentos/Unreal Projects/TCC_Optimization/TCC/Content/DeepElderCaves/Meshes/Props/SM_Shrub_M.uexp" 1376
"C:/Users/lucas/OneDrive/Documentos/Unreal Projects/TCC_Optimization/TCC/Content/DeepElderCaves/Meshes/Props/SM_Shrub_L.ubulk" 1377
"C:/Users/lucas/OneDrive/Documentos/Unreal Projects/TCC_Optimization/TCC/Content/DeepElderCaves/Meshes/Props/SM_Shrub_L.uasset" 1378
"C:/Users/lucas/OneDrive/Documentos/Unreal Projects/TCC_Optimization/TCC/Content/DeepElderCaves/Meshes/Props/SM_Shrub_L.uexp" 1379
"C:/Users/lucas/OneDrive/Documentos/Unreal Projects/TCC_Optimization/TCC/Content/DeepElderCaves/Meshes/Props/SM_Shrub_K.ubulk" 1380
"C:/Users/lucas/OneDrive/Documentos/Unreal Projects/TCC_Optimization/TCC/Content/DeepElderCaves/Meshes/Props/SM_Shrub_K.uasset" 1381
"C:/Users/lucas/OneDrive/Documentos/Unreal Projects/TCC_Optimization/TCC/Content/DeepElderCaves/Meshes/Props/SM_Shrub_K.uexp" 1382
"C:/Users/lucas/OneDrive/Documentos/Unreal Projects/TCC_Optimization/TCC/Content/DeepElderCaves/Meshes/Props/SM_Shrub_J.ubulk" 1383
"C:/Users/lucas/OneDrive/Documentos/Unreal Projects/TCC_Optimization/TCC/Content/DeepElderCaves/Meshes/Props/SM_Shrub_J.uasset" 1384
"C:/Users/lucas/OneDrive/Documentos/Unreal Projects/TCC_Optimization/TCC/Content/DeepElderCaves/Meshes/Props/SM_Shrub_J.uexp" 1385
"C:/Users/lucas/OneDrive/Documentos/Unreal Projects/TCC_Optimization/TCC/Content/DeepElderCaves/Meshes/Props/SM_Shrub_I.ubulk" 1386
"C:/Users/lucas/OneDrive/Documentos/Unreal Projects/TCC_Optimization/TCC/Content/DeepElderCaves/Meshes/Props/SM_Shrub_I.uasset" 1387
"C:/Users/lucas/OneDrive/Documentos/Unreal Projects/TCC_Optimization/TCC/Content/DeepElderCaves/Meshes/Props/SM_Shrub_I.uexp" 1388
"C:/Users/lucas/OneDrive/Documentos/Unreal Projects/TCC_Optimization/TCC/Content/DeepElderCaves/Meshes/Props/SM_Shrub_H.ubulk" 1389
"C:/Users/lucas/OneDrive/Documentos/Unreal Projects/TCC_Optimization/TCC/Content/DeepElderCaves/Meshes/Props/SM_Shrub_H.uasset" 1390
"C:/Users/lucas/OneDrive/Documentos/Unreal Projects/TCC_Optimization/TCC/Content/DeepElderCaves/Meshes/Props/SM_Shrub_H.uexp" 1391
"C:/Users/lucas/OneDrive/Documentos/Unreal Projects/TCC_Optimization/TCC/Content/DeepElderCaves/Meshes/Props/SM_Shrub_G.ubulk" 1392
"C:/Users/lucas/OneDrive/Documentos/Unreal Projects/TCC_Optimization/TCC/Content/DeepElderCaves/Meshes/Props/SM_Shrub_G.uasset" 1393
"C:/Users/lucas/OneDrive/Documentos/Unreal Projects/TCC_Optimization/TCC/Content/DeepElderCaves/Meshes/Props/SM_Shrub_G.uexp" 1394
"C:/Users/lucas/OneDrive/Documentos/Unreal Projects/TCC_Optimization/TCC/Content/DeepElderCaves/Meshes/Props/SM_Shrub_F.ubulk" 1395
"C:/Users/lucas/OneDrive/Documentos/Unreal Projects/TCC_Optimization/TCC/Content/DeepElderCaves/Meshes/Props/SM_Shrub_F.uasset" 1396
"C:/Users/lucas/OneDrive/Documentos/Unreal Projects/TCC_Optimization/TCC/Content/DeepElderCaves/Meshes/Props/SM_Shrub_F.uexp" 1397
"C:/Users/lucas/OneDrive/Documentos/Unreal Projects/TCC_Optimization/TCC/Content/DeepElderCaves/Meshes/Props/SM_Shrub_E.ubulk" 1398
"C:/Users/lucas/OneDrive/Documentos/Unreal Projects/TCC_Optimization/TCC/Content/DeepElderCaves/Meshes/Props/SM_Shrub_E.uasset" 1399
"C:/Users/lucas/OneDrive/Documentos/Unreal Projects/TCC_Optimization/TCC/Content/DeepElderCaves/Meshes/Props/SM_Shrub_E.uexp" 1400
"C:/Users/lucas/OneDrive/Documentos/Unreal Projects/TCC_Optimization/TCC/Content/DeepElderCaves/Meshes/Props/SM_Shrub_D.ubulk" 1401
"C:/Users/lucas/OneDrive/Documentos/Unreal Projects/TCC_Optimization/TCC/Content/DeepElderCaves/Meshes/Props/SM_Shrub_D.uasset" 1402
"C:/Users/lucas/OneDrive/Documentos/Unreal Projects/TCC_Optimization/TCC/Content/DeepElderCaves/Meshes/Props/SM_Shrub_D.uexp" 1403
"C:/Users/lucas/OneDrive/Documentos/Unreal Projects/TCC_Optimization/TCC/Content/DeepElderCaves/Meshes/Props/SM_Shrub_C.ubulk" 1404
"C:/Users/lucas/OneDrive/Documentos/Unreal Projects/TCC_Optimization/TCC/Content/DeepElderCaves/Meshes/Props/SM_Shrub_C.uasset" 1405
"C:/Users/lucas/OneDrive/Documentos/Unreal Projects/TCC_Optimization/TCC/Content/DeepElderCaves/Meshes/Props/SM_Shrub_C.uexp" 1406
"C:/Users/lucas/OneDrive/Documentos/Unreal Projects/TCC_Optimization/TCC/Content/DeepElderCaves/Meshes/Props/SM_Shrub_B.ubulk" 1407
"C:/Users/lucas/OneDrive/Documentos/Unreal Projects/TCC_Optimization/TCC/Content/DeepElderCaves/Meshes/Props/SM_Shrub_B.uasset" 1408
"C:/Users/lucas/OneDrive/Documentos/Unreal Projects/TCC_Optimization/TCC/Content/DeepElderCaves/Meshes/Props/SM_Shrub_B.uexp" 1409
"C:/Users/lucas/OneDrive/Documentos/Unreal Projects/TCC_Optimization/TCC/Content/DeepElderCaves/Meshes/Props/SM_Shrub_A.ubulk" 1410
"C:/Users/lucas/OneDrive/Documentos/Unreal Projects/TCC_Optimization/TCC/Content/DeepElderCaves/Meshes/Props/SM_Shrub_A.uasset" 1411
"C:/Users/lucas/OneDrive/Documentos/Unreal Projects/TCC_Optimization/TCC/Content/DeepElderCaves/Meshes/Props/SM_Shrub_A.uexp" 1412
"C:/Users/lucas/OneDrive/Documentos/Unreal Projects/TCC_Optimization/TCC/Content/DeepElderCaves/Textures/T_RootsMesh_ORM.ubulk" 1413
"C:/Users/lucas/OneDrive/Documentos/Unreal Projects/TCC_Optimization/TCC/Content/DeepElderCaves/Textures/T_RootsMesh_ORM.uasset" 1414
"C:/Users/lucas/OneDrive/Documentos/Unreal Projects/TCC_Optimization/TCC/Content/DeepElderCaves/Textures/T_RootsMesh_ORM.uexp" 1415
"C:/Users/lucas/OneDrive/Documentos/Unreal Projects/TCC_Optimization/TCC/Content/DeepElderCaves/Textures/T_RootsMesh_N.ubulk" 1416
"C:/Users/lucas/OneDrive/Documentos/Unreal Projects/TCC_Optimization/TCC/Content/DeepElderCaves/Textures/T_RootsMesh_N.uasset" 1417
"C:/Users/lucas/OneDrive/Documentos/Unreal Projects/TCC_Optimization/TCC/Content/DeepElderCaves/Textures/T_RootsMesh_N.uexp" 1418
"C:/Users/lucas/OneDrive/Documentos/Unreal Projects/TCC_Optimization/TCC/Content/DeepElderCaves/Textures/T_RootsMesh_D.ubulk" 1419
"C:/Users/lucas/OneDrive/Documentos/Unreal Projects/TCC_Optimization/TCC/Content/DeepElderCaves/Textures/T_RootsMesh_D.uasset" 1420
"C:/Users/lucas/OneDrive/Documentos/Unreal Projects/TCC_Optimization/TCC/Content/DeepElderCaves/Textures/T_RootsMesh_D.uexp" 1421
"C:/Users/lucas/OneDrive/Documentos/Unreal Projects/TCC_Optimization/TCC/Content/DeepElderCaves/Materials/M_Roots_Anim.uasset" 1422
"C:/Users/lucas/OneDrive/Documentos/Unreal Projects/TCC_Optimization/TCC/Content/DeepElderCaves/Materials/M_Roots_Anim.uexp" 1423
"C:/Users/lucas/OneDrive/Documentos/Unreal Projects/TCC_Optimization/TCC/Content/DeepElderCaves/Materials/MI_Roots.uasset" 1424
"C:/Users/lucas/OneDrive/Documentos/Unreal Projects/TCC_Optimization/TCC/Content/DeepElderCaves/Materials/MI_Roots.uexp" 1425
"C:/Users/lucas/OneDrive/Documentos/Unreal Projects/TCC_Optimization/TCC/Content/DeepElderCaves/Meshes/Props/SM_Root_08.ubulk" 1426
"C:/Users/lucas/OneDrive/Documentos/Unreal Projects/TCC_Optimization/TCC/Content/DeepElderCaves/Meshes/Props/SM_Root_08.uasset" 1427
"C:/Users/lucas/OneDrive/Documentos/Unreal Projects/TCC_Optimization/TCC/Content/DeepElderCaves/Meshes/Props/SM_Root_08.uexp" 1428
"C:/Users/lucas/OneDrive/Documentos/Unreal Projects/TCC_Optimization/TCC/Content/DeepElderCaves/Meshes/Props/SM_Root_07.ubulk" 1429
"C:/Users/lucas/OneDrive/Documentos/Unreal Projects/TCC_Optimization/TCC/Content/DeepElderCaves/Meshes/Props/SM_Root_07.uasset" 1430
"C:/Users/lucas/OneDrive/Documentos/Unreal Projects/TCC_Optimization/TCC/Content/DeepElderCaves/Meshes/Props/SM_Root_07.uexp" 1431
"C:/Users/lucas/OneDrive/Documentos/Unreal Projects/TCC_Optimization/TCC/Content/DeepElderCaves/Meshes/Props/SM_Root_06.ubulk" 1432
"C:/Users/lucas/OneDrive/Documentos/Unreal Projects/TCC_Optimization/TCC/Content/DeepElderCaves/Meshes/Props/SM_Root_06.uasset" 1433
"C:/Users/lucas/OneDrive/Documentos/Unreal Projects/TCC_Optimization/TCC/Content/DeepElderCaves/Meshes/Props/SM_Root_06.uexp" 1434
"C:/Users/lucas/OneDrive/Documentos/Unreal Projects/TCC_Optimization/TCC/Content/DeepElderCaves/Meshes/Props/SM_Root_05.ubulk" 1435
"C:/Users/lucas/OneDrive/Documentos/Unreal Projects/TCC_Optimization/TCC/Content/DeepElderCaves/Meshes/Props/SM_Root_05.uasset" 1436
"C:/Users/lucas/OneDrive/Documentos/Unreal Projects/TCC_Optimization/TCC/Content/DeepElderCaves/Meshes/Props/SM_Root_05.uexp" 1437
"C:/Users/lucas/OneDrive/Documentos/Unreal Projects/TCC_Optimization/TCC/Content/DeepElderCaves/Meshes/Props/SM_Root_04.ubulk" 1438
"C:/Users/lucas/OneDrive/Documentos/Unreal Projects/TCC_Optimization/TCC/Content/DeepElderCaves/Meshes/Props/SM_Root_04.uasset" 1439
"C:/Users/lucas/OneDrive/Documentos/Unreal Projects/TCC_Optimization/TCC/Content/DeepElderCaves/Meshes/Props/SM_Root_04.uexp" 1440
"C:/Users/lucas/OneDrive/Documentos/Unreal Projects/TCC_Optimization/TCC/Content/DeepElderCaves/Meshes/Props/SM_Root_03.ubulk" 1441
"C:/Users/lucas/OneDrive/Documentos/Unreal Projects/TCC_Optimization/TCC/Content/DeepElderCaves/Meshes/Props/SM_Root_03.uasset" 1442
"C:/Users/lucas/OneDrive/Documentos/Unreal Projects/TCC_Optimization/TCC/Content/DeepElderCaves/Meshes/Props/SM_Root_03.uexp" 1443
"C:/Users/lucas/OneDrive/Documentos/Unreal Projects/TCC_Optimization/TCC/Content/DeepElderCaves/Meshes/Props/SM_Root_02.ubulk" 1444
"C:/Users/lucas/OneDrive/Documentos/Unreal Projects/TCC_Optimization/TCC/Content/DeepElderCaves/Meshes/Props/SM_Root_02.uasset" 1445
"C:/Users/lucas/OneDrive/Documentos/Unreal Projects/TCC_Optimization/TCC/Content/DeepElderCaves/Meshes/Props/SM_Root_02.uexp" 1446
"C:/Users/lucas/OneDrive/Documentos/Unreal Projects/TCC_Optimization/TCC/Content/DeepElderCaves/Meshes/Props/SM_Root_01.ubulk" 1447
"C:/Users/lucas/OneDrive/Documentos/Unreal Projects/TCC_Optimization/TCC/Content/DeepElderCaves/Meshes/Props/SM_Root_01.uasset" 1448
"C:/Users/lucas/OneDrive/Documentos/Unreal Projects/TCC_Optimization/TCC/Content/DeepElderCaves/Meshes/Props/SM_Root_01.uexp" 1449
"C:/Users/lucas/OneDrive/Documentos/Unreal Projects/TCC_Optimization/TCC/Content/DeepElderCaves/Meshes/Props/SM_RootAlpha_07.ubulk" 1450
"C:/Users/lucas/OneDrive/Documentos/Unreal Projects/TCC_Optimization/TCC/Content/DeepElderCaves/Meshes/Props/SM_RootAlpha_07.uasset" 1451
"C:/Users/lucas/OneDrive/Documentos/Unreal Projects/TCC_Optimization/TCC/Content/DeepElderCaves/Meshes/Props/SM_RootAlpha_07.uexp" 1452
"C:/Users/lucas/OneDrive/Documentos/Unreal Projects/TCC_Optimization/TCC/Content/DeepElderCaves/Meshes/Props/SM_RootAlpha_06.ubulk" 1453
"C:/Users/lucas/OneDrive/Documentos/Unreal Projects/TCC_Optimization/TCC/Content/DeepElderCaves/Meshes/Props/SM_RootAlpha_06.uasset" 1454
"C:/Users/lucas/OneDrive/Documentos/Unreal Projects/TCC_Optimization/TCC/Content/DeepElderCaves/Meshes/Props/SM_RootAlpha_06.uexp" 1455
"C:/Users/lucas/OneDrive/Documentos/Unreal Projects/TCC_Optimization/TCC/Content/DeepElderCaves/Meshes/Props/SM_RootAlpha_05.ubulk" 1456
"C:/Users/lucas/OneDrive/Documentos/Unreal Projects/TCC_Optimization/TCC/Content/DeepElderCaves/Meshes/Props/SM_RootAlpha_05.uasset" 1457
"C:/Users/lucas/OneDrive/Documentos/Unreal Projects/TCC_Optimization/TCC/Content/DeepElderCaves/Meshes/Props/SM_RootAlpha_05.uexp" 1458
"C:/Users/lucas/OneDrive/Documentos/Unreal Projects/TCC_Optimization/TCC/Content/DeepElderCaves/Meshes/Props/SM_RootAlpha_04.ubulk" 1459
"C:/Users/lucas/OneDrive/Documentos/Unreal Projects/TCC_Optimization/TCC/Content/DeepElderCaves/Meshes/Props/SM_RootAlpha_04.uasset" 1460
"C:/Users/lucas/OneDrive/Documentos/Unreal Projects/TCC_Optimization/TCC/Content/DeepElderCaves/Meshes/Props/SM_RootAlpha_04.uexp" 1461
"C:/Users/lucas/OneDrive/Documentos/Unreal Projects/TCC_Optimization/TCC/Content/DeepElderCaves/Meshes/Props/SM_RootAlpha_03.ubulk" 1462
"C:/Users/lucas/OneDrive/Documentos/Unreal Projects/TCC_Optimization/TCC/Content/DeepElderCaves/Meshes/Props/SM_RootAlpha_03.uasset" 1463
"C:/Users/lucas/OneDrive/Documentos/Unreal Projects/TCC_Optimization/TCC/Content/DeepElderCaves/Meshes/Props/SM_RootAlpha_03.uexp" 1464
"C:/Users/lucas/OneDrive/Documentos/Unreal Projects/TCC_Optimization/TCC/Content/DeepElderCaves/Meshes/Props/SM_RootAlpha_02.ubulk" 1465
"C:/Users/lucas/OneDrive/Documentos/Unreal Projects/TCC_Optimization/TCC/Content/DeepElderCaves/Meshes/Props/SM_RootAlpha_02.uasset" 1466
"C:/Users/lucas/OneDrive/Documentos/Unreal Projects/TCC_Optimization/TCC/Content/DeepElderCaves/Meshes/Props/SM_RootAlpha_02.uexp" 1467
"C:/Users/lucas/OneDrive/Documentos/Unreal Projects/TCC_Optimization/TCC/Content/DeepElderCaves/Meshes/Props/SM_RootAlpha_01.ubulk" 1468
"C:/Users/lucas/OneDrive/Documentos/Unreal Projects/TCC_Optimization/TCC/Content/DeepElderCaves/Meshes/Props/SM_RootAlpha_01.uasset" 1469
"C:/Users/lucas/OneDrive/Documentos/Unreal Projects/TCC_Optimization/TCC/Content/DeepElderCaves/Meshes/Props/SM_RootAlpha_01.uexp" 1470
"C:/Users/lucas/OneDrive/Documentos/Unreal Projects/TCC_Optimization/TCC/Content/DeepElderCaves/Textures/T_Mushroom_F_ORM.ubulk" 1471
"C:/Users/lucas/OneDrive/Documentos/Unreal Projects/TCC_Optimization/TCC/Content/DeepElderCaves/Textures/T_Mushroom_F_ORM.uasset" 1472
"C:/Users/lucas/OneDrive/Documentos/Unreal Projects/TCC_Optimization/TCC/Content/DeepElderCaves/Textures/T_Mushroom_F_ORM.uexp" 1473
"C:/Users/lucas/OneDrive/Documentos/Unreal Projects/TCC_Optimization/TCC/Content/DeepElderCaves/Textures/T_Mushroom_F_N.ubulk" 1474
"C:/Users/lucas/OneDrive/Documentos/Unreal Projects/TCC_Optimization/TCC/Content/DeepElderCaves/Textures/T_Mushroom_F_N.uasset" 1475
"C:/Users/lucas/OneDrive/Documentos/Unreal Projects/TCC_Optimization/TCC/Content/DeepElderCaves/Textures/T_Mushroom_F_N.uexp" 1476
"C:/Users/lucas/OneDrive/Documentos/Unreal Projects/TCC_Optimization/TCC/Content/DeepElderCaves/Textures/T_Mushroom_F_D.ubulk" 1477
"C:/Users/lucas/OneDrive/Documentos/Unreal Projects/TCC_Optimization/TCC/Content/DeepElderCaves/Textures/T_Mushroom_F_D.uasset" 1478
"C:/Users/lucas/OneDrive/Documentos/Unreal Projects/TCC_Optimization/TCC/Content/DeepElderCaves/Textures/T_Mushroom_F_D.uexp" 1479
"C:/Users/lucas/OneDrive/Documentos/Unreal Projects/TCC_Optimization/TCC/Content/DeepElderCaves/Materials/M_Mushrooms.uasset" 1480
"C:/Users/lucas/OneDrive/Documentos/Unreal Projects/TCC_Optimization/TCC/Content/DeepElderCaves/Materials/M_Mushrooms.uexp" 1481
"C:/Users/lucas/OneDrive/Documentos/Unreal Projects/TCC_Optimization/TCC/Content/DeepElderCaves/Materials/MI_Mushroom_F.uasset" 1482
"C:/Users/lucas/OneDrive/Documentos/Unreal Projects/TCC_Optimization/TCC/Content/DeepElderCaves/Materials/MI_Mushroom_F.uexp" 1483
"C:/Users/lucas/OneDrive/Documentos/Unreal Projects/TCC_Optimization/TCC/Content/DeepElderCaves/Meshes/Props/SM_Mushroom_F.ubulk" 1484
"C:/Users/lucas/OneDrive/Documentos/Unreal Projects/TCC_Optimization/TCC/Content/DeepElderCaves/Meshes/Props/SM_Mushroom_F.uasset" 1485
"C:/Users/lucas/OneDrive/Documentos/Unreal Projects/TCC_Optimization/TCC/Content/DeepElderCaves/Meshes/Props/SM_Mushroom_F.uexp" 1486
"C:/Users/lucas/OneDrive/Documentos/Unreal Projects/TCC_Optimization/TCC/Content/DeepElderCaves/Materials/MI_Mushroom_E.uasset" 1487
"C:/Users/lucas/OneDrive/Documentos/Unreal Projects/TCC_Optimization/TCC/Content/DeepElderCaves/Materials/MI_Mushroom_E.uexp" 1488
"C:/Users/lucas/OneDrive/Documentos/Unreal Projects/TCC_Optimization/TCC/Content/DeepElderCaves/Meshes/Props/SM_Mushroom_E.ubulk" 1489
"C:/Users/lucas/OneDrive/Documentos/Unreal Projects/TCC_Optimization/TCC/Content/DeepElderCaves/Meshes/Props/SM_Mushroom_E.uasset" 1490
"C:/Users/lucas/OneDrive/Documentos/Unreal Projects/TCC_Optimization/TCC/Content/DeepElderCaves/Meshes/Props/SM_Mushroom_E.uexp" 1491
"C:/Users/lucas/OneDrive/Documentos/Unreal Projects/TCC_Optimization/TCC/Content/DeepElderCaves/Materials/MI_Mushroom_D.uasset" 1492
"C:/Users/lucas/OneDrive/Documentos/Unreal Projects/TCC_Optimization/TCC/Content/DeepElderCaves/Materials/MI_Mushroom_D.uexp" 1493
"C:/Users/lucas/OneDrive/Documentos/Unreal Projects/TCC_Optimization/TCC/Content/DeepElderCaves/Meshes/Props/SM_Mushroom_D.ubulk" 1494
"C:/Users/lucas/OneDrive/Documentos/Unreal Projects/TCC_Optimization/TCC/Content/DeepElderCaves/Meshes/Props/SM_Mushroom_D.uasset" 1495
"C:/Users/lucas/OneDrive/Documentos/Unreal Projects/TCC_Optimization/TCC/Content/DeepElderCaves/Meshes/Props/SM_Mushroom_D.uexp" 1496
"C:/Users/lucas/OneDrive/Documentos/Unreal Projects/TCC_Optimization/TCC/Content/DeepElderCaves/Materials/MI_Mushroom_C.uasset" 1497
"C:/Users/lucas/OneDrive/Documentos/Unreal Projects/TCC_Optimization/TCC/Content/DeepElderCaves/Materials/MI_Mushroom_C.uexp" 1498
"C:/Users/lucas/OneDrive/Documentos/Unreal Projects/TCC_Optimization/TCC/Content/DeepElderCaves/Meshes/Props/SM_Mushroom_C.ubulk" 1499
"C:/Users/lucas/OneDrive/Documentos/Unreal Projects/TCC_Optimization/TCC/Content/DeepElderCaves/Meshes/Props/SM_Mushroom_C.uasset" 1500
"C:/Users/lucas/OneDrive/Documentos/Unreal Projects/TCC_Optimization/TCC/Content/DeepElderCaves/Meshes/Props/SM_Mushroom_C.uexp" 1501
"C:/Users/lucas/OneDrive/Documentos/Unreal Projects/TCC_Optimization/TCC/Content/DeepElderCaves/Textures/T_Mushroom_B_ORM.ubulk" 1502
"C:/Users/lucas/OneDrive/Documentos/Unreal Projects/TCC_Optimization/TCC/Content/DeepElderCaves/Textures/T_Mushroom_B_ORM.uasset" 1503
"C:/Users/lucas/OneDrive/Documentos/Unreal Projects/TCC_Optimization/TCC/Content/DeepElderCaves/Textures/T_Mushroom_B_ORM.uexp" 1504
"C:/Users/lucas/OneDrive/Documentos/Unreal Projects/TCC_Optimization/TCC/Content/DeepElderCaves/Textures/T_Mushroom_B_N.ubulk" 1505
"C:/Users/lucas/OneDrive/Documentos/Unreal Projects/TCC_Optimization/TCC/Content/DeepElderCaves/Textures/T_Mushroom_B_N.uasset" 1506
"C:/Users/lucas/OneDrive/Documentos/Unreal Projects/TCC_Optimization/TCC/Content/DeepElderCaves/Textures/T_Mushroom_B_N.uexp" 1507
"C:/Users/lucas/OneDrive/Documentos/Unreal Projects/TCC_Optimization/TCC/Content/DeepElderCaves/Textures/T_Mushroom_B_D.ubulk" 1508
"C:/Users/lucas/OneDrive/Documentos/Unreal Projects/TCC_Optimization/TCC/Content/DeepElderCaves/Textures/T_Mushroom_B_D.uasset" 1509
"C:/Users/lucas/OneDrive/Documentos/Unreal Projects/TCC_Optimization/TCC/Content/DeepElderCaves/Textures/T_Mushroom_B_D.uexp" 1510
"C:/Users/lucas/OneDrive/Documentos/Unreal Projects/TCC_Optimization/TCC/Content/DeepElderCaves/Materials/MI_Mushroom_B.uasset" 1511
"C:/Users/lucas/OneDrive/Documentos/Unreal Projects/TCC_Optimization/TCC/Content/DeepElderCaves/Materials/MI_Mushroom_B.uexp" 1512
"C:/Users/lucas/OneDrive/Documentos/Unreal Projects/TCC_Optimization/TCC/Content/DeepElderCaves/Meshes/Props/SM_Mushroom_B.ubulk" 1513
"C:/Users/lucas/OneDrive/Documentos/Unreal Projects/TCC_Optimization/TCC/Content/DeepElderCaves/Meshes/Props/SM_Mushroom_B.uasset" 1514
"C:/Users/lucas/OneDrive/Documentos/Unreal Projects/TCC_Optimization/TCC/Content/DeepElderCaves/Meshes/Props/SM_Mushroom_B.uexp" 1515
"C:/Users/lucas/OneDrive/Documentos/Unreal Projects/TCC_Optimization/TCC/Content/DeepElderCaves/Materials/MI_Mushroom_A.uasset" 1516
"C:/Users/lucas/OneDrive/Documentos/Unreal Projects/TCC_Optimization/TCC/Content/DeepElderCaves/Materials/MI_Mushroom_A.uexp" 1517
"C:/Users/lucas/OneDrive/Documentos/Unreal Projects/TCC_Optimization/TCC/Content/DeepElderCaves/Meshes/Props/SM_Mushroom_A.ubulk" 1518
"C:/Users/lucas/OneDrive/Documentos/Unreal Projects/TCC_Optimization/TCC/Content/DeepElderCaves/Meshes/Props/SM_Mushroom_A.uasset" 1519
"C:/Users/lucas/OneDrive/Documentos/Unreal Projects/TCC_Optimization/TCC/Content/DeepElderCaves/Meshes/Props/SM_Mushroom_A.uexp" 1520
"C:/Users/lucas/OneDrive/Documentos/Unreal Projects/TCC_Optimization/TCC/Content/DeepElderCaves/Textures/T_MushroomNucleus_ORM.ubulk" 1521
"C:/Users/lucas/OneDrive/Documentos/Unreal Projects/TCC_Optimization/TCC/Content/DeepElderCaves/Textures/T_MushroomNucleus_ORM.uasset" 1522
"C:/Users/lucas/OneDrive/Documentos/Unreal Projects/TCC_Optimization/TCC/Content/DeepElderCaves/Textures/T_MushroomNucleus_ORM.uexp" 1523
"C:/Users/lucas/OneDrive/Documentos/Unreal Projects/TCC_Optimization/TCC/Content/DeepElderCaves/Textures/T_MushroomNucleus_N.ubulk" 1524
"C:/Users/lucas/OneDrive/Documentos/Unreal Projects/TCC_Optimization/TCC/Content/DeepElderCaves/Textures/T_MushroomNucleus_N.uasset" 1525
"C:/Users/lucas/OneDrive/Documentos/Unreal Projects/TCC_Optimization/TCC/Content/DeepElderCaves/Textures/T_MushroomNucleus_N.uexp" 1526
"C:/Users/lucas/OneDrive/Documentos/Unreal Projects/TCC_Optimization/TCC/Content/DeepElderCaves/Textures/T_MushroomNucleus_D.ubulk" 1527
"C:/Users/lucas/OneDrive/Documentos/Unreal Projects/TCC_Optimization/TCC/Content/DeepElderCaves/Textures/T_MushroomNucleus_D.uasset" 1528
"C:/Users/lucas/OneDrive/Documentos/Unreal Projects/TCC_Optimization/TCC/Content/DeepElderCaves/Textures/T_MushroomNucleus_D.uexp" 1529
"C:/Users/lucas/OneDrive/Documentos/Unreal Projects/TCC_Optimization/TCC/Content/DeepElderCaves/Materials/MI_MushroomNucleus_NonSSS.uasset" 1530
"C:/Users/lucas/OneDrive/Documentos/Unreal Projects/TCC_Optimization/TCC/Content/DeepElderCaves/Materials/MI_MushroomNucleus_NonSSS.uexp" 1531
"C:/Users/lucas/OneDrive/Documentos/Unreal Projects/TCC_Optimization/TCC/Content/DeepElderCaves/Meshes/Props/SM_MushroomNucleus_H.ubulk" 1532
"C:/Users/lucas/OneDrive/Documentos/Unreal Projects/TCC_Optimization/TCC/Content/DeepElderCaves/Meshes/Props/SM_MushroomNucleus_H.uasset" 1533
"C:/Users/lucas/OneDrive/Documentos/Unreal Projects/TCC_Optimization/TCC/Content/DeepElderCaves/Meshes/Props/SM_MushroomNucleus_H.uexp" 1534
"C:/Users/lucas/OneDrive/Documentos/Unreal Projects/TCC_Optimization/TCC/Content/DeepElderCaves/Textures/T_NoiseMap_01_M.ubulk" 1535
"C:/Users/lucas/OneDrive/Documentos/Unreal Projects/TCC_Optimization/TCC/Content/DeepElderCaves/Textures/T_NoiseMap_01_M.uasset" 1536
"C:/Users/lucas/OneDrive/Documentos/Unreal Projects/TCC_Optimization/TCC/Content/DeepElderCaves/Textures/T_NoiseMap_01_M.uexp" 1537
"C:/Users/lucas/OneDrive/Documentos/Unreal Projects/TCC_Optimization/TCC/Content/DeepElderCaves/Materials/M_Mushroom_SSS_01.uasset" 1538
"C:/Users/lucas/OneDrive/Documentos/Unreal Projects/TCC_Optimization/TCC/Content/DeepElderCaves/Materials/M_Mushroom_SSS_01.uexp" 1539
"C:/Users/lucas/OneDrive/Documentos/Unreal Projects/TCC_Optimization/TCC/Content/DeepElderCaves/Materials/MI_MushroomNucleus_Green_SSS.uasset" 1540
"C:/Users/lucas/OneDrive/Documentos/Unreal Projects/TCC_Optimization/TCC/Content/DeepElderCaves/Materials/MI_MushroomNucleus_Green_SSS.uexp" 1541
"C:/Users/lucas/OneDrive/Documentos/Unreal Projects/TCC_Optimization/TCC/Content/DeepElderCaves/Meshes/Props/SM_MushroomNucleus_Green_H.ubulk" 1542
"C:/Users/lucas/OneDrive/Documentos/Unreal Projects/TCC_Optimization/TCC/Content/DeepElderCaves/Meshes/Props/SM_MushroomNucleus_Green_H.uasset" 1543
"C:/Users/lucas/OneDrive/Documentos/Unreal Projects/TCC_Optimization/TCC/Content/DeepElderCaves/Meshes/Props/SM_MushroomNucleus_Green_H.uexp" 1544
"C:/Users/lucas/OneDrive/Documentos/Unreal Projects/TCC_Optimization/TCC/Content/DeepElderCaves/Meshes/Props/SM_MushroomNucleus_Green_G.ubulk" 1545
"C:/Users/lucas/OneDrive/Documentos/Unreal Projects/TCC_Optimization/TCC/Content/DeepElderCaves/Meshes/Props/SM_MushroomNucleus_Green_G.uasset" 1546
"C:/Users/lucas/OneDrive/Documentos/Unreal Projects/TCC_Optimization/TCC/Content/DeepElderCaves/Meshes/Props/SM_MushroomNucleus_Green_G.uexp" 1547
"C:/Users/lucas/OneDrive/Documentos/Unreal Projects/TCC_Optimization/TCC/Content/DeepElderCaves/Meshes/Props/SM_MushroomNucleus_Green_F.ubulk" 1548
"C:/Users/lucas/OneDrive/Documentos/Unreal Projects/TCC_Optimization/TCC/Content/DeepElderCaves/Meshes/Props/SM_MushroomNucleus_Green_F.uasset" 1549
"C:/Users/lucas/OneDrive/Documentos/Unreal Projects/TCC_Optimization/TCC/Content/DeepElderCaves/Meshes/Props/SM_MushroomNucleus_Green_F.uexp" 1550
"C:/Users/lucas/OneDrive/Documentos/Unreal Projects/TCC_Optimization/TCC/Content/DeepElderCaves/Meshes/Props/SM_MushroomNucleus_Green_E.ubulk" 1551
"C:/Users/lucas/OneDrive/Documentos/Unreal Projects/TCC_Optimization/TCC/Content/DeepElderCaves/Meshes/Props/SM_MushroomNucleus_Green_E.uasset" 1552
"C:/Users/lucas/OneDrive/Documentos/Unreal Projects/TCC_Optimization/TCC/Content/DeepElderCaves/Meshes/Props/SM_MushroomNucleus_Green_E.uexp" 1553
"C:/Users/lucas/OneDrive/Documentos/Unreal Projects/TCC_Optimization/TCC/Content/DeepElderCaves/Meshes/Props/SM_MushroomNucleus_Green_D.ubulk" 1554
"C:/Users/lucas/OneDrive/Documentos/Unreal Projects/TCC_Optimization/TCC/Content/DeepElderCaves/Meshes/Props/SM_MushroomNucleus_Green_D.uasset" 1555
"C:/Users/lucas/OneDrive/Documentos/Unreal Projects/TCC_Optimization/TCC/Content/DeepElderCaves/Meshes/Props/SM_MushroomNucleus_Green_D.uexp" 1556
"C:/Users/lucas/OneDrive/Documentos/Unreal Projects/TCC_Optimization/TCC/Content/DeepElderCaves/Meshes/Props/SM_MushroomNucleus_Green_C.ubulk" 1557
"C:/Users/lucas/OneDrive/Documentos/Unreal Projects/TCC_Optimization/TCC/Content/DeepElderCaves/Meshes/Props/SM_MushroomNucleus_Green_C.uasset" 1558
"C:/Users/lucas/OneDrive/Documentos/Unreal Projects/TCC_Optimization/TCC/Content/DeepElderCaves/Meshes/Props/SM_MushroomNucleus_Green_C.uexp" 1559
"C:/Users/lucas/OneDrive/Documentos/Unreal Projects/TCC_Optimization/TCC/Content/DeepElderCaves/Meshes/Props/SM_MushroomNucleus_Green_B.ubulk" 1560
"C:/Users/lucas/OneDrive/Documentos/Unreal Projects/TCC_Optimization/TCC/Content/DeepElderCaves/Meshes/Props/SM_MushroomNucleus_Green_B.uasset" 1561
"C:/Users/lucas/OneDrive/Documentos/Unreal Projects/TCC_Optimization/TCC/Content/DeepElderCaves/Meshes/Props/SM_MushroomNucleus_Green_B.uexp" 1562
"C:/Users/lucas/OneDrive/Documentos/Unreal Projects/TCC_Optimization/TCC/Content/DeepElderCaves/Meshes/Props/SM_MushroomNucleus_Green_A.ubulk" 1563
"C:/Users/lucas/OneDrive/Documentos/Unreal Projects/TCC_Optimization/TCC/Content/DeepElderCaves/Meshes/Props/SM_MushroomNucleus_Green_A.uasset" 1564
"C:/Users/lucas/OneDrive/Documentos/Unreal Projects/TCC_Optimization/TCC/Content/DeepElderCaves/Meshes/Props/SM_MushroomNucleus_Green_A.uexp" 1565
"C:/Users/lucas/OneDrive/Documentos/Unreal Projects/TCC_Optimization/TCC/Content/DeepElderCaves/Meshes/Props/SM_MushroomNucleus_G.ubulk" 1566
"C:/Users/lucas/OneDrive/Documentos/Unreal Projects/TCC_Optimization/TCC/Content/DeepElderCaves/Meshes/Props/SM_MushroomNucleus_G.uasset" 1567
"C:/Users/lucas/OneDrive/Documentos/Unreal Projects/TCC_Optimization/TCC/Content/DeepElderCaves/Meshes/Props/SM_MushroomNucleus_G.uexp" 1568
"C:/Users/lucas/OneDrive/Documentos/Unreal Projects/TCC_Optimization/TCC/Content/DeepElderCaves/Meshes/Props/SM_MushroomNucleus_F.ubulk" 1569
"C:/Users/lucas/OneDrive/Documentos/Unreal Projects/TCC_Optimization/TCC/Content/DeepElderCaves/Meshes/Props/SM_MushroomNucleus_F.uasset" 1570
"C:/Users/lucas/OneDrive/Documentos/Unreal Projects/TCC_Optimization/TCC/Content/DeepElderCaves/Meshes/Props/SM_MushroomNucleus_F.uexp" 1571
"C:/Users/lucas/OneDrive/Documentos/Unreal Projects/TCC_Optimization/TCC/Content/DeepElderCaves/Meshes/Props/SM_MushroomNucleus_E.ubulk" 1572
"C:/Users/lucas/OneDrive/Documentos/Unreal Projects/TCC_Optimization/TCC/Content/DeepElderCaves/Meshes/Props/SM_MushroomNucleus_E.uasset" 1573
"C:/Users/lucas/OneDrive/Documentos/Unreal Projects/TCC_Optimization/TCC/Content/DeepElderCaves/Meshes/Props/SM_MushroomNucleus_E.uexp" 1574
"C:/Users/lucas/OneDrive/Documentos/Unreal Projects/TCC_Optimization/TCC/Content/DeepElderCaves/Meshes/Props/SM_MushroomNucleus_D.ubulk" 1575
"C:/Users/lucas/OneDrive/Documentos/Unreal Projects/TCC_Optimization/TCC/Content/DeepElderCaves/Meshes/Props/SM_MushroomNucleus_D.uasset" 1576
"C:/Users/lucas/OneDrive/Documentos/Unreal Projects/TCC_Optimization/TCC/Content/DeepElderCaves/Meshes/Props/SM_MushroomNucleus_D.uexp" 1577
"C:/Users/lucas/OneDrive/Documentos/Unreal Projects/TCC_Optimization/TCC/Content/DeepElderCaves/Meshes/Props/SM_MushroomNucleus_C.ubulk" 1578
"C:/Users/lucas/OneDrive/Documentos/Unreal Projects/TCC_Optimization/TCC/Content/DeepElderCaves/Meshes/Props/SM_MushroomNucleus_C.uasset" 1579
"C:/Users/lucas/OneDrive/Documentos/Unreal Projects/TCC_Optimization/TCC/Content/DeepElderCaves/Meshes/Props/SM_MushroomNucleus_C.uexp" 1580
"C:/Users/lucas/OneDrive/Documentos/Unreal Projects/TCC_Optimization/TCC/Content/DeepElderCaves/Meshes/Props/SM_MushroomNucleus_B.ubulk" 1581
"C:/Users/lucas/OneDrive/Documentos/Unreal Projects/TCC_Optimization/TCC/Content/DeepElderCaves/Meshes/Props/SM_MushroomNucleus_B.uasset" 1582
"C:/Users/lucas/OneDrive/Documentos/Unreal Projects/TCC_Optimization/TCC/Content/DeepElderCaves/Meshes/Props/SM_MushroomNucleus_B.uexp" 1583
"C:/Users/lucas/OneDrive/Documentos/Unreal Projects/TCC_Optimization/TCC/Content/DeepElderCaves/Meshes/Props/SM_MushroomNucleus_A.ubulk" 1584
"C:/Users/lucas/OneDrive/Documentos/Unreal Projects/TCC_Optimization/TCC/Content/DeepElderCaves/Meshes/Props/SM_MushroomNucleus_A.uasset" 1585
"C:/Users/lucas/OneDrive/Documentos/Unreal Projects/TCC_Optimization/TCC/Content/DeepElderCaves/Meshes/Props/SM_MushroomNucleus_A.uexp" 1586
"C:/Users/lucas/OneDrive/Documentos/Unreal Projects/TCC_Optimization/TCC/Content/DeepElderCaves/Textures/T_GroundStone_ORM.ubulk" 1587
"C:/Users/lucas/OneDrive/Documentos/Unreal Projects/TCC_Optimization/TCC/Content/DeepElderCaves/Textures/T_GroundStone_ORM.uasset" 1588
"C:/Users/lucas/OneDrive/Documentos/Unreal Projects/TCC_Optimization/TCC/Content/DeepElderCaves/Textures/T_GroundStone_ORM.uexp" 1589
"C:/Users/lucas/OneDrive/Documentos/Unreal Projects/TCC_Optimization/TCC/Content/DeepElderCaves/Textures/T_GroundStone_N.ubulk" 1590
"C:/Users/lucas/OneDrive/Documentos/Unreal Projects/TCC_Optimization/TCC/Content/DeepElderCaves/Textures/T_GroundStone_N.uasset" 1591
"C:/Users/lucas/OneDrive/Documentos/Unreal Projects/TCC_Optimization/TCC/Content/DeepElderCaves/Textures/T_GroundStone_N.uexp" 1592
"C:/Users/lucas/OneDrive/Documentos/Unreal Projects/TCC_Optimization/TCC/Content/DeepElderCaves/Textures/T_GroundStone_D.ubulk" 1593
"C:/Users/lucas/OneDrive/Documentos/Unreal Projects/TCC_Optimization/TCC/Content/DeepElderCaves/Textures/T_GroundStone_D.uasset" 1594
"C:/Users/lucas/OneDrive/Documentos/Unreal Projects/TCC_Optimization/TCC/Content/DeepElderCaves/Textures/T_GroundStone_D.uexp" 1595
"C:/Users/lucas/OneDrive/Documentos/Unreal Projects/TCC_Optimization/TCC/Content/DeepElderCaves/Materials/MI_GroundStone.uasset" 1596
"C:/Users/lucas/OneDrive/Documentos/Unreal Projects/TCC_Optimization/TCC/Content/DeepElderCaves/Materials/MI_GroundStone.uexp" 1597
"C:/Users/lucas/OneDrive/Documentos/Unreal Projects/TCC_Optimization/TCC/Content/DeepElderCaves/Meshes/Props/SM_GroundStone_07.ubulk" 1598
"C:/Users/lucas/OneDrive/Documentos/Unreal Projects/TCC_Optimization/TCC/Content/DeepElderCaves/Meshes/Props/SM_GroundStone_07.uasset" 1599
"C:/Users/lucas/OneDrive/Documentos/Unreal Projects/TCC_Optimization/TCC/Content/DeepElderCaves/Meshes/Props/SM_GroundStone_07.uexp" 1600
"C:/Users/lucas/OneDrive/Documentos/Unreal Projects/TCC_Optimization/TCC/Content/DeepElderCaves/Meshes/Props/SM_GroundStone_06.ubulk" 1601
"C:/Users/lucas/OneDrive/Documentos/Unreal Projects/TCC_Optimization/TCC/Content/DeepElderCaves/Meshes/Props/SM_GroundStone_06.uasset" 1602
"C:/Users/lucas/OneDrive/Documentos/Unreal Projects/TCC_Optimization/TCC/Content/DeepElderCaves/Meshes/Props/SM_GroundStone_06.uexp" 1603
"C:/Users/lucas/OneDrive/Documentos/Unreal Projects/TCC_Optimization/TCC/Content/DeepElderCaves/Meshes/Props/SM_GroundStone_05.ubulk" 1604
"C:/Users/lucas/OneDrive/Documentos/Unreal Projects/TCC_Optimization/TCC/Content/DeepElderCaves/Meshes/Props/SM_GroundStone_05.uasset" 1605
"C:/Users/lucas/OneDrive/Documentos/Unreal Projects/TCC_Optimization/TCC/Content/DeepElderCaves/Meshes/Props/SM_GroundStone_05.uexp" 1606
"C:/Users/lucas/OneDrive/Documentos/Unreal Projects/TCC_Optimization/TCC/Content/DeepElderCaves/Meshes/Props/SM_GroundStone_04.ubulk" 1607
"C:/Users/lucas/OneDrive/Documentos/Unreal Projects/TCC_Optimization/TCC/Content/DeepElderCaves/Meshes/Props/SM_GroundStone_04.uasset" 1608
"C:/Users/lucas/OneDrive/Documentos/Unreal Projects/TCC_Optimization/TCC/Content/DeepElderCaves/Meshes/Props/SM_GroundStone_04.uexp" 1609
"C:/Users/lucas/OneDrive/Documentos/Unreal Projects/TCC_Optimization/TCC/Content/DeepElderCaves/Meshes/Props/SM_GroundStone_03.ubulk" 1610
"C:/Users/lucas/OneDrive/Documentos/Unreal Projects/TCC_Optimization/TCC/Content/DeepElderCaves/Meshes/Props/SM_GroundStone_03.uasset" 1611
"C:/Users/lucas/OneDrive/Documentos/Unreal Projects/TCC_Optimization/TCC/Content/DeepElderCaves/Meshes/Props/SM_GroundStone_03.uexp" 1612
"C:/Users/lucas/OneDrive/Documentos/Unreal Projects/TCC_Optimization/TCC/Content/DeepElderCaves/Meshes/Props/SM_GroundStone_02.ubulk" 1613
"C:/Users/lucas/OneDrive/Documentos/Unreal Projects/TCC_Optimization/TCC/Content/DeepElderCaves/Meshes/Props/SM_GroundStone_02.uasset" 1614
"C:/Users/lucas/OneDrive/Documentos/Unreal Projects/TCC_Optimization/TCC/Content/DeepElderCaves/Meshes/Props/SM_GroundStone_02.uexp" 1615
"C:/Users/lucas/OneDrive/Documentos/Unreal Projects/TCC_Optimization/TCC/Content/DeepElderCaves/Meshes/Props/SM_GroundStone_01.ubulk" 1616
"C:/Users/lucas/OneDrive/Documentos/Unreal Projects/TCC_Optimization/TCC/Content/DeepElderCaves/Meshes/Props/SM_GroundStone_01.uasset" 1617
"C:/Users/lucas/OneDrive/Documentos/Unreal Projects/TCC_Optimization/TCC/Content/DeepElderCaves/Meshes/Props/SM_GroundStone_01.uexp" 1618
"C:/Users/lucas/OneDrive/Documentos/Unreal Projects/TCC_Optimization/TCC/Content/DeepElderCaves/Textures/T_GroundLamp_ORM.ubulk" 1619
"C:/Users/lucas/OneDrive/Documentos/Unreal Projects/TCC_Optimization/TCC/Content/DeepElderCaves/Textures/T_GroundLamp_ORM.uasset" 1620
"C:/Users/lucas/OneDrive/Documentos/Unreal Projects/TCC_Optimization/TCC/Content/DeepElderCaves/Textures/T_GroundLamp_ORM.uexp" 1621
"C:/Users/lucas/OneDrive/Documentos/Unreal Projects/TCC_Optimization/TCC/Content/DeepElderCaves/Textures/T_GroundLamp_N.ubulk" 1622
"C:/Users/lucas/OneDrive/Documentos/Unreal Projects/TCC_Optimization/TCC/Content/DeepElderCaves/Textures/T_GroundLamp_N.uasset" 1623
"C:/Users/lucas/OneDrive/Documentos/Unreal Projects/TCC_Optimization/TCC/Content/DeepElderCaves/Textures/T_GroundLamp_N.uexp" 1624
"C:/Users/lucas/OneDrive/Documentos/Unreal Projects/TCC_Optimization/TCC/Content/DeepElderCaves/Textures/T_GroundLamp_D.ubulk" 1625
"C:/Users/lucas/OneDrive/Documentos/Unreal Projects/TCC_Optimization/TCC/Content/DeepElderCaves/Textures/T_GroundLamp_D.uasset" 1626
"C:/Users/lucas/OneDrive/Documentos/Unreal Projects/TCC_Optimization/TCC/Content/DeepElderCaves/Textures/T_GroundLamp_D.uexp" 1627
"C:/Users/lucas/OneDrive/Documentos/Unreal Projects/TCC_Optimization/TCC/Content/DeepElderCaves/Materials/MI_GroundLamp.uasset" 1628
"C:/Users/lucas/OneDrive/Documentos/Unreal Projects/TCC_Optimization/TCC/Content/DeepElderCaves/Materials/MI_GroundLamp.uexp" 1629
"C:/Users/lucas/OneDrive/Documentos/Unreal Projects/TCC_Optimization/TCC/Content/DeepElderCaves/Meshes/Props/SM_GroundLamp.ubulk" 1630
"C:/Users/lucas/OneDrive/Documentos/Unreal Projects/TCC_Optimization/TCC/Content/DeepElderCaves/Meshes/Props/SM_GroundLamp.uasset" 1631
"C:/Users/lucas/OneDrive/Documentos/Unreal Projects/TCC_Optimization/TCC/Content/DeepElderCaves/Meshes/Props/SM_GroundLamp.uexp" 1632
"C:/Users/lucas/OneDrive/Documentos/Unreal Projects/TCC_Optimization/TCC/Content/DeepElderCaves/Textures/T_Giant_Arm_ORM.ubulk" 1633
"C:/Users/lucas/OneDrive/Documentos/Unreal Projects/TCC_Optimization/TCC/Content/DeepElderCaves/Textures/T_Giant_Arm_ORM.uasset" 1634
"C:/Users/lucas/OneDrive/Documentos/Unreal Projects/TCC_Optimization/TCC/Content/DeepElderCaves/Textures/T_Giant_Arm_ORM.uexp" 1635
"C:/Users/lucas/OneDrive/Documentos/Unreal Projects/TCC_Optimization/TCC/Content/DeepElderCaves/Textures/T_Giant_Arm_N.ubulk" 1636
"C:/Users/lucas/OneDrive/Documentos/Unreal Projects/TCC_Optimization/TCC/Content/DeepElderCaves/Textures/T_Giant_Arm_N.uasset" 1637
"C:/Users/lucas/OneDrive/Documentos/Unreal Projects/TCC_Optimization/TCC/Content/DeepElderCaves/Textures/T_Giant_Arm_N.uexp" 1638
"C:/Users/lucas/OneDrive/Documentos/Unreal Projects/TCC_Optimization/TCC/Content/DeepElderCaves/Textures/T_Giant_Arm_D.ubulk" 1639
"C:/Users/lucas/OneDrive/Documentos/Unreal Projects/TCC_Optimization/TCC/Content/DeepElderCaves/Textures/T_Giant_Arm_D.uasset" 1640
"C:/Users/lucas/OneDrive/Documentos/Unreal Projects/TCC_Optimization/TCC/Content/DeepElderCaves/Textures/T_Giant_Arm_D.uexp" 1641
"C:/Users/lucas/OneDrive/Documentos/Unreal Projects/TCC_Optimization/TCC/Content/DeepElderCaves/Materials/MI_Giant_Arm.uasset" 1642
"C:/Users/lucas/OneDrive/Documentos/Unreal Projects/TCC_Optimization/TCC/Content/DeepElderCaves/Materials/MI_Giant_Arm.uexp" 1643
"C:/Users/lucas/OneDrive/Documentos/Unreal Projects/TCC_Optimization/TCC/Content/DeepElderCaves/Textures/T_Generic_Rock_E_ORM.ubulk" 1644
"C:/Users/lucas/OneDrive/Documentos/Unreal Projects/TCC_Optimization/TCC/Content/DeepElderCaves/Textures/T_Generic_Rock_E_ORM.uasset" 1645
"C:/Users/lucas/OneDrive/Documentos/Unreal Projects/TCC_Optimization/TCC/Content/DeepElderCaves/Textures/T_Generic_Rock_E_ORM.uexp" 1646
"C:/Users/lucas/OneDrive/Documentos/Unreal Projects/TCC_Optimization/TCC/Content/DeepElderCaves/Textures/T_Generic_Rock_E_N.ubulk" 1647
"C:/Users/lucas/OneDrive/Documentos/Unreal Projects/TCC_Optimization/TCC/Content/DeepElderCaves/Textures/T_Generic_Rock_E_N.uasset" 1648
"C:/Users/lucas/OneDrive/Documentos/Unreal Projects/TCC_Optimization/TCC/Content/DeepElderCaves/Textures/T_Generic_Rock_E_N.uexp" 1649
"C:/Users/lucas/OneDrive/Documentos/Unreal Projects/TCC_Optimization/TCC/Content/DeepElderCaves/Textures/T_Generic_Rock_E_D.ubulk" 1650
"C:/Users/lucas/OneDrive/Documentos/Unreal Projects/TCC_Optimization/TCC/Content/DeepElderCaves/Textures/T_Generic_Rock_E_D.uasset" 1651
"C:/Users/lucas/OneDrive/Documentos/Unreal Projects/TCC_Optimization/TCC/Content/DeepElderCaves/Textures/T_Generic_Rock_E_D.uexp" 1652
"C:/Users/lucas/OneDrive/Documentos/Unreal Projects/TCC_Optimization/TCC/Content/DeepElderCaves/Materials/MI_Generic_Rock_E.uasset" 1653
"C:/Users/lucas/OneDrive/Documentos/Unreal Projects/TCC_Optimization/TCC/Content/DeepElderCaves/Materials/MI_Generic_Rock_E.uexp" 1654
"C:/Users/lucas/OneDrive/Documentos/Unreal Projects/TCC_Optimization/TCC/Content/DeepElderCaves/Textures/T_Generic_Rock_D_ORM.ubulk" 1655
"C:/Users/lucas/OneDrive/Documentos/Unreal Projects/TCC_Optimization/TCC/Content/DeepElderCaves/Textures/T_Generic_Rock_D_ORM.uasset" 1656
"C:/Users/lucas/OneDrive/Documentos/Unreal Projects/TCC_Optimization/TCC/Content/DeepElderCaves/Textures/T_Generic_Rock_D_ORM.uexp" 1657
"C:/Users/lucas/OneDrive/Documentos/Unreal Projects/TCC_Optimization/TCC/Content/DeepElderCaves/Textures/T_Generic_Rock_D_N.ubulk" 1658
"C:/Users/lucas/OneDrive/Documentos/Unreal Projects/TCC_Optimization/TCC/Content/DeepElderCaves/Textures/T_Generic_Rock_D_N.uasset" 1659
"C:/Users/lucas/OneDrive/Documentos/Unreal Projects/TCC_Optimization/TCC/Content/DeepElderCaves/Textures/T_Generic_Rock_D_N.uexp" 1660
"C:/Users/lucas/OneDrive/Documentos/Unreal Projects/TCC_Optimization/TCC/Content/DeepElderCaves/Textures/T_Generic_Rock_D_D.ubulk" 1661
"C:/Users/lucas/OneDrive/Documentos/Unreal Projects/TCC_Optimization/TCC/Content/DeepElderCaves/Textures/T_Generic_Rock_D_D.uasset" 1662
"C:/Users/lucas/OneDrive/Documentos/Unreal Projects/TCC_Optimization/TCC/Content/DeepElderCaves/Textures/T_Generic_Rock_D_D.uexp" 1663
"C:/Users/lucas/OneDrive/Documentos/Unreal Projects/TCC_Optimization/TCC/Content/DeepElderCaves/Materials/MI_Generic_Rock_D.uasset" 1664
"C:/Users/lucas/OneDrive/Documentos/Unreal Projects/TCC_Optimization/TCC/Content/DeepElderCaves/Materials/MI_Generic_Rock_D.uexp" 1665
"C:/Users/lucas/OneDrive/Documentos/Unreal Projects/TCC_Optimization/TCC/Content/DeepElderCaves/Textures/T_Generic_Rock_C_ORM.ubulk" 1666
"C:/Users/lucas/OneDrive/Documentos/Unreal Projects/TCC_Optimization/TCC/Content/DeepElderCaves/Textures/T_Generic_Rock_C_ORM.uasset" 1667
"C:/Users/lucas/OneDrive/Documentos/Unreal Projects/TCC_Optimization/TCC/Content/DeepElderCaves/Textures/T_Generic_Rock_C_ORM.uexp" 1668
"C:/Users/lucas/OneDrive/Documentos/Unreal Projects/TCC_Optimization/TCC/Content/DeepElderCaves/Textures/T_Generic_Rock_C_N.ubulk" 1669
"C:/Users/lucas/OneDrive/Documentos/Unreal Projects/TCC_Optimization/TCC/Content/DeepElderCaves/Textures/T_Generic_Rock_C_N.uasset" 1670
"C:/Users/lucas/OneDrive/Documentos/Unreal Projects/TCC_Optimization/TCC/Content/DeepElderCaves/Textures/T_Generic_Rock_C_N.uexp" 1671
"C:/Users/lucas/OneDrive/Documentos/Unreal Projects/TCC_Optimization/TCC/Content/DeepElderCaves/Textures/T_Generic_Rock_C_D.ubulk" 1672
"C:/Users/lucas/OneDrive/Documentos/Unreal Projects/TCC_Optimization/TCC/Content/DeepElderCaves/Textures/T_Generic_Rock_C_D.uasset" 1673
"C:/Users/lucas/OneDrive/Documentos/Unreal Projects/TCC_Optimization/TCC/Content/DeepElderCaves/Textures/T_Generic_Rock_C_D.uexp" 1674
"C:/Users/lucas/OneDrive/Documentos/Unreal Projects/TCC_Optimization/TCC/Content/DeepElderCaves/Materials/MI_Generic_Rock_C.uasset" 1675
"C:/Users/lucas/OneDrive/Documentos/Unreal Projects/TCC_Optimization/TCC/Content/DeepElderCaves/Materials/MI_Generic_Rock_C.uexp" 1676
"C:/Users/lucas/OneDrive/Documentos/Unreal Projects/TCC_Optimization/TCC/Content/DeepElderCaves/Textures/T_Generic_Rock_B_ORM.ubulk" 1677
"C:/Users/lucas/OneDrive/Documentos/Unreal Projects/TCC_Optimization/TCC/Content/DeepElderCaves/Textures/T_Generic_Rock_B_ORM.uasset" 1678
"C:/Users/lucas/OneDrive/Documentos/Unreal Projects/TCC_Optimization/TCC/Content/DeepElderCaves/Textures/T_Generic_Rock_B_ORM.uexp" 1679
"C:/Users/lucas/OneDrive/Documentos/Unreal Projects/TCC_Optimization/TCC/Content/DeepElderCaves/Textures/T_Generic_Rock_B_N.ubulk" 1680
"C:/Users/lucas/OneDrive/Documentos/Unreal Projects/TCC_Optimization/TCC/Content/DeepElderCaves/Textures/T_Generic_Rock_B_N.uasset" 1681
"C:/Users/lucas/OneDrive/Documentos/Unreal Projects/TCC_Optimization/TCC/Content/DeepElderCaves/Textures/T_Generic_Rock_B_N.uexp" 1682
"C:/Users/lucas/OneDrive/Documentos/Unreal Projects/TCC_Optimization/TCC/Content/DeepElderCaves/Textures/T_Generic_Rock_B_D.ubulk" 1683
"C:/Users/lucas/OneDrive/Documentos/Unreal Projects/TCC_Optimization/TCC/Content/DeepElderCaves/Textures/T_Generic_Rock_B_D.uasset" 1684
"C:/Users/lucas/OneDrive/Documentos/Unreal Projects/TCC_Optimization/TCC/Content/DeepElderCaves/Textures/T_Generic_Rock_B_D.uexp" 1685
"C:/Users/lucas/OneDrive/Documentos/Unreal Projects/TCC_Optimization/TCC/Content/DeepElderCaves/Materials/MI_Generic_Rock_B.uasset" 1686
"C:/Users/lucas/OneDrive/Documentos/Unreal Projects/TCC_Optimization/TCC/Content/DeepElderCaves/Materials/MI_Generic_Rock_B.uexp" 1687
"C:/Users/lucas/OneDrive/Documentos/Unreal Projects/TCC_Optimization/TCC/Content/DeepElderCaves/Textures/T_Generic_Rock_A_ORM.ubulk" 1688
"C:/Users/lucas/OneDrive/Documentos/Unreal Projects/TCC_Optimization/TCC/Content/DeepElderCaves/Textures/T_Generic_Rock_A_ORM.uasset" 1689
"C:/Users/lucas/OneDrive/Documentos/Unreal Projects/TCC_Optimization/TCC/Content/DeepElderCaves/Textures/T_Generic_Rock_A_ORM.uexp" 1690
"C:/Users/lucas/OneDrive/Documentos/Unreal Projects/TCC_Optimization/TCC/Content/DeepElderCaves/Textures/T_Generic_Rock_A_N.ubulk" 1691
"C:/Users/lucas/OneDrive/Documentos/Unreal Projects/TCC_Optimization/TCC/Content/DeepElderCaves/Textures/T_Generic_Rock_A_N.uasset" 1692
"C:/Users/lucas/OneDrive/Documentos/Unreal Projects/TCC_Optimization/TCC/Content/DeepElderCaves/Textures/T_Generic_Rock_A_N.uexp" 1693
"C:/Users/lucas/OneDrive/Documentos/Unreal Projects/TCC_Optimization/TCC/Content/DeepElderCaves/Textures/T_Generic_Rock_A_D.ubulk" 1694
"C:/Users/lucas/OneDrive/Documentos/Unreal Projects/TCC_Optimization/TCC/Content/DeepElderCaves/Textures/T_Generic_Rock_A_D.uasset" 1695
"C:/Users/lucas/OneDrive/Documentos/Unreal Projects/TCC_Optimization/TCC/Content/DeepElderCaves/Textures/T_Generic_Rock_A_D.uexp" 1696
"C:/Users/lucas/OneDrive/Documentos/Unreal Projects/TCC_Optimization/TCC/Content/DeepElderCaves/Materials/MI_Generic_Rock_A.uasset" 1697
"C:/Users/lucas/OneDrive/Documentos/Unreal Projects/TCC_Optimization/TCC/Content/DeepElderCaves/Materials/MI_Generic_Rock_A.uexp" 1698
"C:/Users/lucas/OneDrive/Documentos/Unreal Projects/TCC_Optimization/TCC/Content/DeepElderCaves/Textures/T_DebrisSmall_ORM.ubulk" 1699
"C:/Users/lucas/OneDrive/Documentos/Unreal Projects/TCC_Optimization/TCC/Content/DeepElderCaves/Textures/T_DebrisSmall_ORM.uasset" 1700
"C:/Users/lucas/OneDrive/Documentos/Unreal Projects/TCC_Optimization/TCC/Content/DeepElderCaves/Textures/T_DebrisSmall_ORM.uexp" 1701
"C:/Users/lucas/OneDrive/Documentos/Unreal Projects/TCC_Optimization/TCC/Content/DeepElderCaves/Textures/T_DebrisSmall_N.ubulk" 1702
"C:/Users/lucas/OneDrive/Documentos/Unreal Projects/TCC_Optimization/TCC/Content/DeepElderCaves/Textures/T_DebrisSmall_N.uasset" 1703
"C:/Users/lucas/OneDrive/Documentos/Unreal Projects/TCC_Optimization/TCC/Content/DeepElderCaves/Textures/T_DebrisSmall_N.uexp" 1704
"C:/Users/lucas/OneDrive/Documentos/Unreal Projects/TCC_Optimization/TCC/Content/DeepElderCaves/Textures/T_DebrisSmall_D.ubulk" 1705
"C:/Users/lucas/OneDrive/Documentos/Unreal Projects/TCC_Optimization/TCC/Content/DeepElderCaves/Textures/T_DebrisSmall_D.uasset" 1706
"C:/Users/lucas/OneDrive/Documentos/Unreal Projects/TCC_Optimization/TCC/Content/DeepElderCaves/Textures/T_DebrisSmall_D.uexp" 1707
"C:/Users/lucas/OneDrive/Documentos/Unreal Projects/TCC_Optimization/TCC/Content/DeepElderCaves/Materials/MI_DebrisSmall.uasset" 1708
"C:/Users/lucas/OneDrive/Documentos/Unreal Projects/TCC_Optimization/TCC/Content/DeepElderCaves/Materials/MI_DebrisSmall.uexp" 1709
"C:/Users/lucas/OneDrive/Documentos/Unreal Projects/TCC_Optimization/TCC/Content/DeepElderCaves/Meshes/Props/SM_Giant_Arm_Ver_A.ubulk" 1710
"C:/Users/lucas/OneDrive/Documentos/Unreal Projects/TCC_Optimization/TCC/Content/DeepElderCaves/Meshes/Props/SM_Giant_Arm_Ver_A.uasset" 1711
"C:/Users/lucas/OneDrive/Documentos/Unreal Projects/TCC_Optimization/TCC/Content/DeepElderCaves/Meshes/Props/SM_Giant_Arm_Ver_A.uexp" 1712
"C:/Users/lucas/OneDrive/Documentos/Unreal Projects/TCC_Optimization/TCC/Content/DeepElderCaves/Meshes/Props/SM_Giant_Arm.ubulk" 1713
"C:/Users/lucas/OneDrive/Documentos/Unreal Projects/TCC_Optimization/TCC/Content/DeepElderCaves/Meshes/Props/SM_Giant_Arm.uasset" 1714
"C:/Users/lucas/OneDrive/Documentos/Unreal Projects/TCC_Optimization/TCC/Content/DeepElderCaves/Meshes/Props/SM_Giant_Arm.uexp" 1715
"C:/Users/lucas/OneDrive/Documentos/Unreal Projects/TCC_Optimization/TCC/Content/DeepElderCaves/Textures/T_GiantHead_C_ORM.ubulk" 1716
"C:/Users/lucas/OneDrive/Documentos/Unreal Projects/TCC_Optimization/TCC/Content/DeepElderCaves/Textures/T_GiantHead_C_ORM.uasset" 1717
"C:/Users/lucas/OneDrive/Documentos/Unreal Projects/TCC_Optimization/TCC/Content/DeepElderCaves/Textures/T_GiantHead_C_ORM.uexp" 1718
"C:/Users/lucas/OneDrive/Documentos/Unreal Projects/TCC_Optimization/TCC/Content/DeepElderCaves/Textures/T_GiantHead_C_N.ubulk" 1719
"C:/Users/lucas/OneDrive/Documentos/Unreal Projects/TCC_Optimization/TCC/Content/DeepElderCaves/Textures/T_GiantHead_C_N.uasset" 1720
"C:/Users/lucas/OneDrive/Documentos/Unreal Projects/TCC_Optimization/TCC/Content/DeepElderCaves/Textures/T_GiantHead_C_N.uexp" 1721
"C:/Users/lucas/OneDrive/Documentos/Unreal Projects/TCC_Optimization/TCC/Content/DeepElderCaves/Textures/T_GiantHead_C_D.ubulk" 1722
"C:/Users/lucas/OneDrive/Documentos/Unreal Projects/TCC_Optimization/TCC/Content/DeepElderCaves/Textures/T_GiantHead_C_D.uasset" 1723
"C:/Users/lucas/OneDrive/Documentos/Unreal Projects/TCC_Optimization/TCC/Content/DeepElderCaves/Textures/T_GiantHead_C_D.uexp" 1724
"C:/Users/lucas/OneDrive/Documentos/Unreal Projects/TCC_Optimization/TCC/Content/DeepElderCaves/Materials/MI_GiantHead_C.uasset" 1725
"C:/Users/lucas/OneDrive/Documentos/Unreal Projects/TCC_Optimization/TCC/Content/DeepElderCaves/Materials/MI_GiantHead_C.uexp" 1726
"C:/Users/lucas/OneDrive/Documentos/Unreal Projects/TCC_Optimization/TCC/Content/DeepElderCaves/Meshes/Props/SM_GiantHead_C.ubulk" 1727
"C:/Users/lucas/OneDrive/Documentos/Unreal Projects/TCC_Optimization/TCC/Content/DeepElderCaves/Meshes/Props/SM_GiantHead_C.uasset" 1728
"C:/Users/lucas/OneDrive/Documentos/Unreal Projects/TCC_Optimization/TCC/Content/DeepElderCaves/Meshes/Props/SM_GiantHead_C.uexp" 1729
"C:/Users/lucas/OneDrive/Documentos/Unreal Projects/TCC_Optimization/TCC/Content/DeepElderCaves/Textures/T_GiantHead_B_ORM.ubulk" 1730
"C:/Users/lucas/OneDrive/Documentos/Unreal Projects/TCC_Optimization/TCC/Content/DeepElderCaves/Textures/T_GiantHead_B_ORM.uasset" 1731
"C:/Users/lucas/OneDrive/Documentos/Unreal Projects/TCC_Optimization/TCC/Content/DeepElderCaves/Textures/T_GiantHead_B_ORM.uexp" 1732
"C:/Users/lucas/OneDrive/Documentos/Unreal Projects/TCC_Optimization/TCC/Content/DeepElderCaves/Textures/T_GiantHead_B_N.ubulk" 1733
"C:/Users/lucas/OneDrive/Documentos/Unreal Projects/TCC_Optimization/TCC/Content/DeepElderCaves/Textures/T_GiantHead_B_N.uasset" 1734
"C:/Users/lucas/OneDrive/Documentos/Unreal Projects/TCC_Optimization/TCC/Content/DeepElderCaves/Textures/T_GiantHead_B_N.uexp" 1735
"C:/Users/lucas/OneDrive/Documentos/Unreal Projects/TCC_Optimization/TCC/Content/DeepElderCaves/Textures/T_GiantHead_B_D.ubulk" 1736
"C:/Users/lucas/OneDrive/Documentos/Unreal Projects/TCC_Optimization/TCC/Content/DeepElderCaves/Textures/T_GiantHead_B_D.uasset" 1737
"C:/Users/lucas/OneDrive/Documentos/Unreal Projects/TCC_Optimization/TCC/Content/DeepElderCaves/Textures/T_GiantHead_B_D.uexp" 1738
"C:/Users/lucas/OneDrive/Documentos/Unreal Projects/TCC_Optimization/TCC/Content/DeepElderCaves/Materials/MI_GiantHead_B.uasset" 1739
"C:/Users/lucas/OneDrive/Documentos/Unreal Projects/TCC_Optimization/TCC/Content/DeepElderCaves/Materials/MI_GiantHead_B.uexp" 1740
"C:/Users/lucas/OneDrive/Documentos/Unreal Projects/TCC_Optimization/TCC/Content/DeepElderCaves/Meshes/Props/SM_GiantHead_B.ubulk" 1741
"C:/Users/lucas/OneDrive/Documentos/Unreal Projects/TCC_Optimization/TCC/Content/DeepElderCaves/Meshes/Props/SM_GiantHead_B.uasset" 1742
"C:/Users/lucas/OneDrive/Documentos/Unreal Projects/TCC_Optimization/TCC/Content/DeepElderCaves/Meshes/Props/SM_GiantHead_B.uexp" 1743
"C:/Users/lucas/OneDrive/Documentos/Unreal Projects/TCC_Optimization/TCC/Content/DeepElderCaves/Textures/T_GiantHead_A_ORM.ubulk" 1744
"C:/Users/lucas/OneDrive/Documentos/Unreal Projects/TCC_Optimization/TCC/Content/DeepElderCaves/Textures/T_GiantHead_A_ORM.uasset" 1745
"C:/Users/lucas/OneDrive/Documentos/Unreal Projects/TCC_Optimization/TCC/Content/DeepElderCaves/Textures/T_GiantHead_A_ORM.uexp" 1746
"C:/Users/lucas/OneDrive/Documentos/Unreal Projects/TCC_Optimization/TCC/Content/DeepElderCaves/Textures/T_GiantHead_A_N.ubulk" 1747
"C:/Users/lucas/OneDrive/Documentos/Unreal Projects/TCC_Optimization/TCC/Content/DeepElderCaves/Textures/T_GiantHead_A_N.uasset" 1748
"C:/Users/lucas/OneDrive/Documentos/Unreal Projects/TCC_Optimization/TCC/Content/DeepElderCaves/Textures/T_GiantHead_A_N.uexp" 1749
"C:/Users/lucas/OneDrive/Documentos/Unreal Projects/TCC_Optimization/TCC/Content/DeepElderCaves/Textures/T_GiantHead_A_D.ubulk" 1750
"C:/Users/lucas/OneDrive/Documentos/Unreal Projects/TCC_Optimization/TCC/Content/DeepElderCaves/Textures/T_GiantHead_A_D.uasset" 1751
"C:/Users/lucas/OneDrive/Documentos/Unreal Projects/TCC_Optimization/TCC/Content/DeepElderCaves/Textures/T_GiantHead_A_D.uexp" 1752
"C:/Users/lucas/OneDrive/Documentos/Unreal Projects/TCC_Optimization/TCC/Content/DeepElderCaves/Materials/MI_GiantHead_A.uasset" 1753
"C:/Users/lucas/OneDrive/Documentos/Unreal Projects/TCC_Optimization/TCC/Content/DeepElderCaves/Materials/MI_GiantHead_A.uexp" 1754
"C:/Users/lucas/OneDrive/Documentos/Unreal Projects/TCC_Optimization/TCC/Content/DeepElderCaves/Meshes/Props/SM_GiantHead_A.ubulk" 1755
"C:/Users/lucas/OneDrive/Documentos/Unreal Projects/TCC_Optimization/TCC/Content/DeepElderCaves/Meshes/Props/SM_GiantHead_A.uasset" 1756
"C:/Users/lucas/OneDrive/Documentos/Unreal Projects/TCC_Optimization/TCC/Content/DeepElderCaves/Meshes/Props/SM_GiantHead_A.uexp" 1757
"C:/Users/lucas/OneDrive/Documentos/Unreal Projects/TCC_Optimization/TCC/Content/DeepElderCaves/Meshes/Props/SM_Generic_Rock_E.ubulk" 1758
"C:/Users/lucas/OneDrive/Documentos/Unreal Projects/TCC_Optimization/TCC/Content/DeepElderCaves/Meshes/Props/SM_Generic_Rock_E.uasset" 1759
"C:/Users/lucas/OneDrive/Documentos/Unreal Projects/TCC_Optimization/TCC/Content/DeepElderCaves/Meshes/Props/SM_Generic_Rock_E.uexp" 1760
"C:/Users/lucas/OneDrive/Documentos/Unreal Projects/TCC_Optimization/TCC/Content/DeepElderCaves/Meshes/Props/SM_Generic_Rock_D.ubulk" 1761
"C:/Users/lucas/OneDrive/Documentos/Unreal Projects/TCC_Optimization/TCC/Content/DeepElderCaves/Meshes/Props/SM_Generic_Rock_D.uasset" 1762
"C:/Users/lucas/OneDrive/Documentos/Unreal Projects/TCC_Optimization/TCC/Content/DeepElderCaves/Meshes/Props/SM_Generic_Rock_D.uexp" 1763
"C:/Users/lucas/OneDrive/Documentos/Unreal Projects/TCC_Optimization/TCC/Content/DeepElderCaves/Meshes/Props/SM_Generic_Rock_C.ubulk" 1764
"C:/Users/lucas/OneDrive/Documentos/Unreal Projects/TCC_Optimization/TCC/Content/DeepElderCaves/Meshes/Props/SM_Generic_Rock_C.uasset" 1765
"C:/Users/lucas/OneDrive/Documentos/Unreal Projects/TCC_Optimization/TCC/Content/DeepElderCaves/Meshes/Props/SM_Generic_Rock_C.uexp" 1766
"C:/Users/lucas/OneDrive/Documentos/Unreal Projects/TCC_Optimization/TCC/Content/DeepElderCaves/Meshes/Props/SM_Generic_Rock_B.ubulk" 1767
"C:/Users/lucas/OneDrive/Documentos/Unreal Projects/TCC_Optimization/TCC/Content/DeepElderCaves/Meshes/Props/SM_Generic_Rock_B.uasset" 1768
"C:/Users/lucas/OneDrive/Documentos/Unreal Projects/TCC_Optimization/TCC/Content/DeepElderCaves/Meshes/Props/SM_Generic_Rock_B.uexp" 1769
"C:/Users/lucas/OneDrive/Documentos/Unreal Projects/TCC_Optimization/TCC/Content/DeepElderCaves/Meshes/Props/SM_Generic_Rock_A.ubulk" 1770
"C:/Users/lucas/OneDrive/Documentos/Unreal Projects/TCC_Optimization/TCC/Content/DeepElderCaves/Meshes/Props/SM_Generic_Rock_A.uasset" 1771
"C:/Users/lucas/OneDrive/Documentos/Unreal Projects/TCC_Optimization/TCC/Content/DeepElderCaves/Meshes/Props/SM_Generic_Rock_A.uexp" 1772
"C:/Users/lucas/OneDrive/Documentos/Unreal Projects/TCC_Optimization/TCC/Content/DeepElderCaves/Textures/T_FigureInhabitant_ORM.ubulk" 1773
"C:/Users/lucas/OneDrive/Documentos/Unreal Projects/TCC_Optimization/TCC/Content/DeepElderCaves/Textures/T_FigureInhabitant_ORM.uasset" 1774
"C:/Users/lucas/OneDrive/Documentos/Unreal Projects/TCC_Optimization/TCC/Content/DeepElderCaves/Textures/T_FigureInhabitant_ORM.uexp" 1775
"C:/Users/lucas/OneDrive/Documentos/Unreal Projects/TCC_Optimization/TCC/Content/DeepElderCaves/Textures/T_FigureInhabitant_N.ubulk" 1776
"C:/Users/lucas/OneDrive/Documentos/Unreal Projects/TCC_Optimization/TCC/Content/DeepElderCaves/Textures/T_FigureInhabitant_N.uasset" 1777
"C:/Users/lucas/OneDrive/Documentos/Unreal Projects/TCC_Optimization/TCC/Content/DeepElderCaves/Textures/T_FigureInhabitant_N.uexp" 1778
"C:/Users/lucas/OneDrive/Documentos/Unreal Projects/TCC_Optimization/TCC/Content/DeepElderCaves/Textures/T_FigureInhabitant_D.ubulk" 1779
"C:/Users/lucas/OneDrive/Documentos/Unreal Projects/TCC_Optimization/TCC/Content/DeepElderCaves/Textures/T_FigureInhabitant_D.uasset" 1780
"C:/Users/lucas/OneDrive/Documentos/Unreal Projects/TCC_Optimization/TCC/Content/DeepElderCaves/Textures/T_FigureInhabitant_D.uexp" 1781
"C:/Users/lucas/OneDrive/Documentos/Unreal Projects/TCC_Optimization/TCC/Content/DeepElderCaves/Materials/MI_FigureInhabitant.uasset" 1782
"C:/Users/lucas/OneDrive/Documentos/Unreal Projects/TCC_Optimization/TCC/Content/DeepElderCaves/Materials/MI_FigureInhabitant.uexp" 1783
"C:/Users/lucas/OneDrive/Documentos/Unreal Projects/TCC_Optimization/TCC/Content/DeepElderCaves/Meshes/Props/SM_FigureInhabitant_Group_E.ubulk" 1784
"C:/Users/lucas/OneDrive/Documentos/Unreal Projects/TCC_Optimization/TCC/Content/DeepElderCaves/Meshes/Props/SM_FigureInhabitant_Group_E.uasset" 1785
"C:/Users/lucas/OneDrive/Documentos/Unreal Projects/TCC_Optimization/TCC/Content/DeepElderCaves/Meshes/Props/SM_FigureInhabitant_Group_E.uexp" 1786
"C:/Users/lucas/OneDrive/Documentos/Unreal Projects/TCC_Optimization/TCC/Content/DeepElderCaves/Meshes/Props/SM_FigureInhabitant_Group_D.ubulk" 1787
"C:/Users/lucas/OneDrive/Documentos/Unreal Projects/TCC_Optimization/TCC/Content/DeepElderCaves/Meshes/Props/SM_FigureInhabitant_Group_D.uasset" 1788
"C:/Users/lucas/OneDrive/Documentos/Unreal Projects/TCC_Optimization/TCC/Content/DeepElderCaves/Meshes/Props/SM_FigureInhabitant_Group_D.uexp" 1789
"C:/Users/lucas/OneDrive/Documentos/Unreal Projects/TCC_Optimization/TCC/Content/DeepElderCaves/Meshes/Props/SM_FigureInhabitant_Group_C.ubulk" 1790
"C:/Users/lucas/OneDrive/Documentos/Unreal Projects/TCC_Optimization/TCC/Content/DeepElderCaves/Meshes/Props/SM_FigureInhabitant_Group_C.uasset" 1791
"C:/Users/lucas/OneDrive/Documentos/Unreal Projects/TCC_Optimization/TCC/Content/DeepElderCaves/Meshes/Props/SM_FigureInhabitant_Group_C.uexp" 1792
"C:/Users/lucas/OneDrive/Documentos/Unreal Projects/TCC_Optimization/TCC/Content/DeepElderCaves/Meshes/Props/SM_FigureInhabitant_Group_B.ubulk" 1793
"C:/Users/lucas/OneDrive/Documentos/Unreal Projects/TCC_Optimization/TCC/Content/DeepElderCaves/Meshes/Props/SM_FigureInhabitant_Group_B.uasset" 1794
"C:/Users/lucas/OneDrive/Documentos/Unreal Projects/TCC_Optimization/TCC/Content/DeepElderCaves/Meshes/Props/SM_FigureInhabitant_Group_B.uexp" 1795
"C:/Users/lucas/OneDrive/Documentos/Unreal Projects/TCC_Optimization/TCC/Content/DeepElderCaves/Meshes/Props/SM_FigureInhabitant_Group_A.ubulk" 1796
"C:/Users/lucas/OneDrive/Documentos/Unreal Projects/TCC_Optimization/TCC/Content/DeepElderCaves/Meshes/Props/SM_FigureInhabitant_Group_A.uasset" 1797
"C:/Users/lucas/OneDrive/Documentos/Unreal Projects/TCC_Optimization/TCC/Content/DeepElderCaves/Meshes/Props/SM_FigureInhabitant_Group_A.uexp" 1798
"C:/Users/lucas/OneDrive/Documentos/Unreal Projects/TCC_Optimization/TCC/Content/DeepElderCaves/Meshes/Props/SM_FigureInhabitant_10.ubulk" 1799
"C:/Users/lucas/OneDrive/Documentos/Unreal Projects/TCC_Optimization/TCC/Content/DeepElderCaves/Meshes/Props/SM_FigureInhabitant_10.uasset" 1800
"C:/Users/lucas/OneDrive/Documentos/Unreal Projects/TCC_Optimization/TCC/Content/DeepElderCaves/Meshes/Props/SM_FigureInhabitant_10.uexp" 1801
"C:/Users/lucas/OneDrive/Documentos/Unreal Projects/TCC_Optimization/TCC/Content/DeepElderCaves/Meshes/Props/SM_FigureInhabitant_11.ubulk" 1802
"C:/Users/lucas/OneDrive/Documentos/Unreal Projects/TCC_Optimization/TCC/Content/DeepElderCaves/Meshes/Props/SM_FigureInhabitant_11.uasset" 1803
"C:/Users/lucas/OneDrive/Documentos/Unreal Projects/TCC_Optimization/TCC/Content/DeepElderCaves/Meshes/Props/SM_FigureInhabitant_11.uexp" 1804
"C:/Users/lucas/OneDrive/Documentos/Unreal Projects/TCC_Optimization/TCC/Content/DeepElderCaves/Meshes/Props/SM_FigureInhabitant_12.ubulk" 1805
"C:/Users/lucas/OneDrive/Documentos/Unreal Projects/TCC_Optimization/TCC/Content/DeepElderCaves/Meshes/Props/SM_FigureInhabitant_12.uasset" 1806
"C:/Users/lucas/OneDrive/Documentos/Unreal Projects/TCC_Optimization/TCC/Content/DeepElderCaves/Meshes/Props/SM_FigureInhabitant_12.uexp" 1807
"C:/Users/lucas/OneDrive/Documentos/Unreal Projects/TCC_Optimization/TCC/Content/DeepElderCaves/Meshes/Props/SM_FigureInhabitant_13.ubulk" 1808
"C:/Users/lucas/OneDrive/Documentos/Unreal Projects/TCC_Optimization/TCC/Content/DeepElderCaves/Meshes/Props/SM_FigureInhabitant_13.uasset" 1809
"C:/Users/lucas/OneDrive/Documentos/Unreal Projects/TCC_Optimization/TCC/Content/DeepElderCaves/Meshes/Props/SM_FigureInhabitant_13.uexp" 1810
"C:/Users/lucas/OneDrive/Documentos/Unreal Projects/TCC_Optimization/TCC/Content/DeepElderCaves/Meshes/Props/SM_FigureInhabitant_14.ubulk" 1811
"C:/Users/lucas/OneDrive/Documentos/Unreal Projects/TCC_Optimization/TCC/Content/DeepElderCaves/Meshes/Props/SM_FigureInhabitant_14.uasset" 1812
"C:/Users/lucas/OneDrive/Documentos/Unreal Projects/TCC_Optimization/TCC/Content/DeepElderCaves/Meshes/Props/SM_FigureInhabitant_14.uexp" 1813
"C:/Users/lucas/OneDrive/Documentos/Unreal Projects/TCC_Optimization/TCC/Content/DeepElderCaves/Meshes/Props/SM_FigureInhabitant_15.ubulk" 1814
"C:/Users/lucas/OneDrive/Documentos/Unreal Projects/TCC_Optimization/TCC/Content/DeepElderCaves/Meshes/Props/SM_FigureInhabitant_15.uasset" 1815
"C:/Users/lucas/OneDrive/Documentos/Unreal Projects/TCC_Optimization/TCC/Content/DeepElderCaves/Meshes/Props/SM_FigureInhabitant_15.uexp" 1816
"C:/Users/lucas/OneDrive/Documentos/Unreal Projects/TCC_Optimization/TCC/Content/DeepElderCaves/Meshes/Props/SM_FigureInhabitant_09.ubulk" 1817
"C:/Users/lucas/OneDrive/Documentos/Unreal Projects/TCC_Optimization/TCC/Content/DeepElderCaves/Meshes/Props/SM_FigureInhabitant_09.uasset" 1818
"C:/Users/lucas/OneDrive/Documentos/Unreal Projects/TCC_Optimization/TCC/Content/DeepElderCaves/Meshes/Props/SM_FigureInhabitant_09.uexp" 1819
"C:/Users/lucas/OneDrive/Documentos/Unreal Projects/TCC_Optimization/TCC/Content/DeepElderCaves/Meshes/Props/SM_FigureInhabitant_08.ubulk" 1820
"C:/Users/lucas/OneDrive/Documentos/Unreal Projects/TCC_Optimization/TCC/Content/DeepElderCaves/Meshes/Props/SM_FigureInhabitant_08.uasset" 1821
"C:/Users/lucas/OneDrive/Documentos/Unreal Projects/TCC_Optimization/TCC/Content/DeepElderCaves/Meshes/Props/SM_FigureInhabitant_08.uexp" 1822
"C:/Users/lucas/OneDrive/Documentos/Unreal Projects/TCC_Optimization/TCC/Content/DeepElderCaves/Meshes/Props/SM_FigureInhabitant_07.ubulk" 1823
"C:/Users/lucas/OneDrive/Documentos/Unreal Projects/TCC_Optimization/TCC/Content/DeepElderCaves/Meshes/Props/SM_FigureInhabitant_07.uasset" 1824
"C:/Users/lucas/OneDrive/Documentos/Unreal Projects/TCC_Optimization/TCC/Content/DeepElderCaves/Meshes/Props/SM_FigureInhabitant_07.uexp" 1825
"C:/Users/lucas/OneDrive/Documentos/Unreal Projects/TCC_Optimization/TCC/Content/DeepElderCaves/Meshes/Props/SM_FigureInhabitant_06.ubulk" 1826
"C:/Users/lucas/OneDrive/Documentos/Unreal Projects/TCC_Optimization/TCC/Content/DeepElderCaves/Meshes/Props/SM_FigureInhabitant_06.uasset" 1827
"C:/Users/lucas/OneDrive/Documentos/Unreal Projects/TCC_Optimization/TCC/Content/DeepElderCaves/Meshes/Props/SM_FigureInhabitant_06.uexp" 1828
"C:/Users/lucas/OneDrive/Documentos/Unreal Projects/TCC_Optimization/TCC/Content/DeepElderCaves/Meshes/Props/SM_FigureInhabitant_05.ubulk" 1829
"C:/Users/lucas/OneDrive/Documentos/Unreal Projects/TCC_Optimization/TCC/Content/DeepElderCaves/Meshes/Props/SM_FigureInhabitant_05.uasset" 1830
"C:/Users/lucas/OneDrive/Documentos/Unreal Projects/TCC_Optimization/TCC/Content/DeepElderCaves/Meshes/Props/SM_FigureInhabitant_05.uexp" 1831
"C:/Users/lucas/OneDrive/Documentos/Unreal Projects/TCC_Optimization/TCC/Content/DeepElderCaves/Meshes/Props/SM_FigureInhabitant_04.ubulk" 1832
"C:/Users/lucas/OneDrive/Documentos/Unreal Projects/TCC_Optimization/TCC/Content/DeepElderCaves/Meshes/Props/SM_FigureInhabitant_04.uasset" 1833
"C:/Users/lucas/OneDrive/Documentos/Unreal Projects/TCC_Optimization/TCC/Content/DeepElderCaves/Meshes/Props/SM_FigureInhabitant_04.uexp" 1834
"C:/Users/lucas/OneDrive/Documentos/Unreal Projects/TCC_Optimization/TCC/Content/DeepElderCaves/Meshes/Props/SM_FigureInhabitant_03.ubulk" 1835
"C:/Users/lucas/OneDrive/Documentos/Unreal Projects/TCC_Optimization/TCC/Content/DeepElderCaves/Meshes/Props/SM_FigureInhabitant_03.uasset" 1836
"C:/Users/lucas/OneDrive/Documentos/Unreal Projects/TCC_Optimization/TCC/Content/DeepElderCaves/Meshes/Props/SM_FigureInhabitant_03.uexp" 1837
"C:/Users/lucas/OneDrive/Documentos/Unreal Projects/TCC_Optimization/TCC/Content/DeepElderCaves/Meshes/Props/SM_FigureInhabitant_02.ubulk" 1838
"C:/Users/lucas/OneDrive/Documentos/Unreal Projects/TCC_Optimization/TCC/Content/DeepElderCaves/Meshes/Props/SM_FigureInhabitant_02.uasset" 1839
"C:/Users/lucas/OneDrive/Documentos/Unreal Projects/TCC_Optimization/TCC/Content/DeepElderCaves/Meshes/Props/SM_FigureInhabitant_02.uexp" 1840
"C:/Users/lucas/OneDrive/Documentos/Unreal Projects/TCC_Optimization/TCC/Content/DeepElderCaves/Meshes/Props/SM_FigureInhabitant_01.ubulk" 1841
"C:/Users/lucas/OneDrive/Documentos/Unreal Projects/TCC_Optimization/TCC/Content/DeepElderCaves/Meshes/Props/SM_FigureInhabitant_01.uasset" 1842
"C:/Users/lucas/OneDrive/Documentos/Unreal Projects/TCC_Optimization/TCC/Content/DeepElderCaves/Meshes/Props/SM_FigureInhabitant_01.uexp" 1843
"C:/Users/lucas/OneDrive/Documentos/Unreal Projects/TCC_Optimization/TCC/Content/DeepElderCaves/Textures/T_EntryTotem_ORM.ubulk" 1844
"C:/Users/lucas/OneDrive/Documentos/Unreal Projects/TCC_Optimization/TCC/Content/DeepElderCaves/Textures/T_EntryTotem_ORM.uasset" 1845
"C:/Users/lucas/OneDrive/Documentos/Unreal Projects/TCC_Optimization/TCC/Content/DeepElderCaves/Textures/T_EntryTotem_ORM.uexp" 1846
"C:/Users/lucas/OneDrive/Documentos/Unreal Projects/TCC_Optimization/TCC/Content/DeepElderCaves/Textures/T_EntryTotem_N.ubulk" 1847
"C:/Users/lucas/OneDrive/Documentos/Unreal Projects/TCC_Optimization/TCC/Content/DeepElderCaves/Textures/T_EntryTotem_N.uasset" 1848
"C:/Users/lucas/OneDrive/Documentos/Unreal Projects/TCC_Optimization/TCC/Content/DeepElderCaves/Textures/T_EntryTotem_N.uexp" 1849
"C:/Users/lucas/OneDrive/Documentos/Unreal Projects/TCC_Optimization/TCC/Content/DeepElderCaves/Textures/T_EntryTotem_D.ubulk" 1850
"C:/Users/lucas/OneDrive/Documentos/Unreal Projects/TCC_Optimization/TCC/Content/DeepElderCaves/Textures/T_EntryTotem_D.uasset" 1851
"C:/Users/lucas/OneDrive/Documentos/Unreal Projects/TCC_Optimization/TCC/Content/DeepElderCaves/Textures/T_EntryTotem_D.uexp" 1852
"C:/Users/lucas/OneDrive/Documentos/Unreal Projects/TCC_Optimization/TCC/Content/DeepElderCaves/Materials/MI_EntryTotem.uasset" 1853
"C:/Users/lucas/OneDrive/Documentos/Unreal Projects/TCC_Optimization/TCC/Content/DeepElderCaves/Materials/MI_EntryTotem.uexp" 1854
"C:/Users/lucas/OneDrive/Documentos/Unreal Projects/TCC_Optimization/TCC/Content/DeepElderCaves/Meshes/Props/SM_EntryTotem.ubulk" 1855
"C:/Users/lucas/OneDrive/Documentos/Unreal Projects/TCC_Optimization/TCC/Content/DeepElderCaves/Meshes/Props/SM_EntryTotem.uasset" 1856
"C:/Users/lucas/OneDrive/Documentos/Unreal Projects/TCC_Optimization/TCC/Content/DeepElderCaves/Meshes/Props/SM_EntryTotem.uexp" 1857
"C:/Users/lucas/OneDrive/Documentos/Unreal Projects/TCC_Optimization/TCC/Content/DeepElderCaves/Meshes/Props/SM_EntryRock_03.ubulk" 1858
"C:/Users/lucas/OneDrive/Documentos/Unreal Projects/TCC_Optimization/TCC/Content/DeepElderCaves/Meshes/Props/SM_EntryRock_03.uasset" 1859
"C:/Users/lucas/OneDrive/Documentos/Unreal Projects/TCC_Optimization/TCC/Content/DeepElderCaves/Meshes/Props/SM_EntryRock_03.uexp" 1860
"C:/Users/lucas/OneDrive/Documentos/Unreal Projects/TCC_Optimization/TCC/Content/DeepElderCaves/Meshes/Props/SM_EntryRock_02.ubulk" 1861
"C:/Users/lucas/OneDrive/Documentos/Unreal Projects/TCC_Optimization/TCC/Content/DeepElderCaves/Meshes/Props/SM_EntryRock_02.uasset" 1862
"C:/Users/lucas/OneDrive/Documentos/Unreal Projects/TCC_Optimization/TCC/Content/DeepElderCaves/Meshes/Props/SM_EntryRock_02.uexp" 1863
"C:/Users/lucas/OneDrive/Documentos/Unreal Projects/TCC_Optimization/TCC/Content/DeepElderCaves/Meshes/Props/SM_EntryRock_01.ubulk" 1864
"C:/Users/lucas/OneDrive/Documentos/Unreal Projects/TCC_Optimization/TCC/Content/DeepElderCaves/Meshes/Props/SM_EntryRock_01.uasset" 1865
"C:/Users/lucas/OneDrive/Documentos/Unreal Projects/TCC_Optimization/TCC/Content/DeepElderCaves/Meshes/Props/SM_EntryRock_01.uexp" 1866
"C:/Users/lucas/OneDrive/Documentos/Unreal Projects/TCC_Optimization/TCC/Content/DeepElderCaves/Meshes/Props/SM_EntryDecor.ubulk" 1867
"C:/Users/lucas/OneDrive/Documentos/Unreal Projects/TCC_Optimization/TCC/Content/DeepElderCaves/Meshes/Props/SM_EntryDecor.uasset" 1868
"C:/Users/lucas/OneDrive/Documentos/Unreal Projects/TCC_Optimization/TCC/Content/DeepElderCaves/Meshes/Props/SM_EntryDecor.uexp" 1869
"C:/Users/lucas/OneDrive/Documentos/Unreal Projects/TCC_Optimization/TCC/Content/DeepElderCaves/Textures/T_DecorPillar_B_ORM.ubulk" 1870
"C:/Users/lucas/OneDrive/Documentos/Unreal Projects/TCC_Optimization/TCC/Content/DeepElderCaves/Textures/T_DecorPillar_B_ORM.uasset" 1871
"C:/Users/lucas/OneDrive/Documentos/Unreal Projects/TCC_Optimization/TCC/Content/DeepElderCaves/Textures/T_DecorPillar_B_ORM.uexp" 1872
"C:/Users/lucas/OneDrive/Documentos/Unreal Projects/TCC_Optimization/TCC/Content/DeepElderCaves/Textures/T_DecorPillar_B_N.ubulk" 1873
"C:/Users/lucas/OneDrive/Documentos/Unreal Projects/TCC_Optimization/TCC/Content/DeepElderCaves/Textures/T_DecorPillar_B_N.uasset" 1874
"C:/Users/lucas/OneDrive/Documentos/Unreal Projects/TCC_Optimization/TCC/Content/DeepElderCaves/Textures/T_DecorPillar_B_N.uexp" 1875
"C:/Users/lucas/OneDrive/Documentos/Unreal Projects/TCC_Optimization/TCC/Content/DeepElderCaves/Textures/T_DecorPillar_B_D.ubulk" 1876
"C:/Users/lucas/OneDrive/Documentos/Unreal Projects/TCC_Optimization/TCC/Content/DeepElderCaves/Textures/T_DecorPillar_B_D.uasset" 1877
"C:/Users/lucas/OneDrive/Documentos/Unreal Projects/TCC_Optimization/TCC/Content/DeepElderCaves/Textures/T_DecorPillar_B_D.uexp" 1878
"C:/Users/lucas/OneDrive/Documentos/Unreal Projects/TCC_Optimization/TCC/Content/DeepElderCaves/Materials/MI_DecorPillar_B.uasset" 1879
"C:/Users/lucas/OneDrive/Documentos/Unreal Projects/TCC_Optimization/TCC/Content/DeepElderCaves/Materials/MI_DecorPillar_B.uexp" 1880
"C:/Users/lucas/OneDrive/Documentos/Unreal Projects/TCC_Optimization/TCC/Content/DeepElderCaves/Meshes/Props/SM_DecorPillar_B.ubulk" 1881
"C:/Users/lucas/OneDrive/Documentos/Unreal Projects/TCC_Optimization/TCC/Content/DeepElderCaves/Meshes/Props/SM_DecorPillar_B.uasset" 1882
"C:/Users/lucas/OneDrive/Documentos/Unreal Projects/TCC_Optimization/TCC/Content/DeepElderCaves/Meshes/Props/SM_DecorPillar_B.uexp" 1883
"C:/Users/lucas/OneDrive/Documentos/Unreal Projects/TCC_Optimization/TCC/Content/DeepElderCaves/Textures/T_DecorPillar_A_ORM.ubulk" 1884
"C:/Users/lucas/OneDrive/Documentos/Unreal Projects/TCC_Optimization/TCC/Content/DeepElderCaves/Textures/T_DecorPillar_A_ORM.uasset" 1885
"C:/Users/lucas/OneDrive/Documentos/Unreal Projects/TCC_Optimization/TCC/Content/DeepElderCaves/Textures/T_DecorPillar_A_ORM.uexp" 1886
"C:/Users/lucas/OneDrive/Documentos/Unreal Projects/TCC_Optimization/TCC/Content/DeepElderCaves/Textures/T_DecorPillar_A_N.ubulk" 1887
"C:/Users/lucas/OneDrive/Documentos/Unreal Projects/TCC_Optimization/TCC/Content/DeepElderCaves/Textures/T_DecorPillar_A_N.uasset" 1888
"C:/Users/lucas/OneDrive/Documentos/Unreal Projects/TCC_Optimization/TCC/Content/DeepElderCaves/Textures/T_DecorPillar_A_N.uexp" 1889
"C:/Users/lucas/OneDrive/Documentos/Unreal Projects/TCC_Optimization/TCC/Content/DeepElderCaves/Textures/T_DecorPillar_A_D.ubulk" 1890
"C:/Users/lucas/OneDrive/Documentos/Unreal Projects/TCC_Optimization/TCC/Content/DeepElderCaves/Textures/T_DecorPillar_A_D.uasset" 1891
"C:/Users/lucas/OneDrive/Documentos/Unreal Projects/TCC_Optimization/TCC/Content/DeepElderCaves/Textures/T_DecorPillar_A_D.uexp" 1892
"C:/Users/lucas/OneDrive/Documentos/Unreal Projects/TCC_Optimization/TCC/Content/DeepElderCaves/Materials/MI_DecorPillar_A.uasset" 1893
"C:/Users/lucas/OneDrive/Documentos/Unreal Projects/TCC_Optimization/TCC/Content/DeepElderCaves/Materials/MI_DecorPillar_A.uexp" 1894
"C:/Users/lucas/OneDrive/Documentos/Unreal Projects/TCC_Optimization/TCC/Content/DeepElderCaves/Meshes/Props/SM_DecorPillar_A.ubulk" 1895
"C:/Users/lucas/OneDrive/Documentos/Unreal Projects/TCC_Optimization/TCC/Content/DeepElderCaves/Meshes/Props/SM_DecorPillar_A.uasset" 1896
"C:/Users/lucas/OneDrive/Documentos/Unreal Projects/TCC_Optimization/TCC/Content/DeepElderCaves/Meshes/Props/SM_DecorPillar_A.uexp" 1897
"C:/Users/lucas/OneDrive/Documentos/Unreal Projects/TCC_Optimization/TCC/Content/DeepElderCaves/Meshes/Props/SM_DebrisSmall_J.ubulk" 1898
"C:/Users/lucas/OneDrive/Documentos/Unreal Projects/TCC_Optimization/TCC/Content/DeepElderCaves/Meshes/Props/SM_DebrisSmall_J.uasset" 1899
"C:/Users/lucas/OneDrive/Documentos/Unreal Projects/TCC_Optimization/TCC/Content/DeepElderCaves/Meshes/Props/SM_DebrisSmall_J.uexp" 1900
"C:/Users/lucas/OneDrive/Documentos/Unreal Projects/TCC_Optimization/TCC/Content/DeepElderCaves/Meshes/Props/SM_DebrisSmall_I.ubulk" 1901
"C:/Users/lucas/OneDrive/Documentos/Unreal Projects/TCC_Optimization/TCC/Content/DeepElderCaves/Meshes/Props/SM_DebrisSmall_I.uasset" 1902
"C:/Users/lucas/OneDrive/Documentos/Unreal Projects/TCC_Optimization/TCC/Content/DeepElderCaves/Meshes/Props/SM_DebrisSmall_I.uexp" 1903
"C:/Users/lucas/OneDrive/Documentos/Unreal Projects/TCC_Optimization/TCC/Content/DeepElderCaves/Meshes/Props/SM_DebrisSmall_H.ubulk" 1904
"C:/Users/lucas/OneDrive/Documentos/Unreal Projects/TCC_Optimization/TCC/Content/DeepElderCaves/Meshes/Props/SM_DebrisSmall_H.uasset" 1905
"C:/Users/lucas/OneDrive/Documentos/Unreal Projects/TCC_Optimization/TCC/Content/DeepElderCaves/Meshes/Props/SM_DebrisSmall_H.uexp" 1906
"C:/Users/lucas/OneDrive/Documentos/Unreal Projects/TCC_Optimization/TCC/Content/DeepElderCaves/Meshes/Props/SM_DebrisSmall_G.ubulk" 1907
"C:/Users/lucas/OneDrive/Documentos/Unreal Projects/TCC_Optimization/TCC/Content/DeepElderCaves/Meshes/Props/SM_DebrisSmall_G.uasset" 1908
"C:/Users/lucas/OneDrive/Documentos/Unreal Projects/TCC_Optimization/TCC/Content/DeepElderCaves/Meshes/Props/SM_DebrisSmall_G.uexp" 1909
"C:/Users/lucas/OneDrive/Documentos/Unreal Projects/TCC_Optimization/TCC/Content/DeepElderCaves/Meshes/Props/SM_DebrisSmall_F.ubulk" 1910
"C:/Users/lucas/OneDrive/Documentos/Unreal Projects/TCC_Optimization/TCC/Content/DeepElderCaves/Meshes/Props/SM_DebrisSmall_F.uasset" 1911
"C:/Users/lucas/OneDrive/Documentos/Unreal Projects/TCC_Optimization/TCC/Content/DeepElderCaves/Meshes/Props/SM_DebrisSmall_F.uexp" 1912
"C:/Users/lucas/OneDrive/Documentos/Unreal Projects/TCC_Optimization/TCC/Content/DeepElderCaves/Meshes/Props/SM_DebrisSmall_E.ubulk" 1913
"C:/Users/lucas/OneDrive/Documentos/Unreal Projects/TCC_Optimization/TCC/Content/DeepElderCaves/Meshes/Props/SM_DebrisSmall_E.uasset" 1914
"C:/Users/lucas/OneDrive/Documentos/Unreal Projects/TCC_Optimization/TCC/Content/DeepElderCaves/Meshes/Props/SM_DebrisSmall_E.uexp" 1915
"C:/Users/lucas/OneDrive/Documentos/Unreal Projects/TCC_Optimization/TCC/Content/DeepElderCaves/Meshes/Props/SM_DebrisSmall_D.ubulk" 1916
"C:/Users/lucas/OneDrive/Documentos/Unreal Projects/TCC_Optimization/TCC/Content/DeepElderCaves/Meshes/Props/SM_DebrisSmall_D.uasset" 1917
"C:/Users/lucas/OneDrive/Documentos/Unreal Projects/TCC_Optimization/TCC/Content/DeepElderCaves/Meshes/Props/SM_DebrisSmall_D.uexp" 1918
"C:/Users/lucas/OneDrive/Documentos/Unreal Projects/TCC_Optimization/TCC/Content/DeepElderCaves/Meshes/Props/SM_DebrisSmall_C.ubulk" 1919
"C:/Users/lucas/OneDrive/Documentos/Unreal Projects/TCC_Optimization/TCC/Content/DeepElderCaves/Meshes/Props/SM_DebrisSmall_C.uasset" 1920
"C:/Users/lucas/OneDrive/Documentos/Unreal Projects/TCC_Optimization/TCC/Content/DeepElderCaves/Meshes/Props/SM_DebrisSmall_C.uexp" 1921
"C:/Users/lucas/OneDrive/Documentos/Unreal Projects/TCC_Optimization/TCC/Content/DeepElderCaves/Meshes/Props/SM_DebrisSmall_B.ubulk" 1922
"C:/Users/lucas/OneDrive/Documentos/Unreal Projects/TCC_Optimization/TCC/Content/DeepElderCaves/Meshes/Props/SM_DebrisSmall_B.uasset" 1923
"C:/Users/lucas/OneDrive/Documentos/Unreal Projects/TCC_Optimization/TCC/Content/DeepElderCaves/Meshes/Props/SM_DebrisSmall_B.uexp" 1924
"C:/Users/lucas/OneDrive/Documentos/Unreal Projects/TCC_Optimization/TCC/Content/DeepElderCaves/Meshes/Props/SM_DebrisSmall_A.ubulk" 1925
"C:/Users/lucas/OneDrive/Documentos/Unreal Projects/TCC_Optimization/TCC/Content/DeepElderCaves/Meshes/Props/SM_DebrisSmall_A.uasset" 1926
"C:/Users/lucas/OneDrive/Documentos/Unreal Projects/TCC_Optimization/TCC/Content/DeepElderCaves/Meshes/Props/SM_DebrisSmall_A.uexp" 1927
"C:/Users/lucas/OneDrive/Documentos/Unreal Projects/TCC_Optimization/TCC/Content/DeepElderCaves/Textures/T_Cliff_07_ORM.ubulk" 1928
"C:/Users/lucas/OneDrive/Documentos/Unreal Projects/TCC_Optimization/TCC/Content/DeepElderCaves/Textures/T_Cliff_07_ORM.uasset" 1929
"C:/Users/lucas/OneDrive/Documentos/Unreal Projects/TCC_Optimization/TCC/Content/DeepElderCaves/Textures/T_Cliff_07_ORM.uexp" 1930
"C:/Users/lucas/OneDrive/Documentos/Unreal Projects/TCC_Optimization/TCC/Content/DeepElderCaves/Textures/T_Cliff_07_N.ubulk" 1931
"C:/Users/lucas/OneDrive/Documentos/Unreal Projects/TCC_Optimization/TCC/Content/DeepElderCaves/Textures/T_Cliff_07_N.uasset" 1932
"C:/Users/lucas/OneDrive/Documentos/Unreal Projects/TCC_Optimization/TCC/Content/DeepElderCaves/Textures/T_Cliff_07_N.uexp" 1933
"C:/Users/lucas/OneDrive/Documentos/Unreal Projects/TCC_Optimization/TCC/Content/DeepElderCaves/Textures/T_Cliff_07_D.ubulk" 1934
"C:/Users/lucas/OneDrive/Documentos/Unreal Projects/TCC_Optimization/TCC/Content/DeepElderCaves/Textures/T_Cliff_07_D.uasset" 1935
"C:/Users/lucas/OneDrive/Documentos/Unreal Projects/TCC_Optimization/TCC/Content/DeepElderCaves/Textures/T_Cliff_07_D.uexp" 1936
"C:/Users/lucas/OneDrive/Documentos/Unreal Projects/TCC_Optimization/TCC/Content/DeepElderCaves/Materials/MI_Cliff_07.uasset" 1937
"C:/Users/lucas/OneDrive/Documentos/Unreal Projects/TCC_Optimization/TCC/Content/DeepElderCaves/Materials/MI_Cliff_07.uexp" 1938
"C:/Users/lucas/OneDrive/Documentos/Unreal Projects/TCC_Optimization/TCC/Content/DeepElderCaves/Meshes/Props/SM_Cliff_07.ubulk" 1939
"C:/Users/lucas/OneDrive/Documentos/Unreal Projects/TCC_Optimization/TCC/Content/DeepElderCaves/Meshes/Props/SM_Cliff_07.uasset" 1940
"C:/Users/lucas/OneDrive/Documentos/Unreal Projects/TCC_Optimization/TCC/Content/DeepElderCaves/Meshes/Props/SM_Cliff_07.uexp" 1941
"C:/Users/lucas/OneDrive/Documentos/Unreal Projects/TCC_Optimization/TCC/Content/DeepElderCaves/Textures/T_Cliff_06_ORM.ubulk" 1942
"C:/Users/lucas/OneDrive/Documentos/Unreal Projects/TCC_Optimization/TCC/Content/DeepElderCaves/Textures/T_Cliff_06_ORM.uasset" 1943
"C:/Users/lucas/OneDrive/Documentos/Unreal Projects/TCC_Optimization/TCC/Content/DeepElderCaves/Textures/T_Cliff_06_ORM.uexp" 1944
"C:/Users/lucas/OneDrive/Documentos/Unreal Projects/TCC_Optimization/TCC/Content/DeepElderCaves/Textures/T_Cliff_06_N.ubulk" 1945
"C:/Users/lucas/OneDrive/Documentos/Unreal Projects/TCC_Optimization/TCC/Content/DeepElderCaves/Textures/T_Cliff_06_N.uasset" 1946
"C:/Users/lucas/OneDrive/Documentos/Unreal Projects/TCC_Optimization/TCC/Content/DeepElderCaves/Textures/T_Cliff_06_N.uexp" 1947
"C:/Users/lucas/OneDrive/Documentos/Unreal Projects/TCC_Optimization/TCC/Content/DeepElderCaves/Textures/T_Cliff_06_D.ubulk" 1948
"C:/Users/lucas/OneDrive/Documentos/Unreal Projects/TCC_Optimization/TCC/Content/DeepElderCaves/Textures/T_Cliff_06_D.uasset" 1949
"C:/Users/lucas/OneDrive/Documentos/Unreal Projects/TCC_Optimization/TCC/Content/DeepElderCaves/Textures/T_Cliff_06_D.uexp" 1950
"C:/Users/lucas/OneDrive/Documentos/Unreal Projects/TCC_Optimization/TCC/Content/DeepElderCaves/Materials/MI_Cliff_06.uasset" 1951
"C:/Users/lucas/OneDrive/Documentos/Unreal Projects/TCC_Optimization/TCC/Content/DeepElderCaves/Materials/MI_Cliff_06.uexp" 1952
"C:/Users/lucas/OneDrive/Documentos/Unreal Projects/TCC_Optimization/TCC/Content/DeepElderCaves/Meshes/Props/SM_Cliff_06.ubulk" 1953
"C:/Users/lucas/OneDrive/Documentos/Unreal Projects/TCC_Optimization/TCC/Content/DeepElderCaves/Meshes/Props/SM_Cliff_06.uasset" 1954
"C:/Users/lucas/OneDrive/Documentos/Unreal Projects/TCC_Optimization/TCC/Content/DeepElderCaves/Meshes/Props/SM_Cliff_06.uexp" 1955
"C:/Users/lucas/OneDrive/Documentos/Unreal Projects/TCC_Optimization/TCC/Content/DeepElderCaves/Textures/T_Cliff_05_ORM.ubulk" 1956
"C:/Users/lucas/OneDrive/Documentos/Unreal Projects/TCC_Optimization/TCC/Content/DeepElderCaves/Textures/T_Cliff_05_ORM.uasset" 1957
"C:/Users/lucas/OneDrive/Documentos/Unreal Projects/TCC_Optimization/TCC/Content/DeepElderCaves/Textures/T_Cliff_05_ORM.uexp" 1958
"C:/Users/lucas/OneDrive/Documentos/Unreal Projects/TCC_Optimization/TCC/Content/DeepElderCaves/Textures/T_Cliff_05_N.ubulk" 1959
"C:/Users/lucas/OneDrive/Documentos/Unreal Projects/TCC_Optimization/TCC/Content/DeepElderCaves/Textures/T_Cliff_05_N.uasset" 1960
"C:/Users/lucas/OneDrive/Documentos/Unreal Projects/TCC_Optimization/TCC/Content/DeepElderCaves/Textures/T_Cliff_05_N.uexp" 1961
"C:/Users/lucas/OneDrive/Documentos/Unreal Projects/TCC_Optimization/TCC/Content/DeepElderCaves/Textures/T_Cliff_05_D.ubulk" 1962
"C:/Users/lucas/OneDrive/Documentos/Unreal Projects/TCC_Optimization/TCC/Content/DeepElderCaves/Textures/T_Cliff_05_D.uasset" 1963
"C:/Users/lucas/OneDrive/Documentos/Unreal Projects/TCC_Optimization/TCC/Content/DeepElderCaves/Textures/T_Cliff_05_D.uexp" 1964
"C:/Users/lucas/OneDrive/Documentos/Unreal Projects/TCC_Optimization/TCC/Content/DeepElderCaves/Materials/MI_Cliff_05.uasset" 1965
"C:/Users/lucas/OneDrive/Documentos/Unreal Projects/TCC_Optimization/TCC/Content/DeepElderCaves/Materials/MI_Cliff_05.uexp" 1966
"C:/Users/lucas/OneDrive/Documentos/Unreal Projects/TCC_Optimization/TCC/Content/DeepElderCaves/Meshes/Props/SM_Cliff_05.ubulk" 1967
"C:/Users/lucas/OneDrive/Documentos/Unreal Projects/TCC_Optimization/TCC/Content/DeepElderCaves/Meshes/Props/SM_Cliff_05.uasset" 1968
"C:/Users/lucas/OneDrive/Documentos/Unreal Projects/TCC_Optimization/TCC/Content/DeepElderCaves/Meshes/Props/SM_Cliff_05.uexp" 1969
"C:/Users/lucas/OneDrive/Documentos/Unreal Projects/TCC_Optimization/TCC/Content/DeepElderCaves/Textures/T_Cliff_04_ORM.ubulk" 1970
"C:/Users/lucas/OneDrive/Documentos/Unreal Projects/TCC_Optimization/TCC/Content/DeepElderCaves/Textures/T_Cliff_04_ORM.uasset" 1971
"C:/Users/lucas/OneDrive/Documentos/Unreal Projects/TCC_Optimization/TCC/Content/DeepElderCaves/Textures/T_Cliff_04_ORM.uexp" 1972
"C:/Users/lucas/OneDrive/Documentos/Unreal Projects/TCC_Optimization/TCC/Content/DeepElderCaves/Textures/T_Cliff_04_N.ubulk" 1973
"C:/Users/lucas/OneDrive/Documentos/Unreal Projects/TCC_Optimization/TCC/Content/DeepElderCaves/Textures/T_Cliff_04_N.uasset" 1974
"C:/Users/lucas/OneDrive/Documentos/Unreal Projects/TCC_Optimization/TCC/Content/DeepElderCaves/Textures/T_Cliff_04_N.uexp" 1975
"C:/Users/lucas/OneDrive/Documentos/Unreal Projects/TCC_Optimization/TCC/Content/DeepElderCaves/Textures/T_Cliff_04_D.ubulk" 1976
"C:/Users/lucas/OneDrive/Documentos/Unreal Projects/TCC_Optimization/TCC/Content/DeepElderCaves/Textures/T_Cliff_04_D.uasset" 1977
"C:/Users/lucas/OneDrive/Documentos/Unreal Projects/TCC_Optimization/TCC/Content/DeepElderCaves/Textures/T_Cliff_04_D.uexp" 1978
"C:/Users/lucas/OneDrive/Documentos/Unreal Projects/TCC_Optimization/TCC/Content/DeepElderCaves/Materials/MI_Cliff_04.uasset" 1979
"C:/Users/lucas/OneDrive/Documentos/Unreal Projects/TCC_Optimization/TCC/Content/DeepElderCaves/Materials/MI_Cliff_04.uexp" 1980
"C:/Users/lucas/OneDrive/Documentos/Unreal Projects/TCC_Optimization/TCC/Content/DeepElderCaves/Meshes/Props/SM_Cliff_04.ubulk" 1981
"C:/Users/lucas/OneDrive/Documentos/Unreal Projects/TCC_Optimization/TCC/Content/DeepElderCaves/Meshes/Props/SM_Cliff_04.uasset" 1982
"C:/Users/lucas/OneDrive/Documentos/Unreal Projects/TCC_Optimization/TCC/Content/DeepElderCaves/Meshes/Props/SM_Cliff_04.uexp" 1983
"C:/Users/lucas/OneDrive/Documentos/Unreal Projects/TCC_Optimization/TCC/Content/DeepElderCaves/Textures/T_Cliff_03_ORM.ubulk" 1984
"C:/Users/lucas/OneDrive/Documentos/Unreal Projects/TCC_Optimization/TCC/Content/DeepElderCaves/Textures/T_Cliff_03_ORM.uasset" 1985
"C:/Users/lucas/OneDrive/Documentos/Unreal Projects/TCC_Optimization/TCC/Content/DeepElderCaves/Textures/T_Cliff_03_ORM.uexp" 1986
"C:/Users/lucas/OneDrive/Documentos/Unreal Projects/TCC_Optimization/TCC/Content/DeepElderCaves/Textures/T_Cliff_03_N.ubulk" 1987
"C:/Users/lucas/OneDrive/Documentos/Unreal Projects/TCC_Optimization/TCC/Content/DeepElderCaves/Textures/T_Cliff_03_N.uasset" 1988
"C:/Users/lucas/OneDrive/Documentos/Unreal Projects/TCC_Optimization/TCC/Content/DeepElderCaves/Textures/T_Cliff_03_N.uexp" 1989
"C:/Users/lucas/OneDrive/Documentos/Unreal Projects/TCC_Optimization/TCC/Content/DeepElderCaves/Textures/T_Cliff_03_D.ubulk" 1990
"C:/Users/lucas/OneDrive/Documentos/Unreal Projects/TCC_Optimization/TCC/Content/DeepElderCaves/Textures/T_Cliff_03_D.uasset" 1991
"C:/Users/lucas/OneDrive/Documentos/Unreal Projects/TCC_Optimization/TCC/Content/DeepElderCaves/Textures/T_Cliff_03_D.uexp" 1992
"C:/Users/lucas/OneDrive/Documentos/Unreal Projects/TCC_Optimization/TCC/Content/DeepElderCaves/Materials/MI_Cliff_03.uasset" 1993
"C:/Users/lucas/OneDrive/Documentos/Unreal Projects/TCC_Optimization/TCC/Content/DeepElderCaves/Materials/MI_Cliff_03.uexp" 1994
"C:/Users/lucas/OneDrive/Documentos/Unreal Projects/TCC_Optimization/TCC/Content/DeepElderCaves/Meshes/Props/SM_Cliff_03.ubulk" 1995
"C:/Users/lucas/OneDrive/Documentos/Unreal Projects/TCC_Optimization/TCC/Content/DeepElderCaves/Meshes/Props/SM_Cliff_03.uasset" 1996
"C:/Users/lucas/OneDrive/Documentos/Unreal Projects/TCC_Optimization/TCC/Content/DeepElderCaves/Meshes/Props/SM_Cliff_03.uexp" 1997
"C:/Users/lucas/OneDrive/Documentos/Unreal Projects/TCC_Optimization/TCC/Content/DeepElderCaves/Textures/T_Cliff_02_ORM.ubulk" 1998
"C:/Users/lucas/OneDrive/Documentos/Unreal Projects/TCC_Optimization/TCC/Content/DeepElderCaves/Textures/T_Cliff_02_ORM.uasset" 1999
"C:/Users/lucas/OneDrive/Documentos/Unreal Projects/TCC_Optimization/TCC/Content/DeepElderCaves/Textures/T_Cliff_02_ORM.uexp" 2000
"C:/Users/lucas/OneDrive/Documentos/Unreal Projects/TCC_Optimization/TCC/Content/DeepElderCaves/Textures/T_Cliff_02_N.ubulk" 2001
"C:/Users/lucas/OneDrive/Documentos/Unreal Projects/TCC_Optimization/TCC/Content/DeepElderCaves/Textures/T_Cliff_02_N.uasset" 2002
"C:/Users/lucas/OneDrive/Documentos/Unreal Projects/TCC_Optimization/TCC/Content/DeepElderCaves/Textures/T_Cliff_02_N.uexp" 2003
"C:/Users/lucas/OneDrive/Documentos/Unreal Projects/TCC_Optimization/TCC/Content/DeepElderCaves/Textures/T_Cliff_02_D.ubulk" 2004
"C:/Users/lucas/OneDrive/Documentos/Unreal Projects/TCC_Optimization/TCC/Content/DeepElderCaves/Textures/T_Cliff_02_D.uasset" 2005
"C:/Users/lucas/OneDrive/Documentos/Unreal Projects/TCC_Optimization/TCC/Content/DeepElderCaves/Textures/T_Cliff_02_D.uexp" 2006
"C:/Users/lucas/OneDrive/Documentos/Unreal Projects/TCC_Optimization/TCC/Content/DeepElderCaves/Materials/MI_Cliff_02.uasset" 2007
"C:/Users/lucas/OneDrive/Documentos/Unreal Projects/TCC_Optimization/TCC/Content/DeepElderCaves/Materials/MI_Cliff_02.uexp" 2008
"C:/Users/lucas/OneDrive/Documentos/Unreal Projects/TCC_Optimization/TCC/Content/DeepElderCaves/Meshes/Props/SM_Cliff_02.ubulk" 2009
"C:/Users/lucas/OneDrive/Documentos/Unreal Projects/TCC_Optimization/TCC/Content/DeepElderCaves/Meshes/Props/SM_Cliff_02.uasset" 2010
"C:/Users/lucas/OneDrive/Documentos/Unreal Projects/TCC_Optimization/TCC/Content/DeepElderCaves/Meshes/Props/SM_Cliff_02.uexp" 2011
"C:/Users/lucas/OneDrive/Documentos/Unreal Projects/TCC_Optimization/TCC/Content/DeepElderCaves/Materials/MI_Cliff_01.uasset" 2012
"C:/Users/lucas/OneDrive/Documentos/Unreal Projects/TCC_Optimization/TCC/Content/DeepElderCaves/Materials/MI_Cliff_01.uexp" 2013
"C:/Users/lucas/OneDrive/Documentos/Unreal Projects/TCC_Optimization/TCC/Content/DeepElderCaves/Meshes/Props/SM_Cliff_01.ubulk" 2014
"C:/Users/lucas/OneDrive/Documentos/Unreal Projects/TCC_Optimization/TCC/Content/DeepElderCaves/Meshes/Props/SM_Cliff_01.uasset" 2015
"C:/Users/lucas/OneDrive/Documentos/Unreal Projects/TCC_Optimization/TCC/Content/DeepElderCaves/Meshes/Props/SM_Cliff_01.uexp" 2016
"C:/Users/lucas/OneDrive/Documentos/Unreal Projects/TCC_Optimization/TCC/Content/DeepElderCaves/Textures/T_AncientCoin_A_ORM.ubulk" 2017
"C:/Users/lucas/OneDrive/Documentos/Unreal Projects/TCC_Optimization/TCC/Content/DeepElderCaves/Textures/T_AncientCoin_A_ORM.uasset" 2018
"C:/Users/lucas/OneDrive/Documentos/Unreal Projects/TCC_Optimization/TCC/Content/DeepElderCaves/Textures/T_AncientCoin_A_ORM.uexp" 2019
"C:/Users/lucas/OneDrive/Documentos/Unreal Projects/TCC_Optimization/TCC/Content/DeepElderCaves/Textures/T_AncientCoin_A_N.ubulk" 2020
"C:/Users/lucas/OneDrive/Documentos/Unreal Projects/TCC_Optimization/TCC/Content/DeepElderCaves/Textures/T_AncientCoin_A_N.uasset" 2021
"C:/Users/lucas/OneDrive/Documentos/Unreal Projects/TCC_Optimization/TCC/Content/DeepElderCaves/Textures/T_AncientCoin_A_N.uexp" 2022
"C:/Users/lucas/OneDrive/Documentos/Unreal Projects/TCC_Optimization/TCC/Content/DeepElderCaves/Textures/T_AncientCoin_A_D.ubulk" 2023
"C:/Users/lucas/OneDrive/Documentos/Unreal Projects/TCC_Optimization/TCC/Content/DeepElderCaves/Textures/T_AncientCoin_A_D.uasset" 2024
"C:/Users/lucas/OneDrive/Documentos/Unreal Projects/TCC_Optimization/TCC/Content/DeepElderCaves/Textures/T_AncientCoin_A_D.uexp" 2025
"C:/Users/lucas/OneDrive/Documentos/Unreal Projects/TCC_Optimization/TCC/Content/DeepElderCaves/Materials/M_AncientCoins.uasset" 2026
"C:/Users/lucas/OneDrive/Documentos/Unreal Projects/TCC_Optimization/TCC/Content/DeepElderCaves/Materials/M_AncientCoins.uexp" 2027
"C:/Users/lucas/OneDrive/Documentos/Unreal Projects/TCC_Optimization/TCC/Content/DeepElderCaves/Materials/MI_AncientCoin_A.uasset" 2028
"C:/Users/lucas/OneDrive/Documentos/Unreal Projects/TCC_Optimization/TCC/Content/DeepElderCaves/Materials/MI_AncientCoin_A.uexp" 2029
"C:/Users/lucas/OneDrive/Documentos/Unreal Projects/TCC_Optimization/TCC/Content/DeepElderCaves/Meshes/Props/SM_AncientCoin_07.ubulk" 2030
"C:/Users/lucas/OneDrive/Documentos/Unreal Projects/TCC_Optimization/TCC/Content/DeepElderCaves/Meshes/Props/SM_AncientCoin_07.uasset" 2031
"C:/Users/lucas/OneDrive/Documentos/Unreal Projects/TCC_Optimization/TCC/Content/DeepElderCaves/Meshes/Props/SM_AncientCoin_07.uexp" 2032
"C:/Users/lucas/OneDrive/Documentos/Unreal Projects/TCC_Optimization/TCC/Content/DeepElderCaves/Meshes/Props/SM_AncientCoin_06.ubulk" 2033
"C:/Users/lucas/OneDrive/Documentos/Unreal Projects/TCC_Optimization/TCC/Content/DeepElderCaves/Meshes/Props/SM_AncientCoin_06.uasset" 2034
"C:/Users/lucas/OneDrive/Documentos/Unreal Projects/TCC_Optimization/TCC/Content/DeepElderCaves/Meshes/Props/SM_AncientCoin_06.uexp" 2035
"C:/Users/lucas/OneDrive/Documentos/Unreal Projects/TCC_Optimization/TCC/Content/DeepElderCaves/Meshes/Props/SM_AncientCoin_05.ubulk" 2036
"C:/Users/lucas/OneDrive/Documentos/Unreal Projects/TCC_Optimization/TCC/Content/DeepElderCaves/Meshes/Props/SM_AncientCoin_05.uasset" 2037
"C:/Users/lucas/OneDrive/Documentos/Unreal Projects/TCC_Optimization/TCC/Content/DeepElderCaves/Meshes/Props/SM_AncientCoin_05.uexp" 2038
"C:/Users/lucas/OneDrive/Documentos/Unreal Projects/TCC_Optimization/TCC/Content/DeepElderCaves/Meshes/Props/SM_AncientCoin_04.ubulk" 2039
"C:/Users/lucas/OneDrive/Documentos/Unreal Projects/TCC_Optimization/TCC/Content/DeepElderCaves/Meshes/Props/SM_AncientCoin_04.uasset" 2040
"C:/Users/lucas/OneDrive/Documentos/Unreal Projects/TCC_Optimization/TCC/Content/DeepElderCaves/Meshes/Props/SM_AncientCoin_04.uexp" 2041
"C:/Users/lucas/OneDrive/Documentos/Unreal Projects/TCC_Optimization/TCC/Content/DeepElderCaves/Meshes/Props/SM_AncientCoin_03.ubulk" 2042
"C:/Users/lucas/OneDrive/Documentos/Unreal Projects/TCC_Optimization/TCC/Content/DeepElderCaves/Meshes/Props/SM_AncientCoin_03.uasset" 2043
"C:/Users/lucas/OneDrive/Documentos/Unreal Projects/TCC_Optimization/TCC/Content/DeepElderCaves/Meshes/Props/SM_AncientCoin_03.uexp" 2044
"C:/Users/lucas/OneDrive/Documentos/Unreal Projects/TCC_Optimization/TCC/Content/DeepElderCaves/Meshes/Props/SM_AncientCoin_02.ubulk" 2045
"C:/Users/lucas/OneDrive/Documentos/Unreal Projects/TCC_Optimization/TCC/Content/DeepElderCaves/Meshes/Props/SM_AncientCoin_02.uasset" 2046
"C:/Users/lucas/OneDrive/Documentos/Unreal Projects/TCC_Optimization/TCC/Content/DeepElderCaves/Meshes/Props/SM_AncientCoin_02.uexp" 2047
"C:/Users/lucas/OneDrive/Documentos/Unreal Projects/TCC_Optimization/TCC/Content/DeepElderCaves/Meshes/Props/SM_AncientCoin_01.ubulk" 2048
"C:/Users/lucas/OneDrive/Documentos/Unreal Projects/TCC_Optimization/TCC/Content/DeepElderCaves/Meshes/Props/SM_AncientCoin_01.uasset" 2049
"C:/Users/lucas/OneDrive/Documentos/Unreal Projects/TCC_Optimization/TCC/Content/DeepElderCaves/Meshes/Props/SM_AncientCoin_01.uexp" 2050
"C:/Users/lucas/OneDrive/Documentos/Unreal Projects/TCC_Optimization/TCC/Content/DeepElderCaves/Meshes/Props/SM_AncientCoinChestDress_02.ubulk" 2051
"C:/Users/lucas/OneDrive/Documentos/Unreal Projects/TCC_Optimization/TCC/Content/DeepElderCaves/Meshes/Props/SM_AncientCoinChestDress_02.uasset" 2052
"C:/Users/lucas/OneDrive/Documentos/Unreal Projects/TCC_Optimization/TCC/Content/DeepElderCaves/Meshes/Props/SM_AncientCoinChestDress_02.uexp" 2053
"C:/Users/lucas/OneDrive/Documentos/Unreal Projects/TCC_Optimization/TCC/Content/DeepElderCaves/Meshes/Props/SM_AncientCoinChestDress_01.ubulk" 2054
"C:/Users/lucas/OneDrive/Documentos/Unreal Projects/TCC_Optimization/TCC/Content/DeepElderCaves/Meshes/Props/SM_AncientCoinChestDress_01.uasset" 2055
"C:/Users/lucas/OneDrive/Documentos/Unreal Projects/TCC_Optimization/TCC/Content/DeepElderCaves/Meshes/Props/SM_AncientCoinChestDress_01.uexp" 2056
"C:/Users/lucas/OneDrive/Documentos/Unreal Projects/TCC_Optimization/TCC/Content/DeepElderCaves/Textures/T_Wall_Corner_N.ubulk" 2057
"C:/Users/lucas/OneDrive/Documentos/Unreal Projects/TCC_Optimization/TCC/Content/DeepElderCaves/Textures/T_Wall_Corner_N.uasset" 2058
"C:/Users/lucas/OneDrive/Documentos/Unreal Projects/TCC_Optimization/TCC/Content/DeepElderCaves/Textures/T_Wall_Corner_N.uexp" 2059
"C:/Users/lucas/OneDrive/Documentos/Unreal Projects/TCC_Optimization/TCC/Content/DeepElderCaves/Materials/MI_Wall_Corner.uasset" 2060
"C:/Users/lucas/OneDrive/Documentos/Unreal Projects/TCC_Optimization/TCC/Content/DeepElderCaves/Materials/MI_Wall_Corner.uexp" 2061
"C:/Users/lucas/OneDrive/Documentos/Unreal Projects/TCC_Optimization/TCC/Content/DeepElderCaves/Meshes/Architecture/SM_Wall_Corner.ubulk" 2062
"C:/Users/lucas/OneDrive/Documentos/Unreal Projects/TCC_Optimization/TCC/Content/DeepElderCaves/Meshes/Architecture/SM_Wall_Corner.uasset" 2063
"C:/Users/lucas/OneDrive/Documentos/Unreal Projects/TCC_Optimization/TCC/Content/DeepElderCaves/Meshes/Architecture/SM_Wall_Corner.uexp" 2064
"C:/Users/lucas/OneDrive/Documentos/Unreal Projects/TCC_Optimization/TCC/Content/DeepElderCaves/Meshes/Architecture/SM_Wall_6x6.ubulk" 2065
"C:/Users/lucas/OneDrive/Documentos/Unreal Projects/TCC_Optimization/TCC/Content/DeepElderCaves/Meshes/Architecture/SM_Wall_6x6.uasset" 2066
"C:/Users/lucas/OneDrive/Documentos/Unreal Projects/TCC_Optimization/TCC/Content/DeepElderCaves/Meshes/Architecture/SM_Wall_6x6.uexp" 2067
"C:/Users/lucas/OneDrive/Documentos/Unreal Projects/TCC_Optimization/TCC/Content/DeepElderCaves/Materials/MI_Wall_4x6.uasset" 2068
"C:/Users/lucas/OneDrive/Documentos/Unreal Projects/TCC_Optimization/TCC/Content/DeepElderCaves/Materials/MI_Wall_4x6.uexp" 2069
"C:/Users/lucas/OneDrive/Documentos/Unreal Projects/TCC_Optimization/TCC/Content/DeepElderCaves/Meshes/Architecture/SM_Wall_4x6.ubulk" 2070
"C:/Users/lucas/OneDrive/Documentos/Unreal Projects/TCC_Optimization/TCC/Content/DeepElderCaves/Meshes/Architecture/SM_Wall_4x6.uasset" 2071
"C:/Users/lucas/OneDrive/Documentos/Unreal Projects/TCC_Optimization/TCC/Content/DeepElderCaves/Meshes/Architecture/SM_Wall_4x6.uexp" 2072
"C:/Users/lucas/OneDrive/Documentos/Unreal Projects/TCC_Optimization/TCC/Content/DeepElderCaves/Meshes/Architecture/SM_Wall_4x3_A.ubulk" 2073
"C:/Users/lucas/OneDrive/Documentos/Unreal Projects/TCC_Optimization/TCC/Content/DeepElderCaves/Meshes/Architecture/SM_Wall_4x3_A.uasset" 2074
"C:/Users/lucas/OneDrive/Documentos/Unreal Projects/TCC_Optimization/TCC/Content/DeepElderCaves/Meshes/Architecture/SM_Wall_4x3_A.uexp" 2075
"C:/Users/lucas/OneDrive/Documentos/Unreal Projects/TCC_Optimization/TCC/Content/DeepElderCaves/Textures/T_Wall_2x6_B_N.ubulk" 2076
"C:/Users/lucas/OneDrive/Documentos/Unreal Projects/TCC_Optimization/TCC/Content/DeepElderCaves/Textures/T_Wall_2x6_B_N.uasset" 2077
"C:/Users/lucas/OneDrive/Documentos/Unreal Projects/TCC_Optimization/TCC/Content/DeepElderCaves/Textures/T_Wall_2x6_B_N.uexp" 2078
"C:/Users/lucas/OneDrive/Documentos/Unreal Projects/TCC_Optimization/TCC/Content/DeepElderCaves/Materials/MI_Wall_2x6_B.uasset" 2079
"C:/Users/lucas/OneDrive/Documentos/Unreal Projects/TCC_Optimization/TCC/Content/DeepElderCaves/Materials/MI_Wall_2x6_B.uexp" 2080
"C:/Users/lucas/OneDrive/Documentos/Unreal Projects/TCC_Optimization/TCC/Content/DeepElderCaves/Meshes/Architecture/SM_Wall_2x6_B.ubulk" 2081
"C:/Users/lucas/OneDrive/Documentos/Unreal Projects/TCC_Optimization/TCC/Content/DeepElderCaves/Meshes/Architecture/SM_Wall_2x6_B.uasset" 2082
"C:/Users/lucas/OneDrive/Documentos/Unreal Projects/TCC_Optimization/TCC/Content/DeepElderCaves/Meshes/Architecture/SM_Wall_2x6_B.uexp" 2083
"C:/Users/lucas/OneDrive/Documentos/Unreal Projects/TCC_Optimization/TCC/Content/DeepElderCaves/Materials/MI_Wall_2x6_A.uasset" 2084
"C:/Users/lucas/OneDrive/Documentos/Unreal Projects/TCC_Optimization/TCC/Content/DeepElderCaves/Materials/MI_Wall_2x6_A.uexp" 2085
"C:/Users/lucas/OneDrive/Documentos/Unreal Projects/TCC_Optimization/TCC/Content/DeepElderCaves/Meshes/Architecture/SM_Wall_2x6_A.ubulk" 2086
"C:/Users/lucas/OneDrive/Documentos/Unreal Projects/TCC_Optimization/TCC/Content/DeepElderCaves/Meshes/Architecture/SM_Wall_2x6_A.uasset" 2087
"C:/Users/lucas/OneDrive/Documentos/Unreal Projects/TCC_Optimization/TCC/Content/DeepElderCaves/Meshes/Architecture/SM_Wall_2x6_A.uexp" 2088
"C:/Users/lucas/OneDrive/Documentos/Unreal Projects/TCC_Optimization/TCC/Content/DeepElderCaves/Materials/MI_WallRock_C.uasset" 2089
"C:/Users/lucas/OneDrive/Documentos/Unreal Projects/TCC_Optimization/TCC/Content/DeepElderCaves/Materials/MI_WallRock_C.uexp" 2090
"C:/Users/lucas/OneDrive/Documentos/Unreal Projects/TCC_Optimization/TCC/Content/DeepElderCaves/Meshes/Architecture/SM_WallRock_C.ubulk" 2091
"C:/Users/lucas/OneDrive/Documentos/Unreal Projects/TCC_Optimization/TCC/Content/DeepElderCaves/Meshes/Architecture/SM_WallRock_C.uasset" 2092
"C:/Users/lucas/OneDrive/Documentos/Unreal Projects/TCC_Optimization/TCC/Content/DeepElderCaves/Meshes/Architecture/SM_WallRock_C.uexp" 2093
"C:/Users/lucas/OneDrive/Documentos/Unreal Projects/TCC_Optimization/TCC/Content/DeepElderCaves/Textures/T_WallRock_B_N.ubulk" 2094
"C:/Users/lucas/OneDrive/Documentos/Unreal Projects/TCC_Optimization/TCC/Content/DeepElderCaves/Textures/T_WallRock_B_N.uasset" 2095
"C:/Users/lucas/OneDrive/Documentos/Unreal Projects/TCC_Optimization/TCC/Content/DeepElderCaves/Textures/T_WallRock_B_N.uexp" 2096
"C:/Users/lucas/OneDrive/Documentos/Unreal Projects/TCC_Optimization/TCC/Content/DeepElderCaves/Materials/MI_WallRock_B.uasset" 2097
"C:/Users/lucas/OneDrive/Documentos/Unreal Projects/TCC_Optimization/TCC/Content/DeepElderCaves/Materials/MI_WallRock_B.uexp" 2098
"C:/Users/lucas/OneDrive/Documentos/Unreal Projects/TCC_Optimization/TCC/Content/DeepElderCaves/Meshes/Architecture/SM_WallRock_B.ubulk" 2099
"C:/Users/lucas/OneDrive/Documentos/Unreal Projects/TCC_Optimization/TCC/Content/DeepElderCaves/Meshes/Architecture/SM_WallRock_B.uasset" 2100
"C:/Users/lucas/OneDrive/Documentos/Unreal Projects/TCC_Optimization/TCC/Content/DeepElderCaves/Meshes/Architecture/SM_WallRock_B.uexp" 2101
"C:/Users/lucas/OneDrive/Documentos/Unreal Projects/TCC_Optimization/TCC/Content/DeepElderCaves/Textures/T_WallRock_A_N.ubulk" 2102
"C:/Users/lucas/OneDrive/Documentos/Unreal Projects/TCC_Optimization/TCC/Content/DeepElderCaves/Textures/T_WallRock_A_N.uasset" 2103
"C:/Users/lucas/OneDrive/Documentos/Unreal Projects/TCC_Optimization/TCC/Content/DeepElderCaves/Textures/T_WallRock_A_N.uexp" 2104
"C:/Users/lucas/OneDrive/Documentos/Unreal Projects/TCC_Optimization/TCC/Content/DeepElderCaves/Materials/MI_WallRock_A.uasset" 2105
"C:/Users/lucas/OneDrive/Documentos/Unreal Projects/TCC_Optimization/TCC/Content/DeepElderCaves/Materials/MI_WallRock_A.uexp" 2106
"C:/Users/lucas/OneDrive/Documentos/Unreal Projects/TCC_Optimization/TCC/Content/DeepElderCaves/Meshes/Architecture/SM_WallRock_A.ubulk" 2107
"C:/Users/lucas/OneDrive/Documentos/Unreal Projects/TCC_Optimization/TCC/Content/DeepElderCaves/Meshes/Architecture/SM_WallRock_A.uasset" 2108
"C:/Users/lucas/OneDrive/Documentos/Unreal Projects/TCC_Optimization/TCC/Content/DeepElderCaves/Meshes/Architecture/SM_WallRock_A.uexp" 2109
"C:/Users/lucas/OneDrive/Documentos/Unreal Projects/TCC_Optimization/TCC/Content/DeepElderCaves/Textures/T_WallArchway_3x6_N.ubulk" 2110
"C:/Users/lucas/OneDrive/Documentos/Unreal Projects/TCC_Optimization/TCC/Content/DeepElderCaves/Textures/T_WallArchway_3x6_N.uasset" 2111
"C:/Users/lucas/OneDrive/Documentos/Unreal Projects/TCC_Optimization/TCC/Content/DeepElderCaves/Textures/T_WallArchway_3x6_N.uexp" 2112
"C:/Users/lucas/OneDrive/Documentos/Unreal Projects/TCC_Optimization/TCC/Content/DeepElderCaves/Materials/MI_WallArchway_3x6.uasset" 2113
"C:/Users/lucas/OneDrive/Documentos/Unreal Projects/TCC_Optimization/TCC/Content/DeepElderCaves/Materials/MI_WallArchway_3x6.uexp" 2114
"C:/Users/lucas/OneDrive/Documentos/Unreal Projects/TCC_Optimization/TCC/Content/DeepElderCaves/Meshes/Architecture/SM_WallArchway_3x6.ubulk" 2115
"C:/Users/lucas/OneDrive/Documentos/Unreal Projects/TCC_Optimization/TCC/Content/DeepElderCaves/Meshes/Architecture/SM_WallArchway_3x6.uasset" 2116
"C:/Users/lucas/OneDrive/Documentos/Unreal Projects/TCC_Optimization/TCC/Content/DeepElderCaves/Meshes/Architecture/SM_WallArchway_3x6.uexp" 2117
"C:/Users/lucas/OneDrive/Documentos/Unreal Projects/TCC_Optimization/TCC/Content/DeepElderCaves/Textures/T_WallArchway_3x3_N.ubulk" 2118
"C:/Users/lucas/OneDrive/Documentos/Unreal Projects/TCC_Optimization/TCC/Content/DeepElderCaves/Textures/T_WallArchway_3x3_N.uasset" 2119
"C:/Users/lucas/OneDrive/Documentos/Unreal Projects/TCC_Optimization/TCC/Content/DeepElderCaves/Textures/T_WallArchway_3x3_N.uexp" 2120
"C:/Users/lucas/OneDrive/Documentos/Unreal Projects/TCC_Optimization/TCC/Content/DeepElderCaves/Materials/MI_WallArchway_3x3.uasset" 2121
"C:/Users/lucas/OneDrive/Documentos/Unreal Projects/TCC_Optimization/TCC/Content/DeepElderCaves/Materials/MI_WallArchway_3x3.uexp" 2122
"C:/Users/lucas/OneDrive/Documentos/Unreal Projects/TCC_Optimization/TCC/Content/DeepElderCaves/Meshes/Architecture/SM_WallArchway_3x3.ubulk" 2123
"C:/Users/lucas/OneDrive/Documentos/Unreal Projects/TCC_Optimization/TCC/Content/DeepElderCaves/Meshes/Architecture/SM_WallArchway_3x3.uasset" 2124
"C:/Users/lucas/OneDrive/Documentos/Unreal Projects/TCC_Optimization/TCC/Content/DeepElderCaves/Meshes/Architecture/SM_WallArchway_3x3.uexp" 2125
"C:/Users/lucas/OneDrive/Documentos/Unreal Projects/TCC_Optimization/TCC/Content/DeepElderCaves/Textures/T_WallArchway_6x3_N.ubulk" 2126
"C:/Users/lucas/OneDrive/Documentos/Unreal Projects/TCC_Optimization/TCC/Content/DeepElderCaves/Textures/T_WallArchway_6x3_N.uasset" 2127
"C:/Users/lucas/OneDrive/Documentos/Unreal Projects/TCC_Optimization/TCC/Content/DeepElderCaves/Textures/T_WallArchway_6x3_N.uexp" 2128
"C:/Users/lucas/OneDrive/Documentos/Unreal Projects/TCC_Optimization/TCC/Content/DeepElderCaves/Materials/MI_WallArchway_6x3.uasset" 2129
"C:/Users/lucas/OneDrive/Documentos/Unreal Projects/TCC_Optimization/TCC/Content/DeepElderCaves/Materials/MI_WallArchway_6x3.uexp" 2130
"C:/Users/lucas/OneDrive/Documentos/Unreal Projects/TCC_Optimization/TCC/Content/DeepElderCaves/Meshes/Architecture/SM_WallArchway_12x3.ubulk" 2131
"C:/Users/lucas/OneDrive/Documentos/Unreal Projects/TCC_Optimization/TCC/Content/DeepElderCaves/Meshes/Architecture/SM_WallArchway_12x3.uasset" 2132
"C:/Users/lucas/OneDrive/Documentos/Unreal Projects/TCC_Optimization/TCC/Content/DeepElderCaves/Meshes/Architecture/SM_WallArchway_12x3.uexp" 2133
"C:/Users/lucas/OneDrive/Documentos/Unreal Projects/TCC_Optimization/TCC/Content/DeepElderCaves/Materials/MI_Pillar_3x6.uasset" 2134
"C:/Users/lucas/OneDrive/Documentos/Unreal Projects/TCC_Optimization/TCC/Content/DeepElderCaves/Materials/MI_Pillar_3x6.uexp" 2135
"C:/Users/lucas/OneDrive/Documentos/Unreal Projects/TCC_Optimization/TCC/Content/DeepElderCaves/Meshes/Architecture/SM_Pillar_3x6.ubulk" 2136
"C:/Users/lucas/OneDrive/Documentos/Unreal Projects/TCC_Optimization/TCC/Content/DeepElderCaves/Meshes/Architecture/SM_Pillar_3x6.uasset" 2137
"C:/Users/lucas/OneDrive/Documentos/Unreal Projects/TCC_Optimization/TCC/Content/DeepElderCaves/Meshes/Architecture/SM_Pillar_3x6.uexp" 2138
"C:/Users/lucas/OneDrive/Documentos/Unreal Projects/TCC_Optimization/TCC/Content/DeepElderCaves/Meshes/Architecture/SM_Pillar_2x6.ubulk" 2139
"C:/Users/lucas/OneDrive/Documentos/Unreal Projects/TCC_Optimization/TCC/Content/DeepElderCaves/Meshes/Architecture/SM_Pillar_2x6.uasset" 2140
"C:/Users/lucas/OneDrive/Documentos/Unreal Projects/TCC_Optimization/TCC/Content/DeepElderCaves/Meshes/Architecture/SM_Pillar_2x6.uexp" 2141
"C:/Users/lucas/OneDrive/Documentos/Unreal Projects/TCC_Optimization/TCC/Content/DeepElderCaves/Meshes/Architecture/SM_Pillar_2x3_B.ubulk" 2142
"C:/Users/lucas/OneDrive/Documentos/Unreal Projects/TCC_Optimization/TCC/Content/DeepElderCaves/Meshes/Architecture/SM_Pillar_2x3_B.uasset" 2143
"C:/Users/lucas/OneDrive/Documentos/Unreal Projects/TCC_Optimization/TCC/Content/DeepElderCaves/Meshes/Architecture/SM_Pillar_2x3_B.uexp" 2144
"C:/Users/lucas/OneDrive/Documentos/Unreal Projects/TCC_Optimization/TCC/Content/DeepElderCaves/Materials/MI_Pillar_2x3_A.uasset" 2145
"C:/Users/lucas/OneDrive/Documentos/Unreal Projects/TCC_Optimization/TCC/Content/DeepElderCaves/Materials/MI_Pillar_2x3_A.uexp" 2146
"C:/Users/lucas/OneDrive/Documentos/Unreal Projects/TCC_Optimization/TCC/Content/DeepElderCaves/Meshes/Architecture/SM_Pillar_2x3_A.ubulk" 2147
"C:/Users/lucas/OneDrive/Documentos/Unreal Projects/TCC_Optimization/TCC/Content/DeepElderCaves/Meshes/Architecture/SM_Pillar_2x3_A.uasset" 2148
"C:/Users/lucas/OneDrive/Documentos/Unreal Projects/TCC_Optimization/TCC/Content/DeepElderCaves/Meshes/Architecture/SM_Pillar_2x3_A.uexp" 2149
"C:/Users/lucas/OneDrive/Documentos/Unreal Projects/TCC_Optimization/TCC/Content/DeepElderCaves/Textures/T_Floor_Pieces_N.ubulk" 2150
"C:/Users/lucas/OneDrive/Documentos/Unreal Projects/TCC_Optimization/TCC/Content/DeepElderCaves/Textures/T_Floor_Pieces_N.uasset" 2151
"C:/Users/lucas/OneDrive/Documentos/Unreal Projects/TCC_Optimization/TCC/Content/DeepElderCaves/Textures/T_Floor_Pieces_N.uexp" 2152
"C:/Users/lucas/OneDrive/Documentos/Unreal Projects/TCC_Optimization/TCC/Content/DeepElderCaves/Materials/MI_Floor_Pieces.uasset" 2153
"C:/Users/lucas/OneDrive/Documentos/Unreal Projects/TCC_Optimization/TCC/Content/DeepElderCaves/Materials/MI_Floor_Pieces.uexp" 2154
"C:/Users/lucas/OneDrive/Documentos/Unreal Projects/TCC_Optimization/TCC/Content/DeepElderCaves/Meshes/Architecture/SM_Floor_Piece_D.ubulk" 2155
"C:/Users/lucas/OneDrive/Documentos/Unreal Projects/TCC_Optimization/TCC/Content/DeepElderCaves/Meshes/Architecture/SM_Floor_Piece_D.uasset" 2156
"C:/Users/lucas/OneDrive/Documentos/Unreal Projects/TCC_Optimization/TCC/Content/DeepElderCaves/Meshes/Architecture/SM_Floor_Piece_D.uexp" 2157
"C:/Users/lucas/OneDrive/Documentos/Unreal Projects/TCC_Optimization/TCC/Content/DeepElderCaves/Meshes/Architecture/SM_Floor_Piece_C.ubulk" 2158
"C:/Users/lucas/OneDrive/Documentos/Unreal Projects/TCC_Optimization/TCC/Content/DeepElderCaves/Meshes/Architecture/SM_Floor_Piece_C.uasset" 2159
"C:/Users/lucas/OneDrive/Documentos/Unreal Projects/TCC_Optimization/TCC/Content/DeepElderCaves/Meshes/Architecture/SM_Floor_Piece_C.uexp" 2160
"C:/Users/lucas/OneDrive/Documentos/Unreal Projects/TCC_Optimization/TCC/Content/DeepElderCaves/Meshes/Architecture/SM_Floor_Piece_B.ubulk" 2161
"C:/Users/lucas/OneDrive/Documentos/Unreal Projects/TCC_Optimization/TCC/Content/DeepElderCaves/Meshes/Architecture/SM_Floor_Piece_B.uasset" 2162
"C:/Users/lucas/OneDrive/Documentos/Unreal Projects/TCC_Optimization/TCC/Content/DeepElderCaves/Meshes/Architecture/SM_Floor_Piece_B.uexp" 2163
"C:/Users/lucas/OneDrive/Documentos/Unreal Projects/TCC_Optimization/TCC/Content/DeepElderCaves/Meshes/Architecture/SM_Floor_Piece_A.ubulk" 2164
"C:/Users/lucas/OneDrive/Documentos/Unreal Projects/TCC_Optimization/TCC/Content/DeepElderCaves/Meshes/Architecture/SM_Floor_Piece_A.uasset" 2165
"C:/Users/lucas/OneDrive/Documentos/Unreal Projects/TCC_Optimization/TCC/Content/DeepElderCaves/Meshes/Architecture/SM_Floor_Piece_A.uexp" 2166
"C:/Users/lucas/OneDrive/Documentos/Unreal Projects/TCC_Optimization/TCC/Content/DeepElderCaves/Textures/T_Floor_6x6_N.ubulk" 2167
"C:/Users/lucas/OneDrive/Documentos/Unreal Projects/TCC_Optimization/TCC/Content/DeepElderCaves/Textures/T_Floor_6x6_N.uasset" 2168
"C:/Users/lucas/OneDrive/Documentos/Unreal Projects/TCC_Optimization/TCC/Content/DeepElderCaves/Textures/T_Floor_6x6_N.uexp" 2169
"C:/Users/lucas/OneDrive/Documentos/Unreal Projects/TCC_Optimization/TCC/Content/DeepElderCaves/Materials/MI_Floor_6x6.uasset" 2170
"C:/Users/lucas/OneDrive/Documentos/Unreal Projects/TCC_Optimization/TCC/Content/DeepElderCaves/Materials/MI_Floor_6x6.uexp" 2171
"C:/Users/lucas/OneDrive/Documentos/Unreal Projects/TCC_Optimization/TCC/Content/DeepElderCaves/Meshes/Architecture/SM_Floor_6x6.ubulk" 2172
"C:/Users/lucas/OneDrive/Documentos/Unreal Projects/TCC_Optimization/TCC/Content/DeepElderCaves/Meshes/Architecture/SM_Floor_6x6.uasset" 2173
"C:/Users/lucas/OneDrive/Documentos/Unreal Projects/TCC_Optimization/TCC/Content/DeepElderCaves/Meshes/Architecture/SM_Floor_6x6.uexp" 2174
"C:/Users/lucas/OneDrive/Documentos/Unreal Projects/TCC_Optimization/TCC/Content/DeepElderCaves/Meshes/Architecture/SM_Floor_3x6.ubulk" 2175
"C:/Users/lucas/OneDrive/Documentos/Unreal Projects/TCC_Optimization/TCC/Content/DeepElderCaves/Meshes/Architecture/SM_Floor_3x6.uasset" 2176
"C:/Users/lucas/OneDrive/Documentos/Unreal Projects/TCC_Optimization/TCC/Content/DeepElderCaves/Meshes/Architecture/SM_Floor_3x6.uexp" 2177
"C:/Users/lucas/OneDrive/Documentos/Unreal Projects/TCC_Optimization/TCC/Content/DeepElderCaves/Textures/T_Floor_3x3_N.ubulk" 2178
"C:/Users/lucas/OneDrive/Documentos/Unreal Projects/TCC_Optimization/TCC/Content/DeepElderCaves/Textures/T_Floor_3x3_N.uasset" 2179
"C:/Users/lucas/OneDrive/Documentos/Unreal Projects/TCC_Optimization/TCC/Content/DeepElderCaves/Textures/T_Floor_3x3_N.uexp" 2180
"C:/Users/lucas/OneDrive/Documentos/Unreal Projects/TCC_Optimization/TCC/Content/DeepElderCaves/Materials/MI_Floor_3x3.uasset" 2181
"C:/Users/lucas/OneDrive/Documentos/Unreal Projects/TCC_Optimization/TCC/Content/DeepElderCaves/Materials/MI_Floor_3x3.uexp" 2182
"C:/Users/lucas/OneDrive/Documentos/Unreal Projects/TCC_Optimization/TCC/Content/DeepElderCaves/Meshes/Architecture/SM_Floor_3x3.ubulk" 2183
"C:/Users/lucas/OneDrive/Documentos/Unreal Projects/TCC_Optimization/TCC/Content/DeepElderCaves/Meshes/Architecture/SM_Floor_3x3.uasset" 2184
"C:/Users/lucas/OneDrive/Documentos/Unreal Projects/TCC_Optimization/TCC/Content/DeepElderCaves/Meshes/Architecture/SM_Floor_3x3.uexp" 2185
"C:/Users/lucas/OneDrive/Documentos/Unreal Projects/TCC_Optimization/TCC/Content/DeepElderCaves/Textures/T_Ceiling_Main_N.ubulk" 2186
"C:/Users/lucas/OneDrive/Documentos/Unreal Projects/TCC_Optimization/TCC/Content/DeepElderCaves/Textures/T_Ceiling_Main_N.uasset" 2187
"C:/Users/lucas/OneDrive/Documentos/Unreal Projects/TCC_Optimization/TCC/Content/DeepElderCaves/Textures/T_Ceiling_Main_N.uexp" 2188
"C:/Users/lucas/OneDrive/Documentos/Unreal Projects/TCC_Optimization/TCC/Content/DeepElderCaves/Materials/MI_Ceiling_Main.uasset" 2189
"C:/Users/lucas/OneDrive/Documentos/Unreal Projects/TCC_Optimization/TCC/Content/DeepElderCaves/Materials/MI_Ceiling_Main.uexp" 2190
"C:/Users/lucas/OneDrive/Documentos/Unreal Projects/TCC_Optimization/TCC/Content/DeepElderCaves/Meshes/Architecture/SM_Ceiling_Main.ubulk" 2191
"C:/Users/lucas/OneDrive/Documentos/Unreal Projects/TCC_Optimization/TCC/Content/DeepElderCaves/Meshes/Architecture/SM_Ceiling_Main.uasset" 2192
"C:/Users/lucas/OneDrive/Documentos/Unreal Projects/TCC_Optimization/TCC/Content/DeepElderCaves/Meshes/Architecture/SM_Ceiling_Main.uexp" 2193
"C:/Users/lucas/OneDrive/Documentos/Unreal Projects/TCC_Optimization/TCC/Content/DeepElderCaves/Textures/T_Bridge_B_N.ubulk" 2194
"C:/Users/lucas/OneDrive/Documentos/Unreal Projects/TCC_Optimization/TCC/Content/DeepElderCaves/Textures/T_Bridge_B_N.uasset" 2195
"C:/Users/lucas/OneDrive/Documentos/Unreal Projects/TCC_Optimization/TCC/Content/DeepElderCaves/Textures/T_Bridge_B_N.uexp" 2196
"C:/Users/lucas/OneDrive/Documentos/Unreal Projects/TCC_Optimization/TCC/Content/DeepElderCaves/Materials/MI_Bridge_B.uasset" 2197
"C:/Users/lucas/OneDrive/Documentos/Unreal Projects/TCC_Optimization/TCC/Content/DeepElderCaves/Materials/MI_Bridge_B.uexp" 2198
"C:/Users/lucas/OneDrive/Documentos/Unreal Projects/TCC_Optimization/TCC/Content/DeepElderCaves/Meshes/Architecture/SM_Bridge_B.ubulk" 2199
"C:/Users/lucas/OneDrive/Documentos/Unreal Projects/TCC_Optimization/TCC/Content/DeepElderCaves/Meshes/Architecture/SM_Bridge_B.uasset" 2200
"C:/Users/lucas/OneDrive/Documentos/Unreal Projects/TCC_Optimization/TCC/Content/DeepElderCaves/Meshes/Architecture/SM_Bridge_B.uexp" 2201
"C:/Users/lucas/OneDrive/Documentos/Unreal Projects/TCC_Optimization/TCC/Content/DeepElderCaves/Textures/T_Bridge_A_N.ubulk" 2202
"C:/Users/lucas/OneDrive/Documentos/Unreal Projects/TCC_Optimization/TCC/Content/DeepElderCaves/Textures/T_Bridge_A_N.uasset" 2203
"C:/Users/lucas/OneDrive/Documentos/Unreal Projects/TCC_Optimization/TCC/Content/DeepElderCaves/Textures/T_Bridge_A_N.uexp" 2204
"C:/Users/lucas/OneDrive/Documentos/Unreal Projects/TCC_Optimization/TCC/Content/DeepElderCaves/Materials/MI_Bridge_A.uasset" 2205
"C:/Users/lucas/OneDrive/Documentos/Unreal Projects/TCC_Optimization/TCC/Content/DeepElderCaves/Materials/MI_Bridge_A.uexp" 2206
"C:/Users/lucas/OneDrive/Documentos/Unreal Projects/TCC_Optimization/TCC/Content/DeepElderCaves/Meshes/Architecture/SM_Bridge_A.ubulk" 2207
"C:/Users/lucas/OneDrive/Documentos/Unreal Projects/TCC_Optimization/TCC/Content/DeepElderCaves/Meshes/Architecture/SM_Bridge_A.uasset" 2208
"C:/Users/lucas/OneDrive/Documentos/Unreal Projects/TCC_Optimization/TCC/Content/DeepElderCaves/Meshes/Architecture/SM_Bridge_A.uexp" 2209
"C:/Users/lucas/OneDrive/Documentos/Unreal Projects/TCC_Optimization/TCC/Content/DeepElderCaves/Meshes/Props/SM_TreasureChest_B_Lid.ubulk" 2210
"C:/Users/lucas/OneDrive/Documentos/Unreal Projects/TCC_Optimization/TCC/Content/DeepElderCaves/Meshes/Props/SM_TreasureChest_B_Lid.uasset" 2211
"C:/Users/lucas/OneDrive/Documentos/Unreal Projects/TCC_Optimization/TCC/Content/DeepElderCaves/Meshes/Props/SM_TreasureChest_B_Lid.uexp" 2212
"C:/Users/lucas/OneDrive/Documentos/Unreal Projects/TCC_Optimization/TCC/Content/DeepElderCaves/Meshes/Props/SM_TreasureChest_Base_A.ubulk" 2213
"C:/Users/lucas/OneDrive/Documentos/Unreal Projects/TCC_Optimization/TCC/Content/DeepElderCaves/Meshes/Props/SM_TreasureChest_Base_A.uasset" 2214
"C:/Users/lucas/OneDrive/Documentos/Unreal Projects/TCC_Optimization/TCC/Content/DeepElderCaves/Meshes/Props/SM_TreasureChest_Base_A.uexp" 2215
"C:/Users/lucas/OneDrive/Documentos/Unreal Projects/TCC_Optimization/TCC/Content/DeepElderCaves/Textures/T_AncientCoinChest_A_ORM.ubulk" 2216
"C:/Users/lucas/OneDrive/Documentos/Unreal Projects/TCC_Optimization/TCC/Content/DeepElderCaves/Textures/T_AncientCoinChest_A_ORM.uasset" 2217
"C:/Users/lucas/OneDrive/Documentos/Unreal Projects/TCC_Optimization/TCC/Content/DeepElderCaves/Textures/T_AncientCoinChest_A_ORM.uexp" 2218
"C:/Users/lucas/OneDrive/Documentos/Unreal Projects/TCC_Optimization/TCC/Content/DeepElderCaves/Textures/T_AncientCoinChest_A_N.ubulk" 2219
"C:/Users/lucas/OneDrive/Documentos/Unreal Projects/TCC_Optimization/TCC/Content/DeepElderCaves/Textures/T_AncientCoinChest_A_N.uasset" 2220
"C:/Users/lucas/OneDrive/Documentos/Unreal Projects/TCC_Optimization/TCC/Content/DeepElderCaves/Textures/T_AncientCoinChest_A_N.uexp" 2221
"C:/Users/lucas/OneDrive/Documentos/Unreal Projects/TCC_Optimization/TCC/Content/DeepElderCaves/Textures/T_AncientCoinChest_A_D.ubulk" 2222
"C:/Users/lucas/OneDrive/Documentos/Unreal Projects/TCC_Optimization/TCC/Content/DeepElderCaves/Textures/T_AncientCoinChest_A_D.uasset" 2223
"C:/Users/lucas/OneDrive/Documentos/Unreal Projects/TCC_Optimization/TCC/Content/DeepElderCaves/Textures/T_AncientCoinChest_A_D.uexp" 2224
"C:/Users/lucas/OneDrive/Documentos/Unreal Projects/TCC_Optimization/TCC/Content/DeepElderCaves/Materials/MI_AncientCoinChest_A.uasset" 2225
"C:/Users/lucas/OneDrive/Documentos/Unreal Projects/TCC_Optimization/TCC/Content/DeepElderCaves/Materials/MI_AncientCoinChest_A.uexp" 2226
"C:/Users/lucas/OneDrive/Documentos/Unreal Projects/TCC_Optimization/TCC/Content/DeepElderCaves/Meshes/Props/SM_AncientCoinChest_01.ubulk" 2227
"C:/Users/lucas/OneDrive/Documentos/Unreal Projects/TCC_Optimization/TCC/Content/DeepElderCaves/Meshes/Props/SM_AncientCoinChest_01.uasset" 2228
"C:/Users/lucas/OneDrive/Documentos/Unreal Projects/TCC_Optimization/TCC/Content/DeepElderCaves/Meshes/Props/SM_AncientCoinChest_01.uexp" 2229
"C:/Users/lucas/OneDrive/Documentos/Unreal Projects/TCC_Optimization/TCC/Content/DeepElderCaves/Blueprints/BP_TreasureChest_B.uasset" 2230
"C:/Users/lucas/OneDrive/Documentos/Unreal Projects/TCC_Optimization/TCC/Content/DeepElderCaves/Blueprints/BP_TreasureChest_B.uexp" 2231
"C:/Users/lucas/OneDrive/Documentos/Unreal Projects/TCC_Optimization/TCC/Content/DeepElderCaves/Meshes/Props/SM_TreasureChest_A_02.ubulk" 2232
"C:/Users/lucas/OneDrive/Documentos/Unreal Projects/TCC_Optimization/TCC/Content/DeepElderCaves/Meshes/Props/SM_TreasureChest_A_02.uasset" 2233
"C:/Users/lucas/OneDrive/Documentos/Unreal Projects/TCC_Optimization/TCC/Content/DeepElderCaves/Meshes/Props/SM_TreasureChest_A_02.uexp" 2234
"C:/Users/lucas/OneDrive/Documentos/Unreal Projects/TCC_Optimization/TCC/Content/DeepElderCaves/Blueprints/BP_TreasureChest_A.uasset" 2235
"C:/Users/lucas/OneDrive/Documentos/Unreal Projects/TCC_Optimization/TCC/Content/DeepElderCaves/Blueprints/BP_TreasureChest_A.uexp" 2236
"C:/Users/lucas/OneDrive/Documentos/Unreal Projects/TCC_Optimization/TCC/Content/DeepElderCaves/Blueprints/BP_Mushroom_SmallGroup_C.uasset" 2237
"C:/Users/lucas/OneDrive/Documentos/Unreal Projects/TCC_Optimization/TCC/Content/DeepElderCaves/Blueprints/BP_Mushroom_SmallGroup_C.uexp" 2238
"C:/Users/lucas/OneDrive/Documentos/Unreal Projects/TCC_Optimization/TCC/Content/DeepElderCaves/Blueprints/BP_GroundLamp_Lit_01.uasset" 2239
"C:/Users/lucas/OneDrive/Documentos/Unreal Projects/TCC_Optimization/TCC/Content/DeepElderCaves/Blueprints/BP_GroundLamp_Lit_01.uexp" 2240
"C:/Users/lucas/OneDrive/Documentos/Unreal Projects/TCC_Optimization/TCC/Content/DeepElderCaves/Materials/MI_Mushroom_Green_B.uasset" 2241
"C:/Users/lucas/OneDrive/Documentos/Unreal Projects/TCC_Optimization/TCC/Content/DeepElderCaves/Materials/MI_Mushroom_Green_B.uexp" 2242
"C:/Users/lucas/OneDrive/Documentos/Unreal Projects/TCC_Optimization/TCC/Content/DeepElderCaves/Meshes/Props/SM_Mushroom_Green_B.ubulk" 2243
"C:/Users/lucas/OneDrive/Documentos/Unreal Projects/TCC_Optimization/TCC/Content/DeepElderCaves/Meshes/Props/SM_Mushroom_Green_B.uasset" 2244
"C:/Users/lucas/OneDrive/Documentos/Unreal Projects/TCC_Optimization/TCC/Content/DeepElderCaves/Meshes/Props/SM_Mushroom_Green_B.uexp" 2245
"C:/Users/lucas/OneDrive/Documentos/Unreal Projects/TCC_Optimization/TCC/Content/DeepElderCaves/Blueprints/BP_Mushroom_Green_Lit_B.uasset" 2246
"C:/Users/lucas/OneDrive/Documentos/Unreal Projects/TCC_Optimization/TCC/Content/DeepElderCaves/Blueprints/BP_Mushroom_Green_Lit_B.uexp" 2247
"C:/Users/lucas/OneDrive/Documentos/Unreal Projects/TCC_Optimization/TCC/Content/DeepElderCaves/Materials/MI_Mushroom_Green_C.uasset" 2248
"C:/Users/lucas/OneDrive/Documentos/Unreal Projects/TCC_Optimization/TCC/Content/DeepElderCaves/Materials/MI_Mushroom_Green_C.uexp" 2249
"C:/Users/lucas/OneDrive/Documentos/Unreal Projects/TCC_Optimization/TCC/Content/DeepElderCaves/Meshes/Props/SM_Mushroom_Green_C.ubulk" 2250
"C:/Users/lucas/OneDrive/Documentos/Unreal Projects/TCC_Optimization/TCC/Content/DeepElderCaves/Meshes/Props/SM_Mushroom_Green_C.uasset" 2251
"C:/Users/lucas/OneDrive/Documentos/Unreal Projects/TCC_Optimization/TCC/Content/DeepElderCaves/Meshes/Props/SM_Mushroom_Green_C.uexp" 2252
"C:/Users/lucas/OneDrive/Documentos/Unreal Projects/TCC_Optimization/TCC/Content/DeepElderCaves/Blueprints/BP_Mushroom_Green_Lit_C.uasset" 2253
"C:/Users/lucas/OneDrive/Documentos/Unreal Projects/TCC_Optimization/TCC/Content/DeepElderCaves/Blueprints/BP_Mushroom_Green_Lit_C.uexp" 2254
"C:/Users/lucas/OneDrive/Documentos/Unreal Projects/TCC_Optimization/TCC/Content/DeepElderCaves/Materials/MI_Mushroom_Green_D.uasset" 2255
"C:/Users/lucas/OneDrive/Documentos/Unreal Projects/TCC_Optimization/TCC/Content/DeepElderCaves/Materials/MI_Mushroom_Green_D.uexp" 2256
"C:/Users/lucas/OneDrive/Documentos/Unreal Projects/TCC_Optimization/TCC/Content/DeepElderCaves/Meshes/Props/SM_Mushroom_Green_D.ubulk" 2257
"C:/Users/lucas/OneDrive/Documentos/Unreal Projects/TCC_Optimization/TCC/Content/DeepElderCaves/Meshes/Props/SM_Mushroom_Green_D.uasset" 2258
"C:/Users/lucas/OneDrive/Documentos/Unreal Projects/TCC_Optimization/TCC/Content/DeepElderCaves/Meshes/Props/SM_Mushroom_Green_D.uexp" 2259
"C:/Users/lucas/OneDrive/Documentos/Unreal Projects/TCC_Optimization/TCC/Content/DeepElderCaves/Blueprints/BP_Mushroom_Green_Lit_D.uasset" 2260
"C:/Users/lucas/OneDrive/Documentos/Unreal Projects/TCC_Optimization/TCC/Content/DeepElderCaves/Blueprints/BP_Mushroom_Green_Lit_D.uexp" 2261
"C:/Users/lucas/OneDrive/Documentos/Unreal Projects/TCC_Optimization/TCC/Content/DeepElderCaves/Materials/MI_Mushroom_Green_E.uasset" 2262
"C:/Users/lucas/OneDrive/Documentos/Unreal Projects/TCC_Optimization/TCC/Content/DeepElderCaves/Materials/MI_Mushroom_Green_E.uexp" 2263
"C:/Users/lucas/OneDrive/Documentos/Unreal Projects/TCC_Optimization/TCC/Content/DeepElderCaves/Meshes/Props/SM_Mushroom_Green_E.ubulk" 2264
"C:/Users/lucas/OneDrive/Documentos/Unreal Projects/TCC_Optimization/TCC/Content/DeepElderCaves/Meshes/Props/SM_Mushroom_Green_E.uasset" 2265
"C:/Users/lucas/OneDrive/Documentos/Unreal Projects/TCC_Optimization/TCC/Content/DeepElderCaves/Meshes/Props/SM_Mushroom_Green_E.uexp" 2266
"C:/Users/lucas/OneDrive/Documentos/Unreal Projects/TCC_Optimization/TCC/Content/DeepElderCaves/Blueprints/BP_Mushroom_Green_Lit_E.uasset" 2267
"C:/Users/lucas/OneDrive/Documentos/Unreal Projects/TCC_Optimization/TCC/Content/DeepElderCaves/Blueprints/BP_Mushroom_Green_Lit_E.uexp" 2268
"C:/Users/lucas/OneDrive/Documentos/Unreal Projects/TCC_Optimization/TCC/Content/DeepElderCaves/Materials/MI_Mushroom_Green_F.uasset" 2269
"C:/Users/lucas/OneDrive/Documentos/Unreal Projects/TCC_Optimization/TCC/Content/DeepElderCaves/Materials/MI_Mushroom_Green_F.uexp" 2270
"C:/Users/lucas/OneDrive/Documentos/Unreal Projects/TCC_Optimization/TCC/Content/DeepElderCaves/Meshes/Props/SM_Mushroom_Green_F.ubulk" 2271
"C:/Users/lucas/OneDrive/Documentos/Unreal Projects/TCC_Optimization/TCC/Content/DeepElderCaves/Meshes/Props/SM_Mushroom_Green_F.uasset" 2272
"C:/Users/lucas/OneDrive/Documentos/Unreal Projects/TCC_Optimization/TCC/Content/DeepElderCaves/Meshes/Props/SM_Mushroom_Green_F.uexp" 2273
"C:/Users/lucas/OneDrive/Documentos/Unreal Projects/TCC_Optimization/TCC/Content/DeepElderCaves/Blueprints/BP_Mushroom_Green_Lit_F.uasset" 2274
"C:/Users/lucas/OneDrive/Documentos/Unreal Projects/TCC_Optimization/TCC/Content/DeepElderCaves/Blueprints/BP_Mushroom_Green_Lit_F.uexp" 2275
"C:/Users/lucas/OneDrive/Documentos/Unreal Projects/TCC_Optimization/TCC/Content/DeepElderCaves/Blueprints/BP_Mushroom_Green_SmallGroup_A.uasset" 2276
"C:/Users/lucas/OneDrive/Documentos/Unreal Projects/TCC_Optimization/TCC/Content/DeepElderCaves/Blueprints/BP_Mushroom_Green_SmallGroup_A.uexp" 2277
"C:/Users/lucas/OneDrive/Documentos/Unreal Projects/TCC_Optimization/TCC/Content/DeepElderCaves/Blueprints/BP_Mushroom_Green_SmallGroup_B.uasset" 2278
"C:/Users/lucas/OneDrive/Documentos/Unreal Projects/TCC_Optimization/TCC/Content/DeepElderCaves/Blueprints/BP_Mushroom_Green_SmallGroup_B.uexp" 2279
"C:/Users/lucas/OneDrive/Documentos/Unreal Projects/TCC_Optimization/TCC/Content/DeepElderCaves/Blueprints/BP_Mushroom_Green_SmallGroup_C.uasset" 2280
"C:/Users/lucas/OneDrive/Documentos/Unreal Projects/TCC_Optimization/TCC/Content/DeepElderCaves/Blueprints/BP_Mushroom_Green_SmallGroup_C.uexp" 2281
"C:/Users/lucas/OneDrive/Documentos/Unreal Projects/TCC_Optimization/TCC/Content/DeepElderCaves/Blueprints/BP_Mushroom_Lit_A.uasset" 2282
"C:/Users/lucas/OneDrive/Documentos/Unreal Projects/TCC_Optimization/TCC/Content/DeepElderCaves/Blueprints/BP_Mushroom_Lit_A.uexp" 2283
"C:/Users/lucas/OneDrive/Documentos/Unreal Projects/TCC_Optimization/TCC/Content/DeepElderCaves/Blueprints/BP_Mushroom_Lit_B.uasset" 2284
"C:/Users/lucas/OneDrive/Documentos/Unreal Projects/TCC_Optimization/TCC/Content/DeepElderCaves/Blueprints/BP_Mushroom_Lit_B.uexp" 2285
"C:/Users/lucas/OneDrive/Documentos/Unreal Projects/TCC_Optimization/TCC/Content/DeepElderCaves/Blueprints/BP_Mushroom_Lit_C.uasset" 2286
"C:/Users/lucas/OneDrive/Documentos/Unreal Projects/TCC_Optimization/TCC/Content/DeepElderCaves/Blueprints/BP_Mushroom_Lit_C.uexp" 2287
"C:/Users/lucas/OneDrive/Documentos/Unreal Projects/TCC_Optimization/TCC/Content/DeepElderCaves/Blueprints/BP_Mushroom_Lit_D.uasset" 2288
"C:/Users/lucas/OneDrive/Documentos/Unreal Projects/TCC_Optimization/TCC/Content/DeepElderCaves/Blueprints/BP_Mushroom_Lit_D.uexp" 2289
"C:/Users/lucas/OneDrive/Documentos/Unreal Projects/TCC_Optimization/TCC/Content/DeepElderCaves/Blueprints/BP_Mushroom_Lit_E.uasset" 2290
"C:/Users/lucas/OneDrive/Documentos/Unreal Projects/TCC_Optimization/TCC/Content/DeepElderCaves/Blueprints/BP_Mushroom_Lit_E.uexp" 2291
"C:/Users/lucas/OneDrive/Documentos/Unreal Projects/TCC_Optimization/TCC/Content/DeepElderCaves/Blueprints/BP_Mushroom_Lit_F.uasset" 2292
"C:/Users/lucas/OneDrive/Documentos/Unreal Projects/TCC_Optimization/TCC/Content/DeepElderCaves/Blueprints/BP_Mushroom_Lit_F.uexp" 2293
"C:/Users/lucas/OneDrive/Documentos/Unreal Projects/TCC_Optimization/TCC/Content/DeepElderCaves/Blueprints/BP_Mushroom_SmallGroup_A.uasset" 2294
"C:/Users/lucas/OneDrive/Documentos/Unreal Projects/TCC_Optimization/TCC/Content/DeepElderCaves/Blueprints/BP_Mushroom_SmallGroup_A.uexp" 2295
"C:/Users/lucas/OneDrive/Documentos/Unreal Projects/TCC_Optimization/TCC/Content/DeepElderCaves/Blueprints/BP_Mushroom_SmallGroup_B.uasset" 2296
"C:/Users/lucas/OneDrive/Documentos/Unreal Projects/TCC_Optimization/TCC/Content/DeepElderCaves/Blueprints/BP_Mushroom_SmallGroup_B.uexp" 2297
"C:/Users/lucas/OneDrive/Documentos/Unreal Projects/TCC_Optimization/TCC/Content/DeepElderCaves/Maps/Demonstration_BuiltData.ubulk" 2298
"C:/Users/lucas/OneDrive/Documentos/Unreal Projects/TCC_Optimization/TCC/Content/DeepElderCaves/Maps/Demonstration_BuiltData.uasset" 2299
"C:/Users/lucas/OneDrive/Documentos/Unreal Projects/TCC_Optimization/TCC/Content/DeepElderCaves/Maps/Demonstration_BuiltData.uexp" 2300
"C:/Users/lucas/OneDrive/Documentos/Unreal Projects/TCC_Optimization/TCC/Content/DeepElderCaves/Meshes/Props/SM_SkeletonFull_01.ubulk" 2301
"C:/Users/lucas/OneDrive/Documentos/Unreal Projects/TCC_Optimization/TCC/Content/DeepElderCaves/Meshes/Props/SM_SkeletonFull_01.uasset" 2302
"C:/Users/lucas/OneDrive/Documentos/Unreal Projects/TCC_Optimization/TCC/Content/DeepElderCaves/Meshes/Props/SM_SkeletonFull_01.uexp" 2303
"C:/Users/lucas/OneDrive/Documentos/Unreal Projects/TCC_Optimization/TCC/Content/DeepElderCaves/Meshes/Props/SM_Shrub_O.ubulk" 2304
"C:/Users/lucas/OneDrive/Documentos/Unreal Projects/TCC_Optimization/TCC/Content/DeepElderCaves/Meshes/Props/SM_Shrub_O.uasset" 2305
"C:/Users/lucas/OneDrive/Documentos/Unreal Projects/TCC_Optimization/TCC/Content/DeepElderCaves/Meshes/Props/SM_Shrub_O.uexp" 2306
"C:/Users/lucas/OneDrive/Documentos/Unreal Projects/TCC_Optimization/TCC/Content/DeepElderCaves/Materials/MI_Mushroom_Green_A.uasset" 2307
"C:/Users/lucas/OneDrive/Documentos/Unreal Projects/TCC_Optimization/TCC/Content/DeepElderCaves/Materials/MI_Mushroom_Green_A.uexp" 2308
"C:/Users/lucas/OneDrive/Documentos/Unreal Projects/TCC_Optimization/TCC/Content/DeepElderCaves/Meshes/Props/SM_Mushroom_Green_A.ubulk" 2309
"C:/Users/lucas/OneDrive/Documentos/Unreal Projects/TCC_Optimization/TCC/Content/DeepElderCaves/Meshes/Props/SM_Mushroom_Green_A.uasset" 2310
"C:/Users/lucas/OneDrive/Documentos/Unreal Projects/TCC_Optimization/TCC/Content/DeepElderCaves/Meshes/Props/SM_Mushroom_Green_A.uexp" 2311
"C:/Users/lucas/OneDrive/Documentos/Unreal Projects/TCC_Optimization/TCC/Content/DeepElderCaves/Textures/T_Flower_ORM.ubulk" 2312
"C:/Users/lucas/OneDrive/Documentos/Unreal Projects/TCC_Optimization/TCC/Content/DeepElderCaves/Textures/T_Flower_ORM.uasset" 2313
"C:/Users/lucas/OneDrive/Documentos/Unreal Projects/TCC_Optimization/TCC/Content/DeepElderCaves/Textures/T_Flower_ORM.uexp" 2314
"C:/Users/lucas/OneDrive/Documentos/Unreal Projects/TCC_Optimization/TCC/Content/DeepElderCaves/Textures/T_Flower_N.ubulk" 2315
"C:/Users/lucas/OneDrive/Documentos/Unreal Projects/TCC_Optimization/TCC/Content/DeepElderCaves/Textures/T_Flower_N.uasset" 2316
"C:/Users/lucas/OneDrive/Documentos/Unreal Projects/TCC_Optimization/TCC/Content/DeepElderCaves/Textures/T_Flower_N.uexp" 2317
"C:/Users/lucas/OneDrive/Documentos/Unreal Projects/TCC_Optimization/TCC/Content/DeepElderCaves/Textures/T_Flower_D.ubulk" 2318
"C:/Users/lucas/OneDrive/Documentos/Unreal Projects/TCC_Optimization/TCC/Content/DeepElderCaves/Textures/T_Flower_D.uasset" 2319
"C:/Users/lucas/OneDrive/Documentos/Unreal Projects/TCC_Optimization/TCC/Content/DeepElderCaves/Textures/T_Flower_D.uexp" 2320
"C:/Users/lucas/OneDrive/Documentos/Unreal Projects/TCC_Optimization/TCC/Content/DeepElderCaves/Materials/MI_Flowers.uasset" 2321
"C:/Users/lucas/OneDrive/Documentos/Unreal Projects/TCC_Optimization/TCC/Content/DeepElderCaves/Materials/MI_Flowers.uexp" 2322
"C:/Users/lucas/OneDrive/Documentos/Unreal Projects/TCC_Optimization/TCC/Content/DeepElderCaves/Meshes/Props/SM_Flower_D.ubulk" 2323
"C:/Users/lucas/OneDrive/Documentos/Unreal Projects/TCC_Optimization/TCC/Content/DeepElderCaves/Meshes/Props/SM_Flower_D.uasset" 2324
"C:/Users/lucas/OneDrive/Documentos/Unreal Projects/TCC_Optimization/TCC/Content/DeepElderCaves/Meshes/Props/SM_Flower_D.uexp" 2325
"C:/Users/lucas/OneDrive/Documentos/Unreal Projects/TCC_Optimization/TCC/Content/DeepElderCaves/Meshes/Props/SM_Flower_C.ubulk" 2326
"C:/Users/lucas/OneDrive/Documentos/Unreal Projects/TCC_Optimization/TCC/Content/DeepElderCaves/Meshes/Props/SM_Flower_C.uasset" 2327
"C:/Users/lucas/OneDrive/Documentos/Unreal Projects/TCC_Optimization/TCC/Content/DeepElderCaves/Meshes/Props/SM_Flower_C.uexp" 2328
"C:/Users/lucas/OneDrive/Documentos/Unreal Projects/TCC_Optimization/TCC/Content/DeepElderCaves/Meshes/Props/SM_Flower_B.ubulk" 2329
"C:/Users/lucas/OneDrive/Documentos/Unreal Projects/TCC_Optimization/TCC/Content/DeepElderCaves/Meshes/Props/SM_Flower_B.uasset" 2330
"C:/Users/lucas/OneDrive/Documentos/Unreal Projects/TCC_Optimization/TCC/Content/DeepElderCaves/Meshes/Props/SM_Flower_B.uexp" 2331
"C:/Users/lucas/OneDrive/Documentos/Unreal Projects/TCC_Optimization/TCC/Content/DeepElderCaves/Meshes/Props/SM_Flower_A.ubulk" 2332
"C:/Users/lucas/OneDrive/Documentos/Unreal Projects/TCC_Optimization/TCC/Content/DeepElderCaves/Meshes/Props/SM_Flower_A.uasset" 2333
"C:/Users/lucas/OneDrive/Documentos/Unreal Projects/TCC_Optimization/TCC/Content/DeepElderCaves/Meshes/Props/SM_Flower_A.uexp" 2334
"C:/Users/lucas/OneDrive/Documentos/Unreal Projects/TCC_Optimization/TCC/Content/DeepElderCaves/Maps/Demonstration.uexp" 2335
"C:/Users/lucas/OneDrive/Documentos/Unreal Projects/TCC_Optimization/TCC/Content/DeepElderCaves/Maps/Demonstration.umap" 2336
