"C:/Users/lucas/OneDrive/Documentos/Unreal Projects/TCC_Optimization/TCC/TCC.uproject" 1
"../../../Engine/Plugins/AudioGameplay/AudioGameplay.uplugin" 2
"../../../Engine/Plugins/AudioGameplayVolume/AudioGameplayVolume.uplugin" 3
"../../../Engine/Plugins/AudioInsights/AudioInsights.uplugin" 4
"../../../Engine/Plugins/BlueprintFileUtils/BlueprintFileUtils.uplugin" 5
"../../../Engine/Plugins/Bridge/Bridge.uplugin" 6
"../../../Engine/Plugins/ChaosCloth/ChaosCloth.uplugin" 7
"../../../Engine/Plugins/ChaosClothAsset/ChaosClothAsset.uplugin" 8
"../../../Engine/Plugins/ChaosClothAssetEditor/ChaosClothAssetEditor.uplugin" 9
"../../../Engine/Plugins/ChaosInsights/ChaosInsights.uplugin" 10
"../../../Engine/Plugins/ChaosVD/ChaosVD.uplugin" 11
"../../../Engine/Plugins/Chooser/Chooser.uplugin" 12
"../../../Engine/Plugins/CmdLinkServer/CmdLinkServer.uplugin" 13
"../../../Engine/Plugins/DiscoveryBeaconReceiver/DiscoveryBeaconReceiver.uplugin" 14
"../../../Engine/Plugins/EnhancedInput/EnhancedInput.uplugin" 15
"../../../Engine/Plugins/Fab/Fab.uplugin" 16
"../../../Engine/Plugins/FastBuildController/FastBuildController.uplugin" 17
"../../../Engine/Plugins/IoStoreInsights/IoStoreInsights.uplugin" 18
"../../../Engine/Plugins/JsonBlueprintUtilities/JsonBlueprintUtilities.uplugin" 19
"../../../Engine/Plugins/LightWeightInstancesEditor/LightWeightInstancesEditor.uplugin" 20
"../../../Engine/Plugins/MassInsights/MassInsights.uplugin" 21
"../../../Engine/Plugins/MemoryUsageQueries/MemoryUsageQueries.uplugin" 22
"../../../Engine/Plugins/MeshPainting/MeshPainting.uplugin" 23
"../../../Engine/Plugins/Mutable/Mutable.uplugin" 24
"../../../Engine/Plugins/PCG/PCG.uplugin" 25
"../../../Engine/Plugins/RenderGraphInsights/RenderGraphInsights.uplugin" 26
"../../../Engine/Plugins/ScriptPlugin/ScriptPlugin.uplugin" 27
"../../../Engine/Plugins/TraceUtilities/TraceUtilities.uplugin" 28
"../../../Engine/Plugins/UbaController/UbaController.uplugin" 29
"../../../Engine/Plugins/WorldMetrics/WorldMetrics.uplugin" 30
"../../../Engine/Plugins/XGEController/XGEController.uplugin" 31
"../../../Engine/Plugins/Messaging/MessagingDebugger/MessagingDebugger.uplugin" 32
"../../../Engine/Plugins/Messaging/TcpMessaging/TcpMessaging.uplugin" 33
"../../../Engine/Plugins/Messaging/UdpMessaging/UdpMessaging.uplugin" 34
"../../../Engine/Plugins/MovieScene/ActorSequence/ActorSequence.uplugin" 35
"../../../Engine/Plugins/MovieScene/LevelSequenceEditor/LevelSequenceEditor.uplugin" 36
"../../../Engine/Plugins/TextureGraph/TextureGraph.uplugin" 37
"../../../Engine/Plugins/MovieScene/CustomizableSequencerTracks/CustomizableSequencerTracks.uplugin" 38
"../../../Engine/Plugins/MovieScene/MoviePipelineMaskRenderPass/MoviePipelineMaskRenderPass.uplugin" 39
"../../../Engine/Plugins/MovieScene/MovieSceneTextTrack/MovieSceneTextTrack.uplugin" 40
"../../../Engine/Plugins/MovieScene/ReplayTracks/ReplayTracks.uplugin" 41
"../../../Engine/Plugins/MovieScene/SequencerScripting/SequencerScripting.uplugin" 42
"../../../Engine/Plugins/MovieScene/TemplateSequence/TemplateSequence.uplugin" 43
"../../../Engine/Plugins/NNE/NNEDenoiser/NNEDenoiser.uplugin" 44
"../../../Engine/Plugins/MovieScene/MovieRenderPipeline/MovieRenderPipeline.uplugin" 45
"../../../Engine/Plugins/Performance/AutomatedPerfTesting/AutomatedPerfTesting.uplugin" 46
"../../../Engine/Plugins/NNE/NNERuntimeORT/NNERuntimeORT.uplugin" 47
"../../../Engine/Plugins/Protocols/MQTT/MQTT.uplugin" 48
"../../../Engine/Plugins/Runtime/ActorLayerUtilities/ActorLayerUtilities.uplugin" 49
"../../../Engine/Plugins/Runtime/AndroidBackgroundService/AndroidBackgroundService.uplugin" 50
"../../../Engine/Plugins/Runtime/ADM/ADM.uplugin" 51
"../../../Engine/Plugins/Runtime/AndroidDeviceProfileSelector/AndroidDeviceProfileSelector.uplugin" 52
"../../../Engine/Plugins/Runtime/AndroidFileServer/AndroidFileServer.uplugin" 53
"../../../Engine/Plugins/Runtime/AndroidMoviePlayer/AndroidMoviePlayer.uplugin" 54
"../../../Engine/Plugins/Runtime/AnimationBudgetAllocator/AnimationBudgetAllocator.uplugin" 55
"../../../Engine/Plugins/Runtime/ApexDestruction/ApexDestruction.uplugin" 56
"../../../Engine/Plugins/Runtime/AppleImageUtils/AppleImageUtils.uplugin" 57
"../../../Engine/Plugins/Runtime/AppleMoviePlayer/AppleMoviePlayer.uplugin" 58
"../../../Engine/Plugins/Runtime/AssetTags/AssetTags.uplugin" 59
"../../../Engine/Plugins/Runtime/AudioCapture/AudioCapture.uplugin" 60
"../../../Engine/Plugins/Runtime/ArchVisCharacter/ArchVisCharacter.uplugin" 61
"../../../Engine/Plugins/Runtime/AudioModulation/AudioModulation.uplugin" 62
"../../../Engine/Plugins/Runtime/AudioMotorSim/AudioMotorSim.uplugin" 63
"../../../Engine/Plugins/Runtime/AudioSynesthesia/AudioSynesthesia.uplugin" 64
"../../../Engine/Plugins/Runtime/AudioWidgets/AudioWidgets.uplugin" 65
"../../../Engine/Plugins/Runtime/CableComponent/CableComponent.uplugin" 66
"../../../Engine/Plugins/Runtime/ChunkDownloader/ChunkDownloader.uplugin" 67
"../../../Engine/Plugins/Runtime/ComputeFramework/ComputeFramework.uplugin" 68
"../../../Engine/Plugins/Runtime/CommonUI/CommonUI.uplugin" 69
"../../../Engine/Plugins/Runtime/CustomMeshComponent/CustomMeshComponent.uplugin" 70
"../../../Engine/Plugins/Runtime/DataRegistry/DataRegistry.uplugin" 71
"../../../Engine/Plugins/Runtime/ExampleDeviceProfileSelector/ExampleDeviceProfileSelector.uplugin" 72
"../../../Engine/Plugins/Runtime/Firebase/Firebase.uplugin" 73
"../../../Engine/Plugins/Runtime/GameFeatures/GameFeatures.uplugin" 74
"../../../Engine/Plugins/Runtime/GameInput/GameInput.uplugin" 75
"../../../Engine/Plugins/Runtime/GameplayAbilities/GameplayAbilities.uplugin" 76
"../../../Engine/Plugins/Runtime/GameplayBehaviorSmartObjects/GameplayBehaviorSmartObjects.uplugin" 77
"../../../Engine/Plugins/Runtime/GeometryCache/GeometryCache.uplugin" 78
"../../../Engine/Plugins/Runtime/GameplayInteractions/GameplayInteractions.uplugin" 79
"../../../Engine/Plugins/Runtime/GeometryProcessing/GeometryProcessing.uplugin" 80
"../../../Engine/Plugins/Runtime/GeometryScripting/GeometryScripting.uplugin" 81
"../../../Engine/Plugins/Runtime/AndroidPermission/AndroidPermission.uplugin" 82
"../../../Engine/Plugins/Runtime/GeoReferencing/GeoReferencing.uplugin" 83
"../../../Engine/Plugins/Runtime/GameplayStateTree/GameplayStateTree.uplugin" 84
"../../../Engine/Plugins/Runtime/GoogleCloudMessaging/GoogleCloudMessaging.uplugin" 85
"../../../Engine/Plugins/Runtime/HairStrands/HairStrands.uplugin" 86
"../../../Engine/Plugins/Runtime/Harmonix/Harmonix.uplugin" 87
"../../../Engine/Plugins/Runtime/HDRIBackdrop/HDRIBackdrop.uplugin" 88
"../../../Engine/Plugins/Runtime/HPMotionController/HPMotionController.uplugin" 89
"../../../Engine/Plugins/Runtime/HTTPChunkInstaller/HTTPChunkInstaller.uplugin" 90
"../../../Engine/Plugins/Runtime/InputDebugging/InputDebugging.uplugin" 91
"../../../Engine/Plugins/Runtime/InstancedActors/InstancedActors.uplugin" 92
"../../../Engine/Plugins/Runtime/IOSDeviceProfileSelector/IOSDeviceProfileSelector.uplugin" 93
"../../../Engine/Plugins/Runtime/IOSReplayKit/IOSReplayKit.uplugin" 94
"../../../Engine/Plugins/Runtime/LevelStreamingPersistence/LevelStreamingPersistence.uplugin" 95
"../../../Engine/Plugins/Runtime/LinuxDeviceProfileSelector/LinuxDeviceProfileSelector.uplugin" 96
"../../../Engine/Plugins/Runtime/LiveLinkOvernDisplay/LiveLinkOverNDisplay.uplugin" 97
"../../../Engine/Plugins/Runtime/LocationServicesAndroidImpl/LocationServicesAndroidImpl.uplugin" 98
"../../../Engine/Plugins/Runtime/LocationServicesBPLibrary/LocationServicesBPLibrary.uplugin" 99
"../../../Engine/Plugins/Runtime/LocationServicesIOSImpl/LocationServicesIOSImpl.uplugin" 100
"../../../Engine/Plugins/Runtime/MassEntity/MassEntity.uplugin" 101
"../../../Engine/Plugins/Runtime/MassGameplay/MassGameplay.uplugin" 102
"../../../Engine/Plugins/Runtime/MeshModelingToolset/MeshModelingToolset.uplugin" 103
"../../../Engine/Plugins/Runtime/Metasound/Metasound.uplugin" 104
"../../../Engine/Plugins/Runtime/MicrosoftSpatialAudio/MicroSoftSpatialSound.uplugin" 105
"../../../Engine/Plugins/Runtime/MIDIDevice/MIDIDevice.uplugin" 106
"../../../Engine/Plugins/Runtime/MixedRealityCaptureFramework/MixedRealityCaptureFramework.uplugin" 107
"../../../Engine/Plugins/Runtime/MobileFSR/MobileFSR.uplugin" 108
"../../../Engine/Plugins/Runtime/MobilePatchingUtils/MobilePatchingUtils.uplugin" 109
"../../../Engine/Plugins/Runtime/ModelViewViewModel/ModelViewViewModel.uplugin" 110
"../../../Engine/Plugins/Runtime/ModularGameplay/ModularGameplay.uplugin" 111
"../../../Engine/Plugins/Runtime/MultiServerReplication/MultiServerReplication.uplugin" 112
"../../../Engine/Plugins/Runtime/MusicEnvironment/MusicEnvironment.uplugin" 113
"../../../Engine/Plugins/Runtime/NavCorridor/NavCorridor.uplugin" 114
"../../../Engine/Plugins/Runtime/nDisplay/nDisplay.uplugin" 115
"../../../Engine/Plugins/Runtime/nDisplayModularFeatures/nDisplayModularFeatures.uplugin" 116
"../../../Engine/Plugins/Runtime/NetworkPrediction/NetworkPrediction.uplugin" 117
"../../../Engine/Plugins/Runtime/NetworkPredictionExtras/NetworkPredictionExtras.uplugin" 118
"../../../Engine/Plugins/Runtime/NetworkPredictionInsights/NetworkPredictionInsights.uplugin" 119
"../../../Engine/Plugins/Runtime/OpenCV/OpenCV.uplugin" 120
"../../../Engine/Plugins/Runtime/OpenXR/OpenXR.uplugin" 121
"../../../Engine/Plugins/Runtime/OpenXREyeTracker/OpenXREyeTracker.uplugin" 122
"../../../Engine/Plugins/Runtime/OpenXRHandTracking/OpenXRHandTracking.uplugin" 123
"../../../Engine/Plugins/Runtime/OpenXRMsftHandInteraction/OpenXRMsftHandInteraction.uplugin" 124
"../../../Engine/Plugins/Runtime/OpenXRViveTracker/OpenXRViveTracker.uplugin" 125
"../../../Engine/Plugins/Runtime/OptionalMobileFeaturesBPLibrary/OptionalMobileFeaturesBPLibrary.uplugin" 126
"../../../Engine/Plugins/Runtime/OSC/OSC.uplugin" 127
"../../../Engine/Plugins/Runtime/PreLoadScreenMoviePlayer/PreLoadScreenMoviePlayer.uplugin" 128
"../../../Engine/Plugins/Performance/PerformanceMonitor/PerformanceMonitor.uplugin" 129
"../../../Engine/Plugins/Runtime/ProceduralMeshComponent/ProceduralMeshComponent.uplugin" 130
"../../../Engine/Plugins/Runtime/PropertyAccess/PropertyAccessEditor.uplugin" 131
"../../../Engine/Plugins/Runtime/PropertyBindingUtils/PropertyBindingUtils.uplugin" 132
"../../../Engine/Plugins/Runtime/RenderTrace/RenderTrace.uplugin" 133
"../../../Engine/Plugins/Runtime/ReplicationGraph/ReplicationGraph.uplugin" 134
"../../../Engine/Plugins/Runtime/ResonanceAudio/ResonanceAudio.uplugin" 135
"../../../Engine/Plugins/Runtime/MsQuic/MsQuic.uplugin" 136
"../../../Engine/Plugins/Runtime/ReplicationSystemTestPlugin/ReplicationSystemTestPlugin.uplugin" 137
"../../../Engine/Plugins/Runtime/RigVM/RigVM.uplugin" 138
"../../../Engine/Plugins/Runtime/SkeletalMerging/SkeletalMerging.uplugin" 139
"../../../Engine/Plugins/Runtime/ScriptableToolsFramework/ScriptableToolsFramework.uplugin" 140
"../../../Engine/Plugins/Runtime/SmartObjects/SmartObjects.uplugin" 141
"../../../Engine/Plugins/Runtime/SignificanceManager/SignificanceManager.uplugin" 142
"../../../Engine/Plugins/Runtime/SoundCueTemplates/SoundCueTemplates.uplugin" 143
"../../../Engine/Plugins/Runtime/Soundscape/Soundscape.uplugin" 144
"../../../Engine/Plugins/Runtime/SoundFields/SoundFields.uplugin" 145
"../../../Engine/Plugins/Runtime/SoundUtilities/SoundUtilities.uplugin" 146
"../../../Engine/Plugins/Runtime/Spatialization/Spatialization.uplugin" 147
"../../../Engine/Plugins/Runtime/StateTree/StateTree.uplugin" 148
"../../../Engine/Plugins/Runtime/SunPosition/SunPosition.uplugin" 149
"../../../Engine/Plugins/Runtime/Synthesis/Synthesis.uplugin" 150
"../../../Engine/Plugins/Runtime/USDCore/USDCore.uplugin" 151
"../../../Engine/Plugins/Runtime/WarpUtils/WarpUtils.uplugin" 152
"../../../Engine/Plugins/Runtime/WaveTable/WaveTable.uplugin" 153
"../../../Engine/Plugins/Runtime/WebBrowserNativeProxy/WebBrowserNativeProxy.uplugin" 154
"../../../Engine/Plugins/Runtime/SoundMod/SoundMod.uplugin" 155
"../../../Engine/Plugins/Runtime/WebBrowserWidget/WebBrowserWidget.uplugin" 156
"../../../Engine/Plugins/Runtime/WebMMoviePlayer/WebMMoviePlayer.uplugin" 157
"../../../Engine/Plugins/Runtime/WindowsMoviePlayer/WindowsMoviePlayer.uplugin" 158
"../../../Engine/Plugins/Runtime/WindowsDeviceProfileSelector/WindowsDeviceProfileSelector.uplugin" 159
"../../../Engine/Plugins/Runtime/WorldConditions/WorldConditions.uplugin" 160
"../../../Engine/Plugins/Runtime/XRBase/XRBase.uplugin" 161
"../../../Engine/Plugins/Runtime/ZoneGraph/ZoneGraph.uplugin" 162
"../../../Engine/Plugins/Runtime/ZoneGraphAnnotations/ZoneGraphAnnotations.uplugin" 163
"../../../Engine/Plugins/Slate/SlateInsights/SlateInsights.uplugin" 164
"../../../Engine/Plugins/Slate/SlateScripting/SlateScripting.uplugin" 165
"../../../Engine/Plugins/Web/HttpBlueprint/HttpBlueprint.uplugin" 166
"../../../Engine/Plugins/AI/AISupport/AISupport.uplugin" 167
"../../../Engine/Plugins/2D/Paper2D/Paper2D.uplugin" 168
"../../../Engine/Plugins/AI/EnvironmentQueryEditor/EnvironmentQueryEditor.uplugin" 169
"../../../Engine/Plugins/AI/HTNPlanner/HTNPlanner.uplugin" 170
"../../../Engine/Plugins/AI/MassAI/MassAI.uplugin" 171
"../../../Engine/Plugins/AI/MassCrowd/MassCrowd.uplugin" 172
"../../../Engine/Plugins/Animation/ACLPlugin/ACLPlugin.uplugin" 173
"../../../Engine/Plugins/AI/MLAdapter/MLAdapter.uplugin" 174
"../../../Engine/Plugins/Animation/AnimationLocomotionLibrary/AnimationLocomotionLibrary.uplugin" 175
"../../../Engine/Plugins/Animation/AnimationModifierLibrary/AnimationModifierLibrary.uplugin" 176
"../../../Engine/Plugins/Animation/AnimationWarping/AnimationWarping.uplugin" 177
"../../../Engine/Plugins/Animation/AnimatorKit/AnimatorKit.uplugin" 178
"../../../Engine/Plugins/Animation/BlendSpaceMotionAnalysis/BlendSpaceMotionAnalysis.uplugin" 179
"../../../Engine/Plugins/Animation/BlendStack/BlendStack.uplugin" 180
"../../../Engine/Plugins/Animation/ControlRig/ControlRig.uplugin" 181
"../../../Engine/Plugins/Animation/ControlRigModules/ControlRigModules.uplugin" 182
"../../../Engine/Plugins/Animation/AnimationData/AnimationData.uplugin" 183
"../../../Engine/Plugins/Animation/ControlRigSpline/ControlRigSpline.uplugin" 184
"../../../Engine/Plugins/Animation/DeformerGraph/DeformerGraph.uplugin" 185
"../../../Engine/Plugins/Animation/DNACalib/DNACalib.uplugin" 186
"../../../Engine/Plugins/Animation/GeneSplicer/GeneSplicer.uplugin" 187
"../../../Engine/Plugins/Animation/IKRig/IKRig.uplugin" 188
"../../../Engine/Plugins/Animation/LiveLink/LiveLink.uplugin" 189
"../../../Engine/Plugins/Animation/LiveLinkCurveDebugUI/LiveLinkCurveDebugUI.uplugin" 190
"../../../Engine/Plugins/Animation/LiveLinkDevice/LiveLinkDevice.uplugin" 191
"../../../Engine/Plugins/Animation/LiveLinkExampleDevice/LiveLinkExampleDevice.uplugin" 192
"../../../Engine/Plugins/Animation/LiveLinkHub/LiveLinkHub.uplugin" 193
"../../../Engine/Plugins/Animation/MotionWarping/MotionWarping.uplugin" 194
"../../../Engine/Plugins/Animation/PerformanceCaptureCore/PerformanceCaptureCore.uplugin" 195
"../../../Engine/Plugins/Animation/GameplayInsights/GameplayInsights.uplugin" 196
"../../../Engine/Plugins/Animation/PoseSearch/PoseSearch.uplugin" 197
"../../../Engine/Plugins/Animation/RigLogic/RigLogic.uplugin" 198
"../../../Engine/Plugins/Animation/SkeletalMeshModelingTools/SkeletalMeshModelingTools.uplugin" 199
"../../../Engine/Plugins/Animation/TweeningUtils/TweeningUtils.uplugin" 200
"../../../Engine/Plugins/Cameras/CameraShakePreviewer/CameraShakePreviewer.uplugin" 201
"../../../Engine/Plugins/Cameras/EngineCameras/EngineCameras.uplugin" 202
"../../../Engine/Plugins/Cameras/GameplayCameras/GameplayCameras.uplugin" 203
"../../../Engine/Plugins/Compositing/Composure/Composure.uplugin" 204
"../../../Engine/Plugins/Compositing/LensDistortion/LensDistortion.uplugin" 205
"../../../Engine/Plugins/Compositing/OpenCVLensDistortion/OpenCVLensDistortion.uplugin" 206
"../../../Engine/Plugins/Compression/OodleNetwork/OodleNetwork.uplugin" 207
"../../../Engine/Plugins/Compositing/OpenColorIO/OpenColorIO.uplugin" 208
"../../../Engine/Plugins/Developer/AnimationSharing/AnimationSharing.uplugin" 209
"../../../Engine/Plugins/Developer/BlankPlugin/BlankPlugin.uplugin" 210
"../../../Engine/Plugins/Developer/CodeLiteSourceCodeAccess/CodeLiteSourceCodeAccess.uplugin" 211
"../../../Engine/Plugins/Developer/CLionSourceCodeAccess/CLionSourceCodeAccess.uplugin" 212
"../../../Engine/Plugins/Developer/DumpGPUServices/DumpGPUServices.uplugin" 213
"../../../Engine/Plugins/Developer/GitSourceControl/GitSourceControl.uplugin" 214
"../../../Engine/Plugins/Developer/FieldNotificationTrace/FieldNotificationTrace.uplugin" 215
"../../../Engine/Plugins/Developer/KDevelopSourceCodeAccess/KDevelopSourceCodeAccess.uplugin" 216
"../../../Engine/Plugins/Developer/N10XSourceCodeAccess/N10XSourceCodeAccess.uplugin" 217
"../../../Engine/Plugins/Developer/NullSourceCodeAccess/NullSourceCodeAccess.uplugin" 218
"../../../Engine/Plugins/Developer/OneSkyLocalizationService/OneSkyLocalizationService.uplugin" 219
"../../../Engine/Plugins/Developer/NamingTokens/NamingTokens.uplugin" 220
"../../../Engine/Plugins/Developer/PerforceSourceControl/PerforceSourceControl.uplugin" 221
"../../../Engine/Plugins/Developer/PixWinPlugin/PixWinPlugin.uplugin" 222
"../../../Engine/Plugins/Developer/PluginUtils/PluginUtils.uplugin" 223
"../../../Engine/Plugins/Developer/ProjectLauncher/ProjectLauncher.uplugin" 224
"../../../Engine/Plugins/Developer/PropertyAccessNode/PropertyAccessNode.uplugin" 225
"../../../Engine/Plugins/Developer/PlasticSourceControl/PlasticSourceControl.uplugin" 226
"../../../Engine/Plugins/Developer/RenderDocPlugin/RenderDocPlugin.uplugin" 227
"../../../Engine/Plugins/Developer/RiderSourceCodeAccess/RiderSourceCodeAccess.uplugin" 228
"../../../Engine/Plugins/Developer/SubversionSourceControl/SubversionSourceControl.uplugin" 229
"../../../Engine/Plugins/Developer/TextureFormatOodle/TextureFormatOodle.uplugin" 230
"../../../Engine/Plugins/Developer/TraceDataFiltering/TraceDataFilters.uplugin" 231
"../../../Engine/Plugins/Developer/TraceSourceFiltering/TraceSourceFilters.uplugin" 232
"../../../Engine/Plugins/Developer/UObjectPlugin/UObjectPlugin.uplugin" 233
"../../../Engine/Plugins/Developer/VisualStudioCodeSourceCodeAccess/VisualStudioCodeSourceCodeAccess.uplugin" 234
"../../../Engine/Plugins/Developer/XcodeGPUDebuggerPlugin/XcodeGPUDebuggerPlugin.uplugin" 235
"../../../Engine/Plugins/Editor/AssetManagerEditor/AssetManagerEditor.uplugin" 236
"../../../Engine/Plugins/Developer/VisualStudioSourceCodeAccess/VisualStudioSourceCodeAccess.uplugin" 237
"../../../Engine/Plugins/Editor/AssetReferenceRestrictions/AssetReferenceRestrictions.uplugin" 238
"../../../Engine/Plugins/Editor/AssetRegistryExport/AssetRegistryExport.uplugin" 239
"../../../Engine/Plugins/Editor/AssetSearch/AssetSearch.uplugin" 240
"../../../Engine/Plugins/Editor/BlueprintMaterialTextureNodes/BlueprintMaterialTextureNodes.uplugin" 241
"../../../Engine/Plugins/Editor/ChangelistReview/ChangelistReview.uplugin" 242
"../../../Engine/Plugins/Editor/ConsoleVariablesEditor/ConsoleVariables.uplugin" 243
"../../../Engine/Plugins/Editor/BlueprintHeaderView/BlueprintHeaderView.uplugin" 244
"../../../Engine/Plugins/Editor/CryptoKeys/CryptoKeys.uplugin" 245
"../../../Engine/Plugins/Editor/DisplayClusterLaunch/DisplayClusterLaunch.uplugin" 246
"../../../Engine/Plugins/Editor/DataValidation/DataValidation.uplugin" 247
"../../../Engine/Plugins/Editor/EditorDebugTools/EditorDebugTools.uplugin" 248
"../../../Engine/Plugins/Editor/EditorSysConfigAssistant/EditorSysConfigAssistant.uplugin" 249
"../../../Engine/Plugins/Editor/EngineAssetDefinitions/EngineAssetDefinitions.uplugin" 250
"../../../Engine/Plugins/Editor/FacialAnimation/FacialAnimation.uplugin" 251
"../../../Engine/Plugins/Editor/GameplayTagsEditor/GameplayTagsEditor.uplugin" 252
"../../../Engine/Plugins/Editor/EditorScriptingUtilities/EditorScriptingUtilities.uplugin" 253
"../../../Engine/Plugins/Editor/GeometryMode/GeometryMode.uplugin" 254
"../../../Engine/Plugins/Editor/LiveUpdateForSlate/LiveUpdateForSlate.uplugin" 255
"../../../Engine/Plugins/Editor/GuidedTutorials/GuidedTutorials.uplugin" 256
"../../../Engine/Plugins/Editor/MacGraphicsSwitching/MacGraphicsSwitching.uplugin" 257
"../../../Engine/Plugins/Editor/MakeCookedEditorAsDLC/MakeCookedEditorAsDLC.uplugin" 258
"../../../Engine/Plugins/Editor/MeshLODToolset/MeshLODToolset.uplugin" 259
"../../../Engine/Plugins/Editor/MobileLauncherProfileWizard/MobileLauncherProfileWizard.uplugin" 260
"../../../Engine/Plugins/Editor/ModelingToolsEditorMode/ModelingToolsEditorMode.uplugin" 261
"../../../Engine/Plugins/Editor/ModelViewViewModelPreview/ModelViewViewModelPreview.uplugin" 262
"../../../Engine/Plugins/Developer/DirectoryPlaceholder/DirectoryPlaceholder.uplugin" 263
"../../../Engine/Plugins/Editor/ColorGrading/ColorGrading.uplugin" 264
"../../../Engine/Plugins/Editor/PluginBrowser/PluginBrowser.uplugin" 265
"../../../Engine/Plugins/Editor/ProxyLODPlugin/ProxyLODPlugin.uplugin" 266
"../../../Engine/Plugins/Editor/MaterialAnalyzer/MaterialAnalyzer.uplugin" 267
"../../../Engine/Plugins/Editor/SampleToolsEditorMode/SampleToolsEditorMode.uplugin" 268
"../../../Engine/Plugins/Editor/ScriptableToolsEditorMode/ScriptableToolsEditorMode.uplugin" 269
"../../../Engine/Plugins/Editor/SequencerAnimTools/SequencerAnimTools.uplugin" 270
"../../../Engine/Plugins/Editor/StylusInput/StylusInput.uplugin" 271
"../../../Engine/Plugins/Editor/SpeedTreeImporter/SpeedTreeImporter.uplugin" 272
"../../../Engine/Plugins/Editor/WaveformEditor/WaveformEditor.uplugin" 273
"../../../Engine/Plugins/Editor/UVEditor/UVEditor.uplugin" 274
"../../../Engine/Plugins/Editor/WorldPartitionHLODUtilities/WorldPartitionHLODUtilities.uplugin" 275
"../../../Engine/Plugins/Editor/UMGWidgetPreview/UMGWidgetPreview.uplugin" 276
"../../../Engine/Plugins/Enterprise/AxFImporter/AxFImporter.uplugin" 277
"../../../Engine/Plugins/Enterprise/DataprepEditor/DataprepEditor.uplugin" 278
"../../../Engine/Plugins/Runtime/GooglePAD/GooglePAD.uplugin" 279
"../../../Engine/Plugins/Enterprise/DatasmithC4DImporter/DatasmithC4DImporter.uplugin" 280
"../../../Engine/Plugins/Enterprise/DatasmithCADImporter/DatasmithCADImporter.uplugin" 281
"../../../Engine/Plugins/Enterprise/DatasmithContent/DatasmithContent.uplugin" 282
"../../../Engine/Plugins/Enterprise/DatasmithImporter/DatasmithImporter.uplugin" 283
"../../../Engine/Plugins/Editor/StaticMeshEditorModeling/StaticMeshEditorModeling.uplugin" 284
"../../../Engine/Plugins/Enterprise/DatasmithFBXImporter/DatasmithFBXImporter.uplugin" 285
"../../../Engine/Plugins/Enterprise/MDLImporter/MDLImporter.uplugin" 286
"../../../Engine/Plugins/Enterprise/VariantManager/VariantManager.uplugin" 287
"../../../Engine/Plugins/Experimental/ActorPalette/ActorPalette.uplugin" 288
"../../../Engine/Plugins/Experimental/AdvancedRenamer/AdvancedRenamer.uplugin" 289
"../../../Engine/Plugins/Experimental/AbilitySystemGameFeatureActions/AbilitySystemGameFeatureActions.uplugin" 290
"../../../Engine/Plugins/Experimental/AnimNext/AnimNext.uplugin" 291
"../../../Engine/Plugins/Experimental/AnimNextAnimGraph/AnimNextAnimGraph.uplugin" 292
"../../../Engine/Plugins/Experimental/AnimNextChooser/AnimNextChooser.uplugin" 293
"../../../Engine/Plugins/Experimental/AnimNextPoseSearch/AnimNextPoseSearch.uplugin" 294
"../../../Engine/Plugins/Developer/XCodeSourceCodeAccess/XCodeSourceCodeAccess.uplugin" 295
"../../../Engine/Plugins/Experimental/AnimNextStateTree/AnimNextStateTree.uplugin" 296
"../../../Engine/Plugins/Experimental/AnimNextWarping/AnimNextWarping.uplugin" 297
"../../../Engine/Plugins/Experimental/AnimNextControlRig/AnimNextControlRig.uplugin" 298
"../../../Engine/Plugins/Experimental/AnimToTexture/AnimToTexture.uplugin" 299
"../../../Engine/Plugins/Experimental/AsyncMessageSystemTests/AsyncMessageSystemTests.uplugin" 300
"../../../Engine/Plugins/Experimental/AutomationUtils/AutomationUtils.uplugin" 301
"../../../Engine/Plugins/Experimental/AvalancheDataLink/AvalancheDataLink.uplugin" 302
"../../../Engine/Plugins/Experimental/AvalancheDisplayCluster/AvalancheDisplayCluster.uplugin" 303
"../../../Engine/Plugins/Experimental/AvalancheSceneState/AvalancheSceneState.uplugin" 304
"../../../Engine/Plugins/Experimental/AsyncMessageSystem/AsyncMessageSystem.uplugin" 305
"../../../Engine/Plugins/Experimental/AvalancheSequenceNavigator/AvalancheSequenceNavigator.uplugin" 306
"../../../Engine/Plugins/Experimental/BackChannel/BackChannel.uplugin" 307
"../../../Engine/Plugins/Experimental/BlueprintSnapNodes/BlueprintSnapNodes.uplugin" 308
"../../../Engine/Plugins/Experimental/BlueprintStats/BlueprintStats.uplugin" 309
"../../../Engine/Plugins/Experimental/Buoyancy/Buoyancy.uplugin" 310
"../../../Engine/Plugins/Experimental/CelestialVault/CelestialVault.uplugin" 311
"../../../Engine/Plugins/Experimental/ChaosCachingUSD/ChaosCachingUSD.uplugin" 312
"../../../Engine/Plugins/Experimental/ChaosEditor/ChaosEditor.uplugin" 313
"../../../Engine/Plugins/Experimental/ChaosFlesh/ChaosFlesh.uplugin" 314
"../../../Engine/Plugins/Enterprise/VariantManagerContent/VariantManagerContent.uplugin" 315
"../../../Engine/Plugins/Experimental/ChaosMover/ChaosMover.uplugin" 316
"../../../Engine/Plugins/Experimental/ChaosModularVehicleExamples/ChaosModularVehicleExamples.uplugin" 317
"../../../Engine/Plugins/Experimental/ChaosCaching/ChaosCaching.uplugin" 318
"../../../Engine/Plugins/Experimental/ChaosOutfitAsset/ChaosOutfitAsset.uplugin" 319
"../../../Engine/Plugins/Experimental/ChaosSolverPlugin/ChaosSolverPlugin.uplugin" 320
"../../../Engine/Plugins/Experimental/ChaosNiagara/ChaosNiagara.uplugin" 321
"../../../Engine/Plugins/Experimental/ChaosModularVehicle/ChaosModularVehicle.uplugin" 322
"../../../Engine/Plugins/Experimental/ChaosClothEditor/ChaosClothEditor.uplugin" 323
"../../../Engine/Plugins/Experimental/CharacterAI/CharacterAI.uplugin" 324
"../../../Engine/Plugins/Editor/CurveEditorTools/CurveEditorTools.uplugin" 325
"../../../Engine/Plugins/Experimental/ChaosVehiclesPlugin/ChaosVehiclesPlugin.uplugin" 326
"../../../Engine/Plugins/Experimental/CineCameraRigs/CineCameraRigs.uplugin" 327
"../../../Engine/Plugins/Experimental/CineCameraSceneCapture/CineCameraSceneCapture.uplugin" 328
"../../../Engine/Plugins/Experimental/CinematicPrestreaming/CinematicPrestreaming.uplugin" 329
"../../../Engine/Plugins/Experimental/CommonConversation/CommonConversation.uplugin" 330
"../../../Engine/Plugins/Experimental/ControlFlows/ControlFlows.uplugin" 331
"../../../Engine/Plugins/Experimental/Dataflow/Dataflow.uplugin" 332
"../../../Engine/Plugins/Experimental/ColorCorrectRegions/ColorCorrectRegions.uplugin" 333
"../../../Engine/Plugins/Experimental/DataLink/DataLink.uplugin" 334
"../../../Engine/Plugins/Experimental/DataLinkOAuth/DataLinkOAuth.uplugin" 335
"../../../Engine/Plugins/Experimental/DaySequence/DaySequence.uplugin" 336
"../../../Engine/Plugins/Experimental/DefaultInstallBundleManager/DefaultInstallBundleManager.uplugin" 337
"../../../Engine/Plugins/Experimental/DynamicMaterialMediaStreamBridge/DynamicMaterialMediaStreamBridge.uplugin" 338
"../../../Engine/Plugins/Experimental/EditorDataStorage/EditorDataStorage.uplugin" 339
"../../../Engine/Plugins/Experimental/EditorDataStorageFeatures/EditorDataStorageFeatures.uplugin" 340
"../../../Engine/Plugins/Experimental/CodeView/CodeView.uplugin" 341
"../../../Engine/Plugins/Experimental/EditorPerformance/EditorPerformance.uplugin" 342
"../../../Engine/Plugins/Experimental/EditorTelemetry/EditorTelemetry.uplugin" 343
"../../../Engine/Plugins/Experimental/EvaluationNotifies/EvaluationNotifies.uplugin" 344
"../../../Engine/Plugins/Experimental/FastGeoStreaming/FastGeoStreaming.uplugin" 345
"../../../Engine/Plugins/Experimental/FloatingProperties/FloatingProperties.uplugin" 346
"../../../Engine/Plugins/Experimental/Fracture/Fracture.uplugin" 347
"../../../Engine/Plugins/Experimental/FullBodyIK/FullBodyIK.uplugin" 348
"../../../Engine/Plugins/Experimental/GameInputWindows/GameInputWindows.uplugin" 349
"../../../Engine/Plugins/Experimental/GameplayBehaviors/GameplayBehaviors.uplugin" 350
"../../../Engine/Plugins/Experimental/GameplayGraph/GameplayGraph.uplugin" 351
"../../../Engine/Plugins/Experimental/GameplayTargetingSystem/TargetingSystem.uplugin" 352
"../../../Engine/Plugins/Experimental/FieldSystemPlugin/FieldSystemPlugin.uplugin" 353
"../../../Engine/Plugins/Experimental/Gauntlet/Gauntlet.uplugin" 354
"../../../Engine/Plugins/Experimental/GeometryCacheAbcFile/GeometryCacheAbcFile.uplugin" 355
"../../../Engine/Plugins/Experimental/GeometryCacheLevelSequenceBaker/GeometryCacheLevelSequenceBaker.uplugin" 356
"../../../Engine/Plugins/Experimental/GeometryDataflow/GeometryDataflow.uplugin" 357
"../../../Engine/Plugins/Experimental/GeometryCollectionPlugin/GeometryCollectionPlugin.uplugin" 358
"../../../Engine/Plugins/Experimental/GeometryFlow/GeometryFlow.uplugin" 359
"../../../Engine/Plugins/Experimental/GizmoFramework/GizmoFramework.uplugin" 360
"../../../Engine/Plugins/Experimental/GizmoEdMode/GizmoEdMode.uplugin" 361
"../../../Engine/Plugins/Experimental/HairCardGenerator/HairCardGenerator.uplugin" 362
"../../../Engine/Plugins/Experimental/HairModelingToolset/HairModelingToolset.uplugin" 363
"../../../Engine/Plugins/Experimental/HairStrandsMutable/HairStrandsMutable.uplugin" 364
"../../../Engine/Plugins/Experimental/ImagePlate/ImagePlate.uplugin" 365
"../../../Engine/Plugins/Experimental/ImageWidgets/ImageWidgets.uplugin" 366
"../../../Engine/Plugins/Experimental/ImpostorBaker/ImpostorBaker.uplugin" 367
"../../../Engine/Plugins/Experimental/InlineMaterialInstance/InlineMaterialInstance.uplugin" 368
"../../../Engine/Plugins/Experimental/InstanceDataObjectFixupTool/InstanceDataObjectFixupTool.uplugin" 369
"../../../Engine/Plugins/Experimental/InteractionInterface/InteractionInterface.uplugin" 370
"../../../Engine/Plugins/Experimental/Iris/Iris.uplugin" 371
"../../../Engine/Plugins/Experimental/JWT/JWT.uplugin" 372
"../../../Engine/Plugins/Experimental/Landmass/Landmass.uplugin" 373
"../../../Engine/Plugins/Experimental/LandscapePatch/LandscapePatch.uplugin" 374
"../../../Engine/Plugins/Experimental/LearningAgents/LearningAgents.uplugin" 375
"../../../Engine/Plugins/Experimental/LevelSequenceNavigatorBridge/LevelSequenceNavigatorBridge.uplugin" 376
"../../../Engine/Plugins/Experimental/ChaosUserDataPT/ChaosUserDataPT.uplugin" 377
"../../../Engine/Plugins/Experimental/LiveLinkFaceImporter/LiveLinkFaceImporter.uplugin" 378
"../../../Engine/Plugins/Experimental/CodeEditor/CodeEditor.uplugin" 379
"../../../Engine/Plugins/Experimental/GPULightmass/GPULightmass.uplugin" 380
"../../../Engine/Plugins/Experimental/LocalizableMessage/LocalizableMessage.uplugin" 381
"../../../Engine/Plugins/Experimental/LowLevelNetTrace/LowLevelNetTrace.uplugin" 382
"../../../Engine/Plugins/Experimental/MediaStream/MediaStream.uplugin" 383
"../../../Engine/Plugins/Experimental/MediaViewer/MediaViewer.uplugin" 384
"../../../Engine/Plugins/Experimental/MeshResizing/MeshResizing.uplugin" 385
"../../../Engine/Plugins/Experimental/MeshModelingToolsetExp/MeshModelingToolsetExp.uplugin" 386
"../../../Engine/Plugins/Experimental/MetasoundExperimental/MetasoundExperimental.uplugin" 387
"../../../Engine/Plugins/Experimental/MLflow/MLflow.uplugin" 388
"../../../Engine/Plugins/Experimental/MotorSimOutputMotoSynth/MotorSimOutputMotoSynth.uplugin" 389
"../../../Engine/Plugins/Experimental/MotoSynth/MotoSynth.uplugin" 390
"../../../Engine/Plugins/Experimental/Mover/Mover.uplugin" 391
"../../../Engine/Plugins/Experimental/MoverIntegrations/MoverIntegrations.uplugin" 392
"../../../Engine/Plugins/Experimental/MoverExamples/MoverExamples.uplugin" 393
"../../../Engine/Plugins/Experimental/MoverAnimNext/MoverAnimNext.uplugin" 394
"../../../Engine/Plugins/Experimental/MoverTests/MoverTests.uplugin" 395
"../../../Engine/Plugins/Experimental/MovieScenePoseSearchTracks/MovieScenePoseSearchTracks.uplugin" 396
"../../../Engine/Plugins/Experimental/LiveLinkControlRig/LiveLinkControlRig.uplugin" 397
"../../../Engine/Plugins/Experimental/MutableClothing/MutableClothing.uplugin" 398
"../../../Engine/Plugins/Experimental/MutablePopulation/MutablePopulation.uplugin" 399
"../../../Engine/Plugins/Experimental/NaniteDisplacedMesh/NaniteDisplacedMesh.uplugin" 400
"../../../Engine/Plugins/Experimental/NeuralRendering/NeuralRendering.uplugin" 401
"../../../Engine/Plugins/Experimental/NFORDenoise/NFORDenoise.uplugin" 402
"../../../Engine/Plugins/Experimental/NNERuntimeCoreML/NNERuntimeCoreML.uplugin" 403
"../../../Engine/Plugins/Enterprise/LidarPointCloud/LidarPointCloud.uplugin" 404
"../../../Engine/Plugins/Experimental/NNERuntimeIREE/NNERuntimeIREE.uplugin" 405
"../../../Engine/Plugins/Experimental/NNERuntimeRDG/NNERuntimeRDG.uplugin" 406
"../../../Engine/Plugins/Experimental/OptiXDenoise/OptiXDenoise.uplugin" 407
"../../../Engine/Plugins/Experimental/PCGBiomeSample/PCGBiomeSample.uplugin" 408
"../../../Engine/Plugins/Experimental/OpenImageDenoise/OpenImageDenoise.uplugin" 409
"../../../Engine/Plugins/Experimental/PhysicsControl/PhysicsControl.uplugin" 410
"../../../Engine/Plugins/Experimental/PixelStreamingPlayer/PixelStreamingPlayer.uplugin" 411
"../../../Engine/Plugins/Experimental/MovieSceneAnimMixer/MovieSceneAnimMixer.uplugin" 412
"../../../Engine/Plugins/Enterprise/GLTFExporter/GLTFExporter.uplugin" 413
"../../../Engine/Plugins/Experimental/PlainPropsUObject/PlainPropsUObject.uplugin" 414
"../../../Engine/Plugins/Experimental/PlanarCutPlugin/PlanarCut.uplugin" 415
"../../../Engine/Plugins/Experimental/NNERuntimeBasicCpu/NNERuntimeBasicCpu.uplugin" 416
"../../../Engine/Plugins/Experimental/PluginAudit/PluginAudit.uplugin" 417
"../../../Engine/Plugins/Experimental/PluginReferenceViewer/PluginReferenceViewer.uplugin" 418
"../../../Engine/Plugins/Experimental/LiveLinkOpenVR/LiveLinkOpenVR.uplugin" 419
"../../../Engine/Plugins/Experimental/PCGBiomeCore/PCGBiomeCore.uplugin" 420
"../../../Engine/Plugins/Experimental/PluginTemplateTool/PluginTemplateTool.uplugin" 421
"../../../Engine/Plugins/Experimental/PostProcessMaterialChainGraph/PostProcessMaterialChainGraph.uplugin" 422
"../../../Engine/Plugins/Experimental/PSDImporterMaterialDesignerBridge/PSDImporterMaterialDesignerBridge.uplugin" 423
"../../../Engine/Plugins/Experimental/PythonFoundationPackages/PythonFoundationPackages.uplugin" 424
"../../../Engine/Plugins/Experimental/QuicMessaging/QuicMessaging.uplugin" 425
"../../../Engine/Plugins/Experimental/PythonScriptPlugin/PythonScriptPlugin.uplugin" 426
"../../../Engine/Plugins/Experimental/PSDImporter/PSDImporter.uplugin" 427
"../../../Engine/Plugins/Experimental/PlainProps/PlainProps.uplugin" 428
"../../../Engine/Plugins/Experimental/RawInput/RawInput.uplugin" 429
"../../../Engine/Plugins/Experimental/RenderGrid/RenderGrid.uplugin" 430
"../../../Engine/Plugins/Experimental/RemoteSession/RemoteSession.uplugin" 431
"../../../Engine/Plugins/Experimental/RigLogicAnimNext/RigLogicAnimNext.uplugin" 432
"../../../Engine/Plugins/Experimental/ScreenReader/ScreenReader.uplugin" 433
"../../../Engine/Plugins/Experimental/SceneState/SceneState.uplugin" 434
"../../../Engine/Plugins/Experimental/SecuritySandbox/SecuritySandbox.uplugin" 435
"../../../Engine/Plugins/Experimental/SerializationUtils/SerializationUtils.uplugin" 436
"../../../Engine/Plugins/Experimental/Shotgrid/Shotgrid.uplugin" 437
"../../../Engine/Plugins/Experimental/SimpleHMD/SimpleHMD.uplugin" 438
"../../../Engine/Plugins/Experimental/SkeletalReduction/SkeletalReduction.uplugin" 439
"../../../Engine/Plugins/Experimental/SlateIM/SlateIM.uplugin" 440
"../../../Engine/Plugins/Experimental/SlateModelViewViewModel/SlateModelViewViewModel.uplugin" 441
"../../../Engine/Plugins/Experimental/RemoteControlComponents/RemoteControlComponents.uplugin" 442
"../../../Engine/Plugins/Experimental/SlateScreenReader/SlateScreenReader.uplugin" 443
"../../../Engine/Plugins/Experimental/SpatialReadiness/SpatialReadiness.uplugin" 444
"../../../Engine/Plugins/Experimental/StateGraph/StateGraph.uplugin" 445
"../../../Engine/Plugins/Experimental/StructUtils/StructUtils.uplugin" 446
"../../../Engine/Plugins/Experimental/RuntimeTelemetry/RuntimeTelemetry.uplugin" 447
"../../../Engine/Plugins/Experimental/SubtitlesAndClosedCaptions/SubtitlesAndClosedCaptions.uplugin" 448
"../../../Engine/Plugins/Experimental/SequenceNavigator/SequenceNavigator.uplugin" 449
"../../../Engine/Plugins/Experimental/TargetDeviceServicesScripting/TargetDeviceServicesScripting.uplugin" 450
"../../../Engine/Plugins/Experimental/SurfaceEffects/SurfaceEffects.uplugin" 451
"../../../Engine/Plugins/Experimental/PanoramicCapture/PanoramicCapture.uplugin" 452
"../../../Engine/Plugins/Experimental/Tensorboard/Tensorboard.uplugin" 453
"../../../Engine/Plugins/Experimental/TechAudioTools/TechAudioTools.uplugin" 454
"../../../Engine/Plugins/Experimental/Text3D/Text3D.uplugin" 455
"../../../Engine/Plugins/Experimental/TextToSpeech/TextToSpeech.uplugin" 456
"../../../Engine/Plugins/Experimental/ToolPresets/ToolPresets.uplugin" 457
"../../../Engine/Plugins/Experimental/SubmitToolEditor/SubmitToolEditor.uplugin" 458
"../../../Engine/Plugins/Experimental/UIFramework/UIFramework.uplugin" 459
"../../../Engine/Plugins/Experimental/RazerChromaDevices/RazerChromaDevices.uplugin" 460
"../../../Engine/Plugins/Experimental/UserToolBoxCore/UserToolBoxCore.uplugin" 461
"../../../Engine/Plugins/Experimental/UserToolBoxBasicCommand/UserToolBoxBasicCommand.uplugin" 462
"../../../Engine/Plugins/Experimental/TetMeshing/TetMeshing.uplugin" 463
"../../../Engine/Plugins/Experimental/VirtualProductionUtilities/VirtualProductionUtilities.uplugin" 464
"../../../Engine/Plugins/Experimental/VirtualHeightfieldMesh/VirtualHeightfieldMesh.uplugin" 465
"../../../Engine/Plugins/Experimental/Volumetrics/Volumetrics.uplugin" 466
"../../../Engine/Plugins/Experimental/Water/Water.uplugin" 467
"../../../Engine/Plugins/Experimental/WaterExtras/WaterExtras.uplugin" 468
"../../../Engine/Plugins/Experimental/WaterAdvanced/WaterAdvanced.uplugin" 469
"../../../Engine/Plugins/Experimental/WaveFunctionCollapse/WaveFunctionCollapse.uplugin" 470
"../../../Engine/Plugins/Experimental/WebSocketMessaging/WebSocketMessaging.uplugin" 471
"../../../Engine/Plugins/Experimental/WidgetEditorToolPalette/WidgetEditorToolPalette.uplugin" 472
"../../../Engine/Plugins/Experimental/WebSocketNetworking/WebSocketNetworking.uplugin" 473
"../../../Engine/Plugins/FX/CascadeToNiagaraConverter/CascadeToNiagaraConverter.uplugin" 474
"../../../Engine/Plugins/Experimental/RigLogicMutable/RigLogicMutable.uplugin" 475
"../../../Engine/Plugins/FX/ExampleCustomDataInterface/ExampleCustomDataInterface.uplugin" 476
"../../../Engine/Plugins/Experimental/Workspace/Workspace.uplugin" 477
"../../../Engine/Plugins/FX/NiagaraMRQ/NiagaraMRQ.uplugin" 478
"../../../Engine/Plugins/FX/Cascade/Cascade.uplugin" 479
"../../../Engine/Plugins/FX/NiagaraSimCaching/NiagaraSimCaching.uplugin" 480
"../../../Engine/Plugins/Experimental/SVGImporter/SVGImporter.uplugin" 481
"../../../Engine/Plugins/Importers/USDImporter/USDImporter.uplugin" 482
"../../../Engine/Plugins/FX/NiagaraFluids/NiagaraFluids.uplugin" 483
"../../../Engine/Plugins/Importers/AlembicHairImporter/AlembicHairImporter.uplugin" 484
"../../../Engine/Plugins/Interchange/Assets/InterchangeAssets.uplugin" 485
"../../../Engine/Plugins/Interchange/Editor/InterchangeEditor.uplugin" 486
"../../../Engine/Plugins/Importers/USDImporterMDL/USDImporterMDL.uplugin" 487
"../../../Engine/Plugins/Importers/USDMultiUser/USDMultiUser.uplugin" 488
"../../../Engine/Plugins/Interchange/Runtime/Interchange.uplugin" 489
"../../../Engine/Plugins/Media/AjaMedia/AjaMedia.uplugin" 490
"../../../Engine/Plugins/Media/AndroidCamera/AndroidCamera.uplugin" 491
"../../../Engine/Plugins/Media/AndroidMedia/AndroidMedia.uplugin" 492
"../../../Engine/Plugins/Media/AppleProResMedia/AppleProResMedia.uplugin" 493
"../../../Engine/Plugins/Media/AudioCaptureTimecodeProvider/AudioCaptureTimecodeProvider.uplugin" 494
"../../../Engine/Plugins/Media/AppleProResDecoderElectra/AppleProResDecoderElectra.uplugin" 495
"../../../Engine/Plugins/Media/AvfMedia/AvfMedia.uplugin" 496
"../../../Engine/Plugins/Importers/AlembicImporter/AlembicImporter.uplugin" 497
"../../../Engine/Plugins/Media/BinkMedia/BinkMedia.uplugin" 498
"../../../Engine/Plugins/Media/AvidDNxMedia/AvidDNxMedia.uplugin" 499
"../../../Engine/Plugins/Media/D3D12VideoDecodersElectra/D3D12VideoDecodersElectra.uplugin" 500
"../../../Engine/Plugins/Media/ElectraCodecs/ElectraCodecs.uplugin" 501
"../../../Engine/Plugins/Media/AvidDNxHDDecoderElectra/AvidDNxHDDecoderElectra.uplugin" 502
"../../../Engine/Plugins/Media/ElectraPlayer/ElectraPlayer.uplugin" 503
"../../../Engine/Plugins/Media/ElectraUtil/ElectraUtil.uplugin" 504
"../../../Engine/Plugins/Media/FlacDecoderElectra/FlacDecoderElectra.uplugin" 505
"../../../Engine/Plugins/Media/HAPDecoderElectra/HAPDecoderElectra.uplugin" 506
"../../../Engine/Plugins/FX/Niagara/Niagara.uplugin" 507
"../../../Engine/Plugins/Media/HAPMedia/HAPMedia.uplugin" 508
"../../../Engine/Plugins/Media/HardwareEncoders/HardwareEncoders.uplugin" 509
"../../../Engine/Plugins/Media/ImgMedia/ImgMedia.uplugin" 510
"../../../Engine/Plugins/Media/LinearTimecode/LinearTimecode.uplugin" 511
"../../../Engine/Plugins/Media/MediaCompositing/MediaCompositing.uplugin" 512
"../../../Engine/Plugins/Media/MediaFrameworkUtilities/MediaFrameworkUtilities.uplugin" 513
"../../../Engine/Plugins/Media/MediaIOFramework/MediaIOFramework.uplugin" 514
"../../../Engine/Plugins/Media/MediaPlate/MediaPlate.uplugin" 515
"../../../Engine/Plugins/Media/ElectraSubtitles/ElectraSubtitles.uplugin" 516
"../../../Engine/Plugins/Media/MediaPlayerEditor/MediaPlayerEditor.uplugin" 517
"../../../Engine/Plugins/Media/MfMedia/MfMedia.uplugin" 518
"../../../Engine/Plugins/Media/NDIMedia/NDIMedia.uplugin" 519
"../../../Engine/Plugins/Media/OpusDecoderElectra/OpusDecoderElectra.uplugin" 520
"../../../Engine/Plugins/Media/PixelCapture/PixelCapture.uplugin" 521
"../../../Engine/Plugins/Media/PixelStreaming/PixelStreaming.uplugin" 522
"../../../Engine/Plugins/Media/PixelStreaming2/PixelStreaming2.uplugin" 523
"../../../Engine/Plugins/Media/TimecodeSynchronizer/TimecodeSynchronizer.uplugin" 524
"../../../Engine/Plugins/Media/VPxDecoderElectra/VPxDecoderElectra.uplugin" 525
"../../../Engine/Plugins/Media/WebMMedia/WebMMedia.uplugin" 526
"../../../Engine/Plugins/Media/WmfMedia/WmfMedia.uplugin" 527
"../../../Engine/Plugins/MetaHuman/MetaHumanAnimator/MetaHuman.uplugin" 528
"../../../Engine/Plugins/Experimental/PlatformCrypto/PlatformCrypto.uplugin" 529
"../../../Engine/Plugins/MetaHuman/MetaHumanCalibrationProcessing/MetaHumanCalibrationProcessing.uplugin" 530
"../../../Engine/Plugins/MetaHuman/MetaHumanCoreTechLib/MetaHumanCoreTech.uplugin" 531
"../../../Engine/Plugins/MetaHuman/MetaHumanLiveLink/MetaHumanLiveLink.uplugin" 532
"../../../Engine/Plugins/MetaHuman/MetaHumanSDK/MetaHumanSDK.uplugin" 533
"../../../Engine/Plugins/NetcodeUnitTest/NetcodeUnitTest/NetcodeUnitTest.uplugin" 534
"../../../Engine/Plugins/Online/EOSOverlayInputProvider/EOSOverlayInputProvider.uplugin" 535
"../../../Engine/Plugins/Online/EOSShared/EOSShared.uplugin" 536
"../../../Engine/Plugins/Online/OnlineBase/OnlineBase.uplugin" 537
"../../../Engine/Plugins/MetaHuman/MetaHumanCharacter/MetaHumanCharacter.uplugin" 538
"../../../Engine/Plugins/Online/OnlineServices/OnlineServices.uplugin" 539
"../../../Engine/Plugins/Online/OnlineServicesEOS/OnlineServicesEOS.uplugin" 540
"../../../Engine/Plugins/Online/OnlineServicesEOSGS/OnlineServicesEOSGS.uplugin" 541
"../../../Engine/Plugins/Online/OnlineServicesEpicCommon/OnlineServicesEpicCommon.uplugin" 542
"../../../Engine/Plugins/Online/OnlineServicesNull/OnlineServicesNull.uplugin" 543
"../../../Engine/Plugins/Online/OnlineFramework/OnlineFramework.uplugin" 544
"../../../Engine/Plugins/Online/OnlineSubsystem/OnlineSubsystem.uplugin" 545
"../../../Engine/Plugins/Online/OnlineSubsystemAmazon/OnlineSubsystemAmazon.uplugin" 546
"../../../Engine/Plugins/Online/OnlineSubsystemApple/OnlineSubsystemApple.uplugin" 547
"../../../Engine/Plugins/Media/ElectraCDM/ElectraCDM.uplugin" 548
"../../../Engine/Plugins/Media/MediaMovieStreamer/MediaMovieStreamer.uplugin" 549
"../../../Engine/Plugins/Online/OnlineSubsystemGoogle/OnlineSubsystemGoogle.uplugin" 550
"../../../Engine/Plugins/Online/OnlineSubsystemNull/OnlineSubsystemNull.uplugin" 551
"../../../Engine/Plugins/NetcodeUnitTest/NUTUnrealEngine/NUTUnrealEngine.uplugin" 552
"../../../Engine/Plugins/Online/OnlineServicesOSSAdapter/OnlineServicesOSSAdapter.uplugin" 553
"../../../Engine/Plugins/Online/OnlineSubsystemEOS/OnlineSubsystemEOS.uplugin" 554
"../../../Engine/Plugins/Online/OnlineSubsystemUtils/OnlineSubsystemUtils.uplugin" 555
"../../../Engine/Plugins/Media/BlackmagicMedia/BlackmagicMedia.uplugin" 556
"../../../Engine/Plugins/PCGInterops/PCGGeometryScriptInterop/PCGGeometryScriptInterop.uplugin" 557
"../../../Engine/Plugins/Portal/LauncherChunkInstaller/LauncherChunkInstaller.uplugin" 558
"../../../Engine/Plugins/Tests/AutomationDriverTests/AutomationDriverTests.uplugin" 559
"../../../Engine/Plugins/Tests/CQTest/CQTest.uplugin" 560
"../../../Engine/Plugins/Tests/CQTestEnhancedInput/CQTestEnhancedInput.uplugin" 561
"../../../Engine/Plugins/PCGInterops/PCGExternalDataInterop/PCGExternalDataInterop.uplugin" 562
"../../../Engine/Plugins/Tests/EditorTests/EditorTests.uplugin" 563
"../../../Engine/Plugins/Tests/FbxAutomationTestBuilder/FbxAutomationTestBuilder.uplugin" 564
"../../../Engine/Plugins/Tests/FunctionalTestingEditor/FunctionalTestingEditor.uplugin" 565
"../../../Engine/Plugins/Tests/InterchangeTests/InterchangeTests.uplugin" 566
"../../../Engine/Plugins/Tests/PythonAutomationTest/PythonAutomationTest.uplugin" 567
"../../../Engine/Plugins/Tests/RHITests/RHITests.uplugin" 568
"../../../Engine/Plugins/Tests/RuntimeTests/RuntimeTests.uplugin" 569
"../../../Engine/Plugins/Tests/TestFramework/TestFramework.uplugin" 570
"../../../Engine/Plugins/Tests/TestSamples/TestSamples.uplugin" 571
"../../../Engine/Plugins/Tests/WidgetAutomationTests/WidgetAutomationTests.uplugin" 572
"../../../Engine/Plugins/VirtualProduction/ActorModifier/ActorModifier.uplugin" 573
"../../../Engine/Plugins/VirtualProduction/ActorModifierCore/ActorModifierCore.uplugin" 574
"../../../Engine/Plugins/VirtualProduction/Avalanche/Avalanche.uplugin" 575
"../../../Engine/Plugins/VirtualProduction/CameraCalibration/CameraCalibration.uplugin" 576
"../../../Engine/Plugins/VirtualProduction/CameraCalibrationCore/CameraCalibrationCore.uplugin" 577
"../../../Engine/Plugins/VirtualProduction/CaptureData/CaptureData.uplugin" 578
"../../../Engine/Plugins/Online/OnlineSubsystemFacebook/OnlineSubsystemFacebook.uplugin" 579
"../../../Engine/Plugins/VirtualProduction/ClonerEffector/ClonerEffector.uplugin" 580
"../../../Engine/Plugins/VirtualProduction/CameraCalibrationML/CameraCalibrationML.uplugin" 581
"../../../Engine/Plugins/Online/OnlineSubsystemSteam/OnlineSubsystemSteam.uplugin" 582
"../../../Engine/Plugins/Online/WebAuth/WebAuth.uplugin" 583
"../../../Engine/Plugins/VirtualProduction/CompositePlane/CompositePlane.uplugin" 584
"../../../Engine/Plugins/VirtualProduction/DataCharts/DataCharts.uplugin" 585
"../../../Engine/Plugins/VirtualProduction/CustomDetailsView/CustomDetailsView.uplugin" 586
"../../../Engine/Plugins/VirtualProduction/DynamicMaterial/DynamicMaterial.uplugin" 587
"../../../Engine/Plugins/VirtualProduction/GeometryMask/GeometryMask.uplugin" 588
"../../../Engine/Plugins/VirtualProduction/EpicStageApp/EpicStageApp.uplugin" 589
"../../../Engine/Plugins/VirtualProduction/ICVFX/ICVFX.uplugin" 590
"../../../Engine/Plugins/VirtualProduction/ICVFXTesting/ICVFXTesting.uplugin" 591
"../../../Engine/Plugins/VirtualProduction/LensComponent/LensComponent.uplugin" 592
"../../../Engine/Plugins/VirtualProduction/LevelSnapshots/LevelSnapshots.uplugin" 593
"../../../Engine/Plugins/VirtualProduction/LiveLinkCamera/LiveLinkCamera.uplugin" 594
"../../../Engine/Plugins/VirtualProduction/LiveLinkFreeD/LiveLinkFreeD.uplugin" 595
"../../../Engine/Plugins/Online/OnlineSubsystemTencent/OnlineSubsystemTencent.uplugin" 596
"../../../Engine/Plugins/VirtualProduction/LiveLinkInputDevice/LiveLinkInputDevice.uplugin" 597
"../../../Engine/Plugins/VirtualProduction/LiveLinkLens/LiveLinkLens.uplugin" 598
"../../../Engine/Plugins/VirtualProduction/LiveLinkOpenTrackIO/LiveLinkOpenTrackIO.uplugin" 599
"../../../Engine/Plugins/VirtualProduction/LiveLinkMasterLockit/LiveLinkMasterLockit.uplugin" 600
"../../../Engine/Plugins/VirtualProduction/LiveLinkPrestonMDR/LiveLinkPrestonMDR.uplugin" 601
"../../../Engine/Plugins/VirtualProduction/LiveLinkXR/LiveLinkXR.uplugin" 602
"../../../Engine/Plugins/VirtualProduction/MultiUserTakes/MultiUserTakes.uplugin" 603
"../../../Engine/Plugins/VirtualProduction/CinematicAssemblyTools/CinematicAssemblyTools.uplugin" 604
"../../../Engine/Plugins/VirtualProduction/OperatorStack/OperatorStack.uplugin" 605
"../../../Engine/Plugins/VirtualProduction/RemoteControl/RemoteControl.uplugin" 606
"../../../Engine/Plugins/VirtualProduction/PerformanceCaptureWorkflow/PerformanceCaptureWorkflow.uplugin" 607
"../../../Engine/Plugins/VirtualProduction/RemoteControlInterception/RemoteControlInterception.uplugin" 608
"../../../Engine/Plugins/VirtualProduction/RemoteControlProtocolDMX/RemoteControlProtocolDMX.uplugin" 609
"../../../Engine/Plugins/VirtualProduction/RemoteControlProtocolOSC/RemoteControlProtocolOSC.uplugin" 610
"../../../Engine/Plugins/VirtualProduction/PropertyAnimator/PropertyAnimator.uplugin" 611
"../../../Engine/Plugins/VirtualProduction/RemoteControlProtocolMIDI/RemoteControlProtocolMIDI.uplugin" 612
"../../../Engine/Plugins/VirtualProduction/RemoteControlWebInterface/RemoteControlWebInterface.uplugin" 613
"../../../Engine/Plugins/VirtualProduction/StageMonitoring/StageMonitoring.uplugin" 614
"../../../Engine/Plugins/VirtualProduction/SequencerPlaylists/SequencerPlaylists.uplugin" 615
"../../../Engine/Plugins/VirtualProduction/StormSync/StormSync.uplugin" 616
"../../../Engine/Plugins/VirtualProduction/LiveLinkVRPN/LiveLinkVRPN.uplugin" 617
"../../../Engine/Plugins/VirtualProduction/Switchboard/Switchboard.uplugin" 618
"../../../Engine/Plugins/VirtualProduction/StormSyncAvalancheBridge/StormSyncAvalancheBridge.uplugin" 619
"../../../Engine/Plugins/VirtualProduction/Takes/Takes.uplugin" 620
"../../../Engine/Plugins/VirtualProduction/TextureShare/TextureShare.uplugin" 621
"../../../Engine/Plugins/VirtualProduction/TimedDataMonitor/TimedDataMonitor.uplugin" 622
"../../../Engine/Plugins/VirtualProduction/PropertyAnimatorCore/PropertyAnimatorCore.uplugin" 623
"../../../Engine/Plugins/VirtualProduction/VirtualCamera/VirtualCamera.uplugin" 624
"../../../Engine/Plugins/VirtualProduction/VirtualScouting/VirtualScouting.uplugin" 625
"../../../Engine/Plugins/VirtualProduction/VirtualCameraCore/VirtualCameraCore.uplugin" 626
"../../../Engine/Plugins/Online/SocketSubsystemEOS/SocketSubsystemEOS.uplugin" 627
"../../../Engine/Plugins/Online/SocketSubsystemSteamIP/SocketSubsystemSteamIP.uplugin" 628
"../../../Engine/Plugins/Runtime/Advertising/IOSTapJoy/IOSTapJoy.uplugin" 629
"../../../Engine/Plugins/Runtime/Analytics/Adjust/Adjust.uplugin" 630
"../../../Engine/Plugins/Runtime/Analytics/AnalyticsBlueprintLibrary/AnalyticsBlueprintLibrary.uplugin" 631
"../../../Engine/Plugins/Runtime/Analytics/FileLogging/FileLogging.uplugin" 632
"../../../Engine/Plugins/Runtime/AR/ARUtilities/ARUtilities.uplugin" 633
"../../../Engine/Plugins/Experimental/TextureMediaPlayer/TextureMediaPlayer.uplugin" 634
"../../../Engine/Plugins/Runtime/Database/ADOSupport/ADOSupport.uplugin" 635
"../../../Engine/Plugins/Runtime/Database/RemoteDatabaseSupport/RemoteDatabaseSupport.uplugin" 636
"../../../Engine/Plugins/Runtime/Analytics/AnalyticsMulticast/AnalyticsMulticast.uplugin" 637
"../../../Engine/Plugins/Runtime/Database/SQLiteCore/SQLiteCore.uplugin" 638
"../../../Engine/Plugins/Runtime/Nvidia/GeForceNOWWrapper/GeForceNOWWrapper.uplugin" 639
"../../../Engine/Plugins/Runtime/Database/SQLiteSupport/SQLiteSupport.uplugin" 640
"../../../Engine/Plugins/Runtime/Nvidia/Reflex/Reflex.uplugin" 641
"../../../Engine/Plugins/Runtime/MeshReconstruction/DummyMeshReconstructor/DummyMeshReconstructor.uplugin" 642
"../../../Engine/Plugins/Runtime/PacketHandlers/AESGCMHandlerComponent/AESGCMHandlerComponent.uplugin" 643
"../../../Engine/Plugins/Experimental/XRCreativeFramework/XRCreativeFramework.uplugin" 644
"../../../Engine/Plugins/Runtime/PacketHandlers/DTLSHandlerComponent/DTLSHandlerComponent.uplugin" 645
"../../../Engine/Plugins/Runtime/PacketHandlers/AESHandlerComponent/AESHandlerComponent.uplugin" 646
"../../../Engine/Plugins/Animation/MLDeformer/MLDeformerFramework/MLDeformerFramework.uplugin" 647
"../../../Engine/Plugins/Animation/MLDeformer/NearestNeighborModel/NearestNeighborModel.uplugin" 648
"../../../Engine/Plugins/Animation/MLDeformer/NeuralMorphModel/NeuralMorphModel.uplugin" 649
"../../../Engine/Plugins/Animation/MLDeformer/VertexDeltaModel/VertexDeltaModel.uplugin" 650
"../../../Engine/Plugins/Experimental/MetaHuman/MetaHumanRuntime/MetaHumanRuntime.uplugin" 651
"../../../Engine/Plugins/Experimental/PCGInterops/PCGInstancedActorsInterop/PCGInstancedActorsInterop.uplugin" 652
"../../../Engine/Plugins/Experimental/PCGInterops/PCGNiagaraInterop/PCGNiagaraInterop.uplugin" 653
"../../../Engine/Plugins/Animation/MLDeformer/ChaosFleshGenerator/ChaosFleshGenerator.uplugin" 654
"../../../Engine/Plugins/Experimental/PCGInterops/PCGWaterInterop/PCGWaterInterop.uplugin" 655
"../../../Engine/Plugins/Online/Android/OnlineSubsystemGooglePlay/OnlineSubsystemGooglePlay.uplugin" 656
"../../../Engine/Plugins/Online/VoiceChat/VoiceChat/VoiceChat.uplugin" 657
"../../../Engine/Plugins/VirtualProduction/CaptureManager/CaptureManagerApp/CaptureManagerApp.uplugin" 658
"../../../Engine/Plugins/VirtualProduction/CaptureManager/CaptureManagerCore/CaptureManagerCore.uplugin" 659
"../../../Engine/Plugins/VirtualProduction/CaptureManager/CaptureManagerDevices/CaptureManagerDevices.uplugin" 660
"../../../Engine/Plugins/VirtualProduction/Rivermax/RivermaxCore/RivermaxCore.uplugin" 661
"../../../Engine/Plugins/Online/Android/AndroidFetchBackgroundDownload/AndroidFetchBackgroundDownload.uplugin" 662
"../../../Engine/Plugins/VirtualProduction/Rivermax/RivermaxMedia/RivermaxMedia.uplugin" 663
"../../../Engine/Plugins/Editor/ContentBrowser/ContentBrowserAliasDataSource/ContentBrowserAliasDataSource.uplugin" 664
"../../../Engine/Plugins/Editor/ContentBrowser/ContentBrowserClassDataSource/ContentBrowserClassDataSource.uplugin" 665
"../../../Engine/Plugins/Editor/ContentBrowser/ContentBrowserFileDataSource/ContentBrowserFileDataSource.uplugin" 666
"../../../Engine/Plugins/Online/IOS/OnlineSubsystemIOS/OnlineSubsystemIOS.uplugin" 667
"../../../Engine/Plugins/Interchange/Extensions/OpenVDB/InterchangeOpenVDB.uplugin" 668
"../../../Engine/Plugins/Developer/Concert/ConcertMain/ConcertMain.uplugin" 669
"../../../Engine/Plugins/Editor/ObjectMixer/LightMixer/LightMixer.uplugin" 670
"../../../Engine/Plugins/Editor/ContentBrowser/ContentBrowserAssetDataSource/ContentBrowserAssetDataSource.uplugin" 671
"../../../Engine/Plugins/Editor/ObjectMixer/ObjectMixer/ObjectMixer.uplugin" 672
"../../../Engine/Plugins/VirtualProduction/DMX/DatasmithMVR/DatasmithMVR.uplugin" 673
"../../../Engine/Plugins/Experimental/Web/WebAPI/WebAPI.uplugin" 674
"../../../Engine/Plugins/VirtualProduction/DMX/DMXControlConsole/DMXControlConsole.uplugin" 675
"../../../Engine/Plugins/VirtualProduction/Rivermax/RivermaxSync/RivermaxSync.uplugin" 676
"../../../Engine/Plugins/VirtualProduction/DMX/DMXDisplayCluster/DMXDisplayCluster.uplugin" 677
"../../../Engine/Plugins/Animation/MLDeformer/ChaosClothGenerator/ChaosClothGenerator.uplugin" 678
"../../../Engine/Plugins/VirtualProduction/DMX/DMXEngine/DMXEngine.uplugin" 679
"../../../Engine/Plugins/VirtualProduction/DMX/DMXModularFeatures/DMXModularFeatures.uplugin" 680
"../../../Engine/Plugins/Interchange/Extensions/OpenUSD/InterchangeOpenUSD.uplugin" 681
"../../../Engine/Plugins/VirtualProduction/DMX/DMXPixelMapping/DMXPixelMapping.uplugin" 682
"../../../Engine/Plugins/Runtime/Steam/SteamController/SteamController.uplugin" 683
"../../../Engine/Plugins/Runtime/Steam/SteamAudio/SteamAudio.uplugin" 684
"../../../Engine/Plugins/Runtime/Steam/SteamShared/SteamShared.uplugin" 685
"../../../Engine/Plugins/VirtualProduction/DMX/DMXGDTF/DMXGDTF.uplugin" 686
"../../../Engine/Plugins/Runtime/Windows/WinDualShock/WinDualShock.uplugin" 687
"../../../Engine/Plugins/VirtualProduction/DMX/DMXFixtures/DMXFixtures.uplugin" 688
"../../../Engine/Plugins/Runtime/Windows/XInputDevice/XInputDevice.uplugin" 689
"../../../Engine/Plugins/VirtualProduction/DMX/DMXProtocol/DMXProtocol.uplugin" 690
"../../../Engine/Plugins/Runtime/XR/XRScribe/XRScribe.uplugin" 691
"../../../Engine/Plugins/Experimental/Animation/CurveExpression/CurveExpression.uplugin" 692
"../../../Engine/Plugins/Experimental/Animation/ContextualAnimation/ContextualAnimation.uplugin" 693
"../../../Engine/Plugins/Editor/Localization/PortableObjectFileDataSource/PortableObjectFileDataSource.uplugin" 694
"../../../Engine/Plugins/Runtime/XR/XRVisualization/XRVisualization.uplugin" 695
"../../../Engine/Plugins/Experimental/Animation/HierarchyTable/HierarchyTable.uplugin" 696
"../../../Engine/Plugins/Experimental/Animation/MotionTrajectory/MotionTrajectory.uplugin" 697
"../../../Engine/Plugins/Experimental/Animation/Locomotor/Locomotor.uplugin" 698
"../../../Engine/Plugins/Experimental/Animation/Optimus/Optimus.uplugin" 699
"../../../Engine/Plugins/Experimental/Animation/PackedAttributes/PackedAttributes.uplugin" 700
"../../../Engine/Plugins/Experimental/Animation/SkeletonTemplateFramework/SkeletonTemplateFramework.uplugin" 701
"../../../Engine/Plugins/Experimental/Animation/TrajectoryTools/TrajectoryTools.uplugin" 702
"../../../Engine/Plugins/Experimental/AVCodecs/AMFCodecs/AMFCodecs.uplugin" 703
"../../../Engine/Plugins/Experimental/Animation/SkeletalMeshMorphTargetEditingTools/SkeletalMeshMorphTargetEditingTools.uplugin" 704
"../../../Engine/Plugins/Experimental/AVCodecs/AVCodecsCore/AVCodecsCore.uplugin" 705
"../../../Engine/Plugins/Experimental/AVCodecs/LibVpxCodecs/LibVpxCodecs.uplugin" 706
"../../../Engine/Plugins/Experimental/AVCodecs/NVCodecs/NVCodecs.uplugin" 707
"../../../Engine/Plugins/Experimental/AVCodecs/WMFCodecs/WMFCodecs.uplugin" 708
"../../../Engine/Plugins/Experimental/CharacterFXEditor/BaseCharacterFXEditor/BaseCharacterFXEditor.uplugin" 709
"../../../Engine/Plugins/Experimental/AVCodecs/VTCodecs/VTCodecs.uplugin" 710
"../../../Engine/Plugins/Experimental/Animation/RigMapper/RigMapper.uplugin" 711
"../../../Engine/Plugins/Experimental/Compositing/HoldoutComposite/HoldoutComposite.uplugin" 712
"../../../Engine/Plugins/Experimental/Enterprise/DataprepGeometryOperations/DataprepGeometryOperations.uplugin" 713
"../../../Engine/Plugins/Experimental/Animation/HierarchyTableAnimation/HierarchyTableAnimation.uplugin" 714
"../../../Engine/Plugins/Experimental/Compositing/CompositeCore/CompositeCore.uplugin" 715
"../../../Engine/Plugins/Experimental/Enterprise/DatasmithInterchange/DatasmithInterchange.uplugin" 716
"../../../Engine/Plugins/Experimental/CharacterFXEditor/ExampleCharacterFXEditor/ExampleCharacterFXEditor.uplugin" 717
"../../../Engine/Plugins/Experimental/Enterprise/DatasmithRuntime/DatasmithRuntime.uplugin" 718
"../../../Engine/Plugins/Experimental/VirtualProduction/VPRoles/VPRoles.uplugin" 719
"../../../Engine/Plugins/Experimental/VirtualProduction/LedWallCalibration/LedWallCalibration.uplugin" 720
"../../../Engine/Plugins/Runtime/Steam/SteamSockets/SteamSockets.uplugin" 721
"../../../Engine/Plugins/VirtualProduction/CaptureManager/CaptureManagerEditor/CaptureManagerEditor.uplugin" 722
"../../../Engine/Plugins/Experimental/VirtualProduction/VPSettings/VPSettings.uplugin" 723
"../../../Engine/Plugins/Runtime/AR/Google/GoogleARCore/GoogleARCore.uplugin" 724
"../../../Engine/Plugins/Runtime/AR/Google/GoogleARCoreServices/GoogleARCoreServices.uplugin" 725
"../../../Engine/Plugins/Runtime/AR/AppleAR/AppleARKit/AppleARKit.uplugin" 726
"../../../Engine/Plugins/Developer/Concert/ConcertInsights/ConcertInsightsCore/ConcertInsightsCore.uplugin" 727
"../../../Engine/Plugins/Runtime/AR/AppleAR/AppleARKitFaceSupport/AppleARKitFaceSupport.uplugin" 728
"../../../Engine/Plugins/Developer/Concert/ConcertInsights/ConcertInsightsClient/ConcertInsightsClient.uplugin" 729
"../../../Engine/Plugins/Developer/Concert/ConcertInsights/ConcertInsightsServer/ConcertInsightsServer.uplugin" 730
"../../../Engine/Plugins/Developer/Concert/ConcertInsights/ConcertInsightsVisualizer/ConcertInsightsVisualizer.uplugin" 731
"../../../Engine/Plugins/Developer/Concert/ConcertSync/ConcertSyncClient/ConcertSyncClient.uplugin" 732
"../../../Engine/Plugins/Developer/Concert/ConcertSync/ConcertSyncServer/ConcertSyncServer.uplugin" 733
"../../../Engine/Plugins/Developer/Concert/ConcertSync/ConcertSyncCore/ConcertSyncCore.uplugin" 734
"../../../Engine/Plugins/Developer/Concert/ConcertApp/DisasterRecoveryClient/DisasterRecoveryClient.uplugin" 735
"../../../Engine/Plugins/Developer/Concert/ConcertScripting/ConcertReplicationScripting/ConcertReplicationScripting.uplugin" 736
"../../../Engine/Plugins/Developer/Concert/ConcertSync/ConcertSyncTest/ConcertSyncTest.uplugin" 737
"../../../Engine/Plugins/Developer/Concert/ConcertApp/MultiUserClient/MultiUserClient.uplugin" 738
"../../../Engine/Plugins/Developer/Concert/ConcertApp/MultiUserServer/MultiUserServer.uplugin" 739
"../../../Engine/Plugins/Developer/Concert/ConcertUI/ConcertSharedSlate/ConcertSharedSlate.uplugin" 740
"../../../Engine/Plugins/Developer/Concert/ConcertUI/ConcertClientSharedSlate/ConcertClientSharedSlate.uplugin" 741
"../../../Engine/Plugins/Runtime/Database/DatabaseSupport/DatabaseSupport.uplugin" 742
"../../../Engine/Plugins/Experimental/Animation/MLDeformer/DetailPoseModel/DetailPoseModel.uplugin" 743
"../../../Engine/Plugins/Online/VoiceChat/EOSVoiceChat/EOSVoiceChat.uplugin" 744
"../../../Engine/Platforms/Android/Plugins/RigLogic/RigLogic_Android.uplugin" 745
"../../../Engine/Platforms/Android/Plugins/Animation/ACLPlugin/ACLPlugin_Android.uplugin" 746
"../../../Engine/Platforms/IOS/Plugins/RigLogic/RigLogic_IOS.uplugin" 747
"../../../Engine/Content/Internationalization/icudt64l/cnvalias.icu" 748
"../../../Engine/Content/Internationalization/icudt64l/res_index.res" 749
"../../../Engine/Content/Internationalization/icudt64l/plurals.res" 750
"../../../Engine/Content/Internationalization/icudt64l/lang/pt.res" 751
"../../../Engine/Content/Internationalization/icudt64l/lang/pool.res" 752
"../../../Engine/Content/Internationalization/icudt64l/lang/root.res" 753
"../../../Engine/Content/Internationalization/icudt64l/region/pt.res" 754
"../../../Engine/Content/Internationalization/icudt64l/region/pool.res" 755
"../../../Engine/Content/Internationalization/icudt64l/region/root.res" 756
"../../../Engine/Content/Internationalization/icudt64l/lang/en.res" 757
"../../../Engine/Content/Internationalization/icudt64l/region/en.res" 758
"../../../Engine/Content/Internationalization/icudt64l/windowsZones.res" 759
"../../../Engine/Content/Internationalization/icudt64l/zoneinfo64.res" 760
"../../../Engine/Content/Internationalization/icudt64l/keyTypeData.res" 761
"../../../Engine/Content/Internationalization/icudt64l/timezoneTypes.res" 762
"../../../Engine/Content/Internationalization/icudt64l/likelySubtags.res" 763
"../../../Engine/Content/Internationalization/icudt64l/pt_BR.res" 764
"../../../Engine/Content/Internationalization/icudt64l/pool.res" 765
"../../../Engine/Content/Internationalization/icudt64l/pt.res" 766
"../../../Engine/Content/Internationalization/icudt64l/root.res" 767
"../../../Engine/Content/Internationalization/icudt64l/supplementalData.res" 768
"../../../Engine/Config/ConfigRedirects.ini" 769
"C:/Users/lucas/AppData/Local/UnrealEngine/5.6/Saved/Config/WindowsEditor/Manifest.ini" 770
"../../../Engine/Config/BaseEngine.ini" 771
"../../../Engine/Config/Windows/BaseWindowsEngine.ini" 772
"../../../../../../Users/lucas/OneDrive/Documentos/Unreal Projects/TCC_Optimization/TCC/Config/DefaultEngine.ini" 773
"../../../Engine/Config/BaseGame.ini" 774
"../../../../../../Users/lucas/OneDrive/Documentos/Unreal Projects/TCC_Optimization/TCC/Config/DefaultGame.ini" 775
"../../../Engine/Config/Windows/WindowsGame.ini" 776
"C:/Users/lucas/OneDrive/Documentos/Unreal Projects/TCC_Optimization/TCC/Saved/Config/WindowsEditor/Game.ini" 777
"../../../Engine/Config/BaseInput.ini" 778
"../../../Engine/Config/Windows/BaseWindowsInput.ini" 779
"../../../../../../Users/lucas/OneDrive/Documentos/Unreal Projects/TCC_Optimization/TCC/Config/DefaultInput.ini" 780
"../../../Engine/Config/Windows/WindowsInput.ini" 781
"../../../Engine/Config/BaseDeviceProfiles.ini" 782
"../../../Engine/Config/BaseGameUserSettings.ini" 783
"C:/Users/lucas/OneDrive/Documentos/Unreal Projects/TCC_Optimization/TCC/Saved/Config/WindowsEditor/GameUserSettings.ini" 784
"../../../Engine/Config/BaseScalability.ini" 785
"../../../Engine/Config/BaseRuntimeOptions.ini" 786
"../../../Engine/Config/BaseInstallBundle.ini" 787
"../../../Engine/Config/BaseHardware.ini" 788
"../../../Engine/Config/BaseCompat.ini" 789
"../../../Engine/Config/BaseLightmass.ini" 790
"../../../Engine/Config/BaseEditor.ini" 791
"../../../../../../Users/lucas/OneDrive/Documentos/Unreal Projects/TCC_Optimization/TCC/Config/DefaultEditor.ini" 792
"C:/Users/lucas/OneDrive/Documentos/Unreal Projects/TCC_Optimization/TCC/Saved/Config/WindowsEditor/Editor.ini" 793
"../../../Engine/Config/BaseMaterialExpressions.ini" 794
"../../../Engine/Config/BaseEditorPerProjectUserSettings.ini" 795
"../../../Engine/Config/Windows/WindowsEditorPerProjectUserSettings.ini" 796
"C:/Users/lucas/OneDrive/Documentos/Unreal Projects/TCC_Optimization/TCC/Saved/Config/WindowsEditor/EditorPerProjectUserSettings.ini" 797
"../../../Engine/Config/BaseEditorSettings.ini" 798
"../../../Engine/Config/Windows/WindowsEditorSettings.ini" 799
"C:/Users/lucas/AppData/Local/UnrealEngine/5.6/Saved/Config/WindowsEditor/EditorSettings.ini" 800
"../../../Engine/Config/BaseEditorKeyBindings.ini" 801
"C:/Users/lucas/AppData/Local/UnrealEngine/5.6/Saved/Config/WindowsEditor/EditorLayout.ini" 802
"../../../Engine/Config/Linux/BaseLinuxEngine.ini" 803
"../../../Engine/Config/Unix/UnixEngine.ini" 804
"../../../Engine/Config/Linux/LinuxEngine.ini" 805
"../../../Engine/Config/Android/BaseAndroidEngine.ini" 806
"../../../Engine/Config/Android/AndroidEngine.ini" 807
"../../../Engine/Binaries/Win64/BootstrapPackagedGame-Win64-Shipping.target" 808
"../../../Engine/Binaries/Win64/BuildPatchTool-Win64-Shipping.target" 809
"../../../Engine/Binaries/Win64/CrashReportClient-Win64-Shipping.target" 810
"../../../Engine/Binaries/Win64/CrashReportClientEditor-Win64-Shipping.target" 811
"../../../Engine/Binaries/Win64/DatasmithCADWorker.target" 812
"../../../Engine/Binaries/Win64/EpicWebHelper-Win64-Shipping.target" 813
"../../../Engine/Binaries/Win64/InterchangeWorker.target" 814
"../../../Engine/Binaries/Win64/LiveCodingConsole.target" 815
"../../../Engine/Config/IOS/BaseIOSEngine.ini" 816
"../../../Engine/Binaries/Win64/LiveLinkHub.target" 817
"../../../Engine/Config/Linux/LinuxGame.ini" 818
"../../../Engine/Config/Android/BaseAndroidGame.ini" 819
"../../../Engine/Config/Android/BaseAndroidInput.ini" 820
"../../../Engine/Config/IOS/BaseIOSGame.ini" 821
"../../../Engine/Config/IOS/IOSGame.ini" 822
"../../../Engine/Config/IOS/BaseIOSInput.ini" 823
"../../../Engine/Config/IOS/IOSScalability.ini" 824
"../../../Engine/Config/IOS/BaseIOSInstallBundle.ini" 825
"../../../Engine/Config/Android/AndroidScalability.ini" 826
"../../../Engine/Config/Android/BaseAndroidInstallBundle.ini" 827
"../../../Engine/Binaries/Win64/ShaderCompileWorker.target" 828
"../../../Engine/Binaries/Win64/SwitchboardListener.target" 829
"../../../Engine/Binaries/Win64/SwitchboardListenerHelper.target" 830
"../../../Engine/Binaries/Win64/UnrealEditor-Win64-DebugGame.target" 831
"../../../Engine/Config/Mac/BaseMacEngine.ini" 832
"../../../Engine/Config/Mac/MacGame.ini" 833
"../../../Engine/Config/Mac/BaseMacInput.ini" 834
"../../../Engine/Config/TVOS/TVOSEngine.ini" 835
"../../../Engine/Binaries/Win64/UnrealEditor.target" 836
"../../../Engine/Platforms/VisionOS/Config/BaseVisionOSEngine.ini" 837
"../../../Engine/Platforms/VisionOS/Config/VisionOSEngine.ini" 838
"../../../Engine/Config/PluginBase.ini" 839
"../../../Engine/Plugins/ChaosVD/Config/DefaultChaosVD.ini" 840
"../../../Engine/Plugins/EnhancedInput/Config/BaseEnhancedInput.ini" 841
"../../../Engine/Plugins/Fab/Config/BaseFab.ini" 842
"../../../Engine/Plugins/TraceUtilities/Config/BaseTraceUtilities.ini" 843
"../../../Engine/Plugins/Runtime/HairStrands/Config/BaseHairStrands.ini" 844
"../../../Engine/Plugins/Runtime/Metasound/Config/BaseMetasound.ini" 845
"../../../Engine/Plugins/Runtime/Metasound/Config/DefaultMetasound.ini" 846
"../../../Engine/Plugins/Runtime/PropertyBindingUtils/Config/BasePropertyBindingUtils.ini" 847
"../../../Engine/Plugins/Runtime/RigVM/Config/BaseRigVM.ini" 848
"../../../Engine/Plugins/Runtime/StateTree/Config/BaseStateTree.ini" 849
"../../../Engine/Plugins/Runtime/Synthesis/Config/BaseSynthesis.ini" 850
"../../../Engine/Plugins/2D/Paper2D/Config/BasePaper2D.ini" 851
"../../../Engine/Plugins/Animation/ControlRig/Config/BaseControlRig.ini" 852
"../../../Engine/Plugins/Animation/DeformerGraph/Config/BaseDeformerGraph.ini" 853
"../../../Engine/Plugins/Animation/IKRig/Config/BaseIKRig.ini" 854
"../../../Engine/Plugins/Cameras/GameplayCameras/Config/BaseGameplayCameras.ini" 855
"../../../Engine/Plugins/Editor/EditorScriptingUtilities/Config/BaseEditorScriptingUtilities.ini" 856
"../../../Engine/Plugins/Enterprise/DatasmithContent/Config/BaseDatasmithContent.ini" 857
"../../../Engine/Plugins/Enterprise/VariantManagerContent/Config/BaseVariantManagerContent.ini" 858
"../../../Engine/Plugins/Experimental/FullBodyIK/Config/BaseFullBodyIK.ini" 859
"../../../Engine/Plugins/Enterprise/GLTFExporter/Config/BaseGLTFExporter.ini" 860
"../../../Engine/Plugins/Enterprise/GLTFExporter/Config/DefaultGLTFExporter.ini" 861
"../../../Engine/Plugins/Experimental/ToolPresets/Config/BaseToolPresets.ini" 862
"../../../Engine/Plugins/FX/Niagara/Config/BaseNiagara.ini" 863
"../../../Engine/Plugins/Interchange/Assets/Config/BaseInterchangeAssets.ini" 864
"../../../Engine/Plugins/Interchange/Runtime/Config/BaseInterchange.ini" 865
"../../../Engine/Plugins/MetaHuman/MetaHumanSDK/Config/BaseMetaHumanSDK.ini" 866
"../../../Engine/Plugins/VirtualProduction/CameraCalibrationCore/Config/BaseCameraCalibrationCore.ini" 867
"../../../Engine/Plugins/VirtualProduction/Takes/Config/BaseTakes.ini" 868
"../../../Engine/Plugins/Experimental/Compositing/CompositeCore/Config/BaseCompositeCore.ini" 869
"../../../Engine/Plugins/ChaosVD/Config/Engine.ini" 870
"../../../Engine/Plugins/EnhancedInput/Config/Input.ini" 871
"../../../Engine/Plugins/Runtime/InputDebugging/Config/Input.ini" 872
"../../../Engine/Plugins/Runtime/Windows/XInputDevice/Config/Input.ini" 873
"../../../Engine/Plugins/NNE/NNEDenoiser/Config/Game.ini" 874
"../../../Engine/Plugins/Runtime/RigVM/Config/Editor.ini" 875
"../../../Engine/Plugins/Online/OnlineSubsystemUtils/Config/Editor.ini" 876
"../../../Engine/Plugins/Editor/ModelingToolsEditorMode/Binaries/Win64/UnrealEditor.modules" 877
"../../../Engine/Plugins/Runtime/MeshModelingToolset/Binaries/Win64/UnrealEditor.modules" 878
"../../../Engine/Plugins/Experimental/MeshModelingToolsetExp/Binaries/Win64/UnrealEditor.modules" 879
"../../../Engine/Plugins/Editor/MeshLODToolset/Binaries/Win64/UnrealEditor.modules" 880
"../../../Engine/Plugins/Experimental/ToolPresets/Binaries/Win64/UnrealEditor.modules" 881
"../../../Engine/Plugins/Editor/StylusInput/Binaries/Win64/UnrealEditor.modules" 882
"../../../Engine/Plugins/Runtime/GeometryProcessing/Binaries/Win64/UnrealEditor.modules" 883
"../../../Engine/Plugins/Editor/ProxyLODPlugin/Binaries/Win64/UnrealEditor.modules" 884
"../../../Engine/Plugins/Experimental/PlanarCutPlugin/Binaries/Win64/UnrealEditor.modules" 885
"../../../Engine/Plugins/Runtime/GeometryCache/Binaries/Win64/UnrealEditor.modules" 886
"../../../Engine/Plugins/Experimental/GeometryFlow/Binaries/Win64/UnrealEditor.modules" 887
"../../../Engine/Plugins/Editor/EditorScriptingUtilities/Binaries/Win64/UnrealEditor.modules" 888
"../../../Engine/Plugins/FX/Niagara/Binaries/Win64/UnrealEditor.modules" 889
"../../../Engine/Plugins/Experimental/PythonScriptPlugin/Binaries/Win64/UnrealEditor.modules" 890
"../../../Engine/Plugins/Editor/ContentBrowser/ContentBrowserFileDataSource/Binaries/Win64/UnrealEditor.modules" 891
"../../../Engine/Plugins/Bridge/Binaries/Win64/UnrealEditor.modules" 892
"../../../Engine/Plugins/MetaHuman/MetaHumanSDK/Binaries/Win64/UnrealEditor.modules" 893
"../../../Engine/Plugins/Animation/ControlRig/Binaries/Win64/UnrealEditor.modules" 894
"../../../Engine/Plugins/Runtime/HairStrands/Binaries/Win64/UnrealEditor.modules" 895
"../../../Engine/Plugins/Animation/RigLogic/Binaries/Win64/UnrealEditor.modules" 896
"../../../Engine/Plugins/Online/EOSShared/Binaries/Win64/UnrealEditor.modules" 897
"../../../Engine/Plugins/Runtime/RigVM/Binaries/Win64/UnrealEditor.modules" 898
"../../../Engine/Plugins/MovieScene/LevelSequenceEditor/Binaries/Win64/UnrealEditor.modules" 899
"../../../Engine/Plugins/Runtime/PropertyAccess/Binaries/Win64/UnrealEditor.modules" 900
"../../../Engine/Plugins/MovieScene/SequencerScripting/Binaries/Win64/UnrealEditor.modules" 901
"../../../Engine/Plugins/Animation/TweeningUtils/Binaries/Win64/UnrealEditor.modules" 902
"../../../Engine/Plugins/Animation/DeformerGraph/Binaries/Win64/UnrealEditor.modules" 903
"../../../Engine/Plugins/Experimental/Dataflow/Binaries/Win64/UnrealEditor.modules" 904
"../../../Engine/Plugins/Runtime/ComputeFramework/Binaries/Win64/UnrealEditor.modules" 905
"../../../Engine/Plugins/Experimental/CharacterFXEditor/BaseCharacterFXEditor/Binaries/Win64/UnrealEditor.modules" 906
"../../../Engine/Plugins/Runtime/ProceduralMeshComponent/Binaries/Win64/UnrealEditor.modules" 907
"../../../Engine/Plugins/Experimental/ChaosCaching/Binaries/Win64/UnrealEditor.modules" 908
"../../../Engine/Plugins/Experimental/EditorDataStorage/Binaries/Win64/UnrealEditor.modules" 909
"../../../Engine/Plugins/Experimental/EditorDataStorageFeatures/Binaries/Win64/UnrealEditor.modules" 910
"../../../Engine/Plugins/VirtualProduction/Takes/Binaries/Win64/UnrealEditor.modules" 911
"../../../Engine/Plugins/Runtime/AudioCapture/Binaries/Win64/UnrealEditor.modules" 912
"../../../Engine/Plugins/Developer/NamingTokens/Binaries/Win64/UnrealEditor.modules" 913
"../../../Engine/Plugins/Editor/EngineAssetDefinitions/Binaries/Win64/UnrealEditor.modules" 914
"../../../Engine/Plugins/ChaosCloth/Binaries/Win64/UnrealEditor.modules" 915
"../../../Engine/Plugins/ChaosInsights/Binaries/Win64/UnrealEditor.modules" 916
"../../../Engine/Plugins/ChaosVD/Binaries/Win64/UnrealEditor.modules" 917
"../../../Engine/Plugins/CmdLinkServer/Binaries/Win64/UnrealEditor.modules" 918
"../../../Engine/Plugins/EnhancedInput/Binaries/Win64/UnrealEditor.modules" 919
"../../../Engine/Plugins/Editor/DataValidation/Binaries/Win64/UnrealEditor.modules" 920
"../../../Engine/Plugins/Fab/Binaries/Win64/UnrealEditor.modules" 921
"../../../Engine/Plugins/Interchange/Runtime/Binaries/Win64/UnrealEditor.modules" 922
"../../../Engine/Plugins/Enterprise/VariantManagerContent/Binaries/Win64/UnrealEditor.modules" 923
"../../../Engine/Plugins/Enterprise/VariantManager/Binaries/Win64/UnrealEditor.modules" 924
"../../../Engine/Plugins/Interchange/Assets/Binaries/Win64/UnrealEditor.modules" 925
"../../../Engine/Plugins/FastBuildController/Binaries/Win64/UnrealEditor.modules" 926
"../../../Engine/Plugins/IoStoreInsights/Binaries/Win64/UnrealEditor.modules" 927
"../../../Engine/Plugins/MassInsights/Binaries/Win64/UnrealEditor.modules" 928
"../../../Engine/Plugins/MeshPainting/Binaries/Win64/UnrealEditor.modules" 929
"../../../Engine/Plugins/Interchange/Editor/Binaries/Win64/UnrealEditor.modules" 930
"../../../Engine/Plugins/RenderGraphInsights/Binaries/Win64/UnrealEditor.modules" 931
"../../../Engine/Plugins/TraceUtilities/Binaries/Win64/UnrealEditor.modules" 932
"../../../Engine/Plugins/UbaController/Binaries/Win64/UnrealEditor.modules" 933
"../../../Engine/Plugins/WorldMetrics/Binaries/Win64/UnrealEditor.modules" 934
"../../../Engine/Plugins/XGEController/Binaries/Win64/UnrealEditor.modules" 935
"../../../Engine/Plugins/Messaging/TcpMessaging/Binaries/Win64/UnrealEditor.modules" 936
"../../../Engine/Plugins/Messaging/UdpMessaging/Binaries/Win64/UnrealEditor.modules" 937
"../../../Engine/Plugins/MovieScene/ActorSequence/Binaries/Win64/UnrealEditor.modules" 938
"../../../Engine/Plugins/NNE/NNEDenoiser/Binaries/Win64/UnrealEditor.modules" 939
"../../../Engine/Plugins/NNE/NNERuntimeORT/Binaries/Win64/UnrealEditor.modules" 940
"../../../Engine/Plugins/Runtime/ActorLayerUtilities/Binaries/Win64/UnrealEditor.modules" 941
"../../../Engine/Plugins/Runtime/AndroidDeviceProfileSelector/Binaries/Win64/UnrealEditor.modules" 942
"../../../Engine/Plugins/Runtime/AndroidFileServer/Binaries/Win64/UnrealEditor.modules" 943
"../../../Engine/Plugins/Runtime/AndroidPermission/Binaries/Win64/UnrealEditor.modules" 944
"../../../Engine/Plugins/Runtime/AppleImageUtils/Binaries/Win64/UnrealEditor.modules" 945
"../../../Engine/Plugins/Runtime/ArchVisCharacter/Binaries/Win64/UnrealEditor.modules" 946
"../../../Engine/Plugins/Runtime/AssetTags/Binaries/Win64/UnrealEditor.modules" 947
"../../../Engine/Plugins/Runtime/CableComponent/Binaries/Win64/UnrealEditor.modules" 948
"../../../Engine/Plugins/Runtime/ChunkDownloader/Binaries/Win64/UnrealEditor.modules" 949
"../../../Engine/Plugins/Runtime/CustomMeshComponent/Binaries/Win64/UnrealEditor.modules" 950
"../../../Engine/Plugins/Runtime/ExampleDeviceProfileSelector/Binaries/Win64/UnrealEditor.modules" 951
"../../../Engine/Plugins/Runtime/GooglePAD/Binaries/Win64/UnrealEditor.modules" 952
"../../../Engine/Plugins/Runtime/InputDebugging/Binaries/Win64/UnrealEditor.modules" 953
"../../../Engine/Plugins/Runtime/LocationServicesBPLibrary/Binaries/Win64/UnrealEditor.modules" 954
"../../../Engine/Plugins/Runtime/Metasound/Binaries/Win64/UnrealEditor.modules" 955
"../../../Engine/Plugins/Runtime/AudioWidgets/Binaries/Win64/UnrealEditor.modules" 956
"../../../Engine/Plugins/Runtime/AudioSynesthesia/Binaries/Win64/UnrealEditor.modules" 957
"../../../Engine/Plugins/Editor/ContentBrowser/ContentBrowserAssetDataSource/Binaries/Win64/UnrealEditor.modules" 958
"../../../Engine/Plugins/Runtime/WaveTable/Binaries/Win64/UnrealEditor.modules" 959
"../../../Engine/Plugins/Runtime/MobilePatchingUtils/Binaries/Win64/UnrealEditor.modules" 960
"../../../Engine/Plugins/Runtime/MsQuic/Binaries/Win64/UnrealEditor.modules" 961
"../../../Engine/Plugins/Runtime/ResonanceAudio/Binaries/Win64/UnrealEditor.modules" 962
"../../../Engine/Plugins/Runtime/SoundFields/Binaries/Win64/UnrealEditor.modules" 963
"../../../Engine/Plugins/Runtime/Synthesis/Binaries/Win64/UnrealEditor.modules" 964
"../../../Engine/Plugins/Runtime/WebMMoviePlayer/Binaries/Win64/UnrealEditor.modules" 965
"../../../Engine/Plugins/Media/WebMMedia/Binaries/Win64/UnrealEditor.modules" 966
"../../../Engine/Plugins/Runtime/WindowsDeviceProfileSelector/Binaries/Win64/UnrealEditor.modules" 967
"../../../Engine/Plugins/Runtime/WindowsMoviePlayer/Binaries/Win64/UnrealEditor.modules" 968
"../../../Engine/Plugins/AI/AISupport/Binaries/Win64/UnrealEditor.modules" 969
"../../../Engine/Plugins/2D/Paper2D/Binaries/Win64/UnrealEditor.modules" 970
"../../../Engine/Plugins/AI/EnvironmentQueryEditor/Binaries/Win64/UnrealEditor.modules" 971
"../../../Engine/Plugins/Animation/ACLPlugin/Binaries/Win64/UnrealEditor.modules" 972
"../../../Engine/Plugins/Animation/AnimationModifierLibrary/Binaries/Win64/UnrealEditor.modules" 973
"../../../Engine/Plugins/Animation/BlendSpaceMotionAnalysis/Binaries/Win64/UnrealEditor.modules" 974
"../../../Engine/Plugins/Animation/ControlRigSpline/Binaries/Win64/UnrealEditor.modules" 975
"../../../Engine/Plugins/Animation/AnimationData/Binaries/Win64/UnrealEditor.modules" 976
"../../../Engine/Plugins/Animation/IKRig/Binaries/Win64/UnrealEditor.modules" 977
"../../../Engine/Plugins/Experimental/FullBodyIK/Binaries/Win64/UnrealEditor.modules" 978
"../../../Engine/Plugins/Animation/SkeletalMeshModelingTools/Binaries/Win64/UnrealEditor.modules" 979
"../../../Engine/Plugins/Cameras/CameraShakePreviewer/Binaries/Win64/UnrealEditor.modules" 980
"../../../Engine/Plugins/Cameras/GameplayCameras/Binaries/Win64/UnrealEditor.modules" 981
"../../../Engine/Plugins/VirtualProduction/CameraCalibrationCore/Binaries/Win64/UnrealEditor.modules" 982
"../../../Engine/Plugins/Runtime/StateTree/Binaries/Win64/UnrealEditor.modules" 983
"../../../Engine/Plugins/MovieScene/TemplateSequence/Binaries/Win64/UnrealEditor.modules" 984
"../../../Engine/Plugins/Animation/GameplayInsights/Binaries/Win64/UnrealEditor.modules" 985
"../../../Engine/Plugins/Runtime/PropertyBindingUtils/Binaries/Win64/UnrealEditor.modules" 986
"../../../Engine/Plugins/Cameras/EngineCameras/Binaries/Win64/UnrealEditor.modules" 987
"../../../Engine/Plugins/Compression/OodleNetwork/Binaries/Win64/UnrealEditor.modules" 988
"../../../Engine/Plugins/Developer/AnimationSharing/Binaries/Win64/UnrealEditor.modules" 989
"../../../Engine/Plugins/Runtime/SignificanceManager/Binaries/Win64/UnrealEditor.modules" 990
"../../../Engine/Plugins/Developer/CLionSourceCodeAccess/Binaries/Win64/UnrealEditor.modules" 991
"../../../Engine/Plugins/Developer/DumpGPUServices/Binaries/Win64/UnrealEditor.modules" 992
"../../../Engine/Plugins/Developer/GitSourceControl/Binaries/Win64/UnrealEditor.modules" 993
"../../../Engine/Plugins/Developer/N10XSourceCodeAccess/Binaries/Win64/UnrealEditor.modules" 994
"../../../Engine/Plugins/Developer/PerforceSourceControl/Binaries/Win64/UnrealEditor.modules" 995
"../../../Engine/Plugins/Developer/PixWinPlugin/Binaries/Win64/UnrealEditor.modules" 996
"../../../Engine/Plugins/Developer/PlasticSourceControl/Binaries/Win64/UnrealEditor.modules" 997
"../../../Engine/Plugins/Developer/PluginUtils/Binaries/Win64/UnrealEditor.modules" 998
"../../../Engine/Plugins/Developer/ProjectLauncher/Binaries/Win64/UnrealEditor.modules" 999
"../../../Engine/Plugins/Developer/PropertyAccessNode/Binaries/Win64/UnrealEditor.modules" 1000
"../../../Engine/Plugins/Developer/RenderDocPlugin/Binaries/Win64/UnrealEditor.modules" 1001
"../../../Engine/Plugins/Developer/RiderSourceCodeAccess/Binaries/Win64/UnrealEditor.modules" 1002
"../../../Engine/Plugins/Developer/SubversionSourceControl/Binaries/Win64/UnrealEditor.modules" 1003
"../../../Engine/Plugins/Developer/TextureFormatOodle/Binaries/Win64/UnrealEditor.modules" 1004
"../../../Engine/Plugins/Developer/UObjectPlugin/Binaries/Win64/UnrealEditor.modules" 1005
"../../../Engine/Plugins/Developer/VisualStudioCodeSourceCodeAccess/Binaries/Win64/UnrealEditor.modules" 1006
"../../../Engine/Plugins/Editor/AssetManagerEditor/Binaries/Win64/UnrealEditor.modules" 1007
"../../../Engine/Plugins/Developer/VisualStudioSourceCodeAccess/Binaries/Win64/UnrealEditor.modules" 1008
"../../../Engine/Plugins/Editor/ChangelistReview/Binaries/Win64/UnrealEditor.modules" 1009
"../../../Engine/Plugins/Editor/ColorGrading/Binaries/Win64/UnrealEditor.modules" 1010
"../../../Engine/Plugins/Editor/ObjectMixer/ObjectMixer/Binaries/Win64/UnrealEditor.modules" 1011
"../../../Engine/Plugins/Editor/BlueprintHeaderView/Binaries/Win64/UnrealEditor.modules" 1012
"../../../Engine/Plugins/Editor/CryptoKeys/Binaries/Win64/UnrealEditor.modules" 1013
"../../../Engine/Plugins/Editor/EditorDebugTools/Binaries/Win64/UnrealEditor.modules" 1014
"../../../Engine/Plugins/Editor/FacialAnimation/Binaries/Win64/UnrealEditor.modules" 1015
"../../../Engine/Plugins/Editor/GameplayTagsEditor/Binaries/Win64/UnrealEditor.modules" 1016
"../../../Engine/Plugins/Editor/GeometryMode/Binaries/Win64/UnrealEditor.modules" 1017
"../../../Engine/Plugins/Editor/MobileLauncherProfileWizard/Binaries/Win64/UnrealEditor.modules" 1018
"../../../Engine/Plugins/Editor/PluginBrowser/Binaries/Win64/UnrealEditor.modules" 1019
"../../../Engine/Plugins/Editor/MaterialAnalyzer/Binaries/Win64/UnrealEditor.modules" 1020
"../../../Engine/Plugins/Editor/SequencerAnimTools/Binaries/Win64/UnrealEditor.modules" 1021
"../../../Engine/Plugins/Editor/SpeedTreeImporter/Binaries/Win64/UnrealEditor.modules" 1022
"../../../Engine/Plugins/Editor/UVEditor/Binaries/Win64/UnrealEditor.modules" 1023
"../../../Engine/Plugins/Editor/UMGWidgetPreview/Binaries/Win64/UnrealEditor.modules" 1024
"../../../Engine/Plugins/Editor/WorldPartitionHLODUtilities/Binaries/Win64/UnrealEditor.modules" 1025
"../../../Engine/Plugins/Enterprise/DatasmithContent/Binaries/Win64/UnrealEditor.modules" 1026
"../../../Engine/Plugins/Experimental/AdvancedRenamer/Binaries/Win64/UnrealEditor.modules" 1027
"../../../Engine/Plugins/Experimental/AutomationUtils/Binaries/Win64/UnrealEditor.modules" 1028
"../../../Engine/Plugins/Experimental/BackChannel/Binaries/Win64/UnrealEditor.modules" 1029
"../../../Engine/Plugins/Experimental/ChaosEditor/Binaries/Win64/UnrealEditor.modules" 1030
"../../../Engine/Plugins/Experimental/GeometryCollectionPlugin/Binaries/Win64/UnrealEditor.modules" 1031
"../../../Engine/Plugins/Experimental/Fracture/Binaries/Win64/UnrealEditor.modules" 1032
"../../../Engine/Plugins/Experimental/ChaosSolverPlugin/Binaries/Win64/UnrealEditor.modules" 1033
"../../../Engine/Plugins/Experimental/GeometryDataflow/Binaries/Win64/UnrealEditor.modules" 1034
"../../../Engine/Plugins/Experimental/ChaosNiagara/Binaries/Win64/UnrealEditor.modules" 1035
"../../../Engine/Plugins/Experimental/ChaosUserDataPT/Binaries/Win64/UnrealEditor.modules" 1036
"../../../Engine/Plugins/Experimental/CharacterAI/Binaries/Win64/UnrealEditor.modules" 1037
"../../../Engine/Plugins/Editor/CurveEditorTools/Binaries/Win64/UnrealEditor.modules" 1038
"../../../Engine/Plugins/Experimental/EditorPerformance/Binaries/Win64/UnrealEditor.modules" 1039
"../../../Engine/Plugins/Experimental/EditorTelemetry/Binaries/Win64/UnrealEditor.modules" 1040
"../../../Engine/Plugins/Experimental/LevelSequenceNavigatorBridge/Binaries/Win64/UnrealEditor.modules" 1041
"../../../Engine/Plugins/Experimental/SequenceNavigator/Binaries/Win64/UnrealEditor.modules" 1042
"../../../Engine/Plugins/Experimental/LocalizableMessage/Binaries/Win64/UnrealEditor.modules" 1043
"../../../Engine/Plugins/Experimental/NFORDenoise/Binaries/Win64/UnrealEditor.modules" 1044
"../../../Engine/Plugins/Enterprise/GLTFExporter/Binaries/Win64/UnrealEditor.modules" 1045
"../../../Engine/Plugins/Experimental/PlatformCrypto/Binaries/Win64/UnrealEditor.modules" 1046
"../../../Engine/Plugins/Experimental/SkeletalReduction/Binaries/Win64/UnrealEditor.modules" 1047
"../../../Engine/Plugins/Experimental/RuntimeTelemetry/Binaries/Win64/UnrealEditor.modules" 1048
"../../../Engine/Plugins/FX/Cascade/Binaries/Win64/UnrealEditor.modules" 1049
"../../../Engine/Plugins/FX/NiagaraSimCaching/Binaries/Win64/UnrealEditor.modules" 1050
"../../../Engine/Plugins/Media/AndroidMedia/Binaries/Win64/UnrealEditor.modules" 1051
"../../../Engine/Plugins/Media/AvfMedia/Binaries/Win64/UnrealEditor.modules" 1052
"../../../Engine/Plugins/Importers/AlembicImporter/Binaries/Win64/UnrealEditor.modules" 1053
"../../../Engine/Plugins/Media/ImgMedia/Binaries/Win64/UnrealEditor.modules" 1054
"../../../Engine/Plugins/Media/MediaPlayerEditor/Binaries/Win64/UnrealEditor.modules" 1055
"../../../Engine/Plugins/Media/MediaCompositing/Binaries/Win64/UnrealEditor.modules" 1056
"../../../Engine/Plugins/Media/MediaPlate/Binaries/Win64/UnrealEditor.modules" 1057
"../../../Engine/Plugins/Experimental/Compositing/CompositeCore/Binaries/Win64/UnrealEditor.modules" 1058
"../../../Engine/Plugins/Media/WmfMedia/Binaries/Win64/UnrealEditor.modules" 1059
"../../../Engine/Plugins/Online/OnlineBase/Binaries/Win64/UnrealEditor.modules" 1060
"../../../Engine/Plugins/Online/OnlineSubsystem/Binaries/Win64/UnrealEditor.modules" 1061
"../../../Engine/Plugins/Online/OnlineSubsystemNull/Binaries/Win64/UnrealEditor.modules" 1062
"../../../Engine/Plugins/Online/OnlineSubsystemUtils/Binaries/Win64/UnrealEditor.modules" 1063
"../../../Engine/Plugins/Online/OnlineServices/Binaries/Win64/UnrealEditor.modules" 1064
"../../../Engine/Plugins/Portal/LauncherChunkInstaller/Binaries/Win64/UnrealEditor.modules" 1065
"../../../Engine/Plugins/Tests/InterchangeTests/Binaries/Win64/UnrealEditor.modules" 1066
"../../../Engine/Plugins/Editor/ContentBrowser/ContentBrowserClassDataSource/Binaries/Win64/UnrealEditor.modules" 1067
"../../../Engine/Plugins/Editor/ObjectMixer/LightMixer/Binaries/Win64/UnrealEditor.modules" 1068
"../../../Engine/Plugins/Runtime/Windows/XInputDevice/Binaries/Win64/UnrealEditor.modules" 1069
"../../../Engine/Plugins/Editor/Localization/PortableObjectFileDataSource/Binaries/Win64/UnrealEditor.modules" 1070
"../../../Engine/Config/BaseSourceControlSettings.ini" 1071
"../../../Engine/Content/Internationalization/icudt64l/coll/ucadata.icu" 1072
"../../../Engine/Content/Internationalization/icudt64l/coll/pt.res" 1073
"../../../Engine/Content/Internationalization/icudt64l/coll/root.res" 1074
"../../../Engine/Content/Certificates/ThirdParty/cacert.pem" 1075
"../../../Engine/Config/ConsoleVariables.ini" 1076
"../../../Engine/Binaries/Win64/Android/UnrealEditor.modules" 1077
"../../../Engine/Binaries/Win64/IOS/UnrealEditor.modules" 1078
"../../../Engine/Binaries/Win64/Linux/UnrealEditor.modules" 1079
"../../../Engine/Content/Localization/Editor/en/Editor.locres" 1080
"../../../Engine/Content/Localization/EditorTutorials/en/EditorTutorials.locres" 1081
"../../../Engine/Content/Localization/Keywords/en/Keywords.locres" 1082
"../../../Engine/Content/Localization/Category/en/Category.locres" 1083
"../../../Engine/Content/Localization/ToolTips/en/ToolTips.locres" 1084
"../../../Engine/Content/Localization/PropertyNames/en/PropertyNames.locres" 1085
"../../../Engine/Content/Localization/Engine/en/Engine.locres" 1086
"../../../Engine/Plugins/MetaHuman/MetaHumanSDK/Content/Localization/MetaHumanSDK/en/MetaHumanSDK.locres" 1087
"../../../Engine/Plugins/Online/OnlineSubsystem/Content/Localization/OnlineSubsystem/en/OnlineSubsystem.locres" 1088
"../../../Engine/Plugins/Online/OnlineSubsystemUtils/Content/Localization/OnlineSubsystemUtils/en/OnlineSubsystemUtils.locres" 1089
"../../../Engine/Plugins/Online/Android/OnlineSubsystemGooglePlay/Content/Localization/OnlineSubsystemGooglePlay/en/OnlineSubsystemGooglePlay.locres" 1090
"../../../Engine/Plugins/Online/IOS/OnlineSubsystemIOS/Content/Localization/OnlineSubsystemIOS/en/OnlineSubsystemIOS.locres" 1091
"../../../Engine/Content/Internationalization/icudt64l/numberingSystems.res" 1092
"../../../Engine/Content/Internationalization/icudt64l/curr/supplementalData.res" 1093
"../../../Engine/Content/Internationalization/icudt64l/curr/pt.res" 1094
"../../../Engine/Content/Internationalization/icudt64l/curr/pool.res" 1095
"../../../Engine/Content/Internationalization/icudt64l/curr/root.res" 1096
"../../../Engine/Content/Internationalization/icudt64l/lang/af.res" 1097
"../../../Engine/Content/Internationalization/icudt64l/region/af.res" 1098
"../../../Engine/Content/Internationalization/icudt64l/lang/agq.res" 1099
"../../../Engine/Content/Internationalization/icudt64l/region/agq.res" 1100
"../../../Engine/Content/Internationalization/icudt64l/lang/ak.res" 1101
"../../../Engine/Content/Internationalization/icudt64l/region/ak.res" 1102
"../../../Engine/Content/Internationalization/icudt64l/lang/am.res" 1103
"../../../Engine/Content/Internationalization/icudt64l/region/am.res" 1104
"../../../Engine/Content/Internationalization/icudt64l/lang/ar.res" 1105
"../../../Engine/Content/Internationalization/icudt64l/region/ar.res" 1106
"../../../Engine/Content/Internationalization/icudt64l/region/ar_AE.res" 1107
"../../../Engine/Content/Internationalization/icudt64l/lang/ar_EG.res" 1108
"../../../Engine/Content/Internationalization/icudt64l/lang/ar_LY.res" 1109
"../../../Engine/Content/Internationalization/icudt64l/region/ar_LY.res" 1110
"../../../Engine/Content/Internationalization/icudt64l/lang/ar_SA.res" 1111
"../../../Engine/Content/Internationalization/icudt64l/region/ar_SA.res" 1112
"../../../Engine/Content/Internationalization/icudt64l/lang/as.res" 1113
"../../../Engine/Content/Internationalization/icudt64l/region/as.res" 1114
"../../../Engine/Content/Internationalization/icudt64l/lang/asa.res" 1115
"../../../Engine/Content/Internationalization/icudt64l/region/asa.res" 1116
"../../../Engine/Content/Internationalization/icudt64l/lang/ast.res" 1117
"../../../Engine/Content/Internationalization/icudt64l/region/ast.res" 1118
"../../../Engine/Content/Internationalization/icudt64l/lang/az.res" 1119
"../../../Engine/Content/Internationalization/icudt64l/lang/az_Cyrl.res" 1120
"../../../Engine/Content/Internationalization/icudt64l/lang/az_AZ.res" 1121
"../../../Engine/Content/Internationalization/icudt64l/lang/az_Latn_AZ.res" 1122
"../../../Engine/Content/Internationalization/icudt64l/lang/az_Latn.res" 1123
"../../../Engine/Content/Internationalization/icudt64l/region/az_AZ.res" 1124
"../../../Engine/Content/Internationalization/icudt64l/region/az_Latn_AZ.res" 1125
"../../../Engine/Content/Internationalization/icudt64l/region/az_Latn.res" 1126
"../../../Engine/Content/Internationalization/icudt64l/region/az.res" 1127
"../../../Engine/Content/Internationalization/icudt64l/region/az_Cyrl.res" 1128
"../../../Engine/Content/Internationalization/icudt64l/lang/bas.res" 1129
"../../../Engine/Content/Internationalization/icudt64l/region/bas.res" 1130
"../../../Engine/Content/Internationalization/icudt64l/lang/be.res" 1131
"../../../Engine/Content/Internationalization/icudt64l/region/be.res" 1132
"../../../Engine/Content/Internationalization/icudt64l/lang/bem.res" 1133
"../../../Engine/Content/Internationalization/icudt64l/region/bem.res" 1134
"../../../Engine/Content/Internationalization/icudt64l/lang/bez.res" 1135
"../../../Engine/Content/Internationalization/icudt64l/region/bez.res" 1136
"../../../Engine/Content/Internationalization/icudt64l/lang/bg.res" 1137
"../../../Engine/Content/Internationalization/icudt64l/region/bg.res" 1138
"../../../Engine/Content/Internationalization/icudt64l/lang/bm.res" 1139
"../../../Engine/Content/Internationalization/icudt64l/region/bm.res" 1140
"../../../Engine/Content/Internationalization/icudt64l/lang/bn.res" 1141
"../../../Engine/Content/Internationalization/icudt64l/region/bn.res" 1142
"../../../Engine/Content/Internationalization/icudt64l/lang/bn_IN.res" 1143
"../../../Engine/Content/Internationalization/icudt64l/region/bn_IN.res" 1144
"../../../Engine/Content/Internationalization/icudt64l/lang/bo.res" 1145
"../../../Engine/Content/Internationalization/icudt64l/region/bo.res" 1146
"../../../Engine/Content/Internationalization/icudt64l/region/bo_IN.res" 1147
"../../../Engine/Content/Internationalization/icudt64l/lang/br.res" 1148
"../../../Engine/Content/Internationalization/icudt64l/region/br.res" 1149
"../../../Engine/Content/Internationalization/icudt64l/lang/brx.res" 1150
"../../../Engine/Content/Internationalization/icudt64l/region/brx.res" 1151
"../../../Engine/Content/Internationalization/icudt64l/lang/bs.res" 1152
"../../../Engine/Content/Internationalization/icudt64l/lang/bs_Cyrl.res" 1153
"../../../Engine/Content/Internationalization/icudt64l/lang/bs_BA.res" 1154
"../../../Engine/Content/Internationalization/icudt64l/lang/bs_Latn_BA.res" 1155
"../../../Engine/Content/Internationalization/icudt64l/lang/bs_Latn.res" 1156
"../../../Engine/Content/Internationalization/icudt64l/region/bs_BA.res" 1157
"../../../Engine/Content/Internationalization/icudt64l/region/bs_Latn_BA.res" 1158
"../../../Engine/Content/Internationalization/icudt64l/region/bs_Latn.res" 1159
"../../../Engine/Content/Internationalization/icudt64l/region/bs.res" 1160
"../../../Engine/Content/Internationalization/icudt64l/region/bs_Cyrl.res" 1161
"../../../Engine/Content/Internationalization/icudt64l/lang/ca.res" 1162
"../../../Engine/Content/Internationalization/icudt64l/region/ca.res" 1163
"../../../Engine/Content/Internationalization/icudt64l/lang/ccp.res" 1164
"../../../Engine/Content/Internationalization/icudt64l/region/ccp.res" 1165
"../../../Engine/Content/Internationalization/icudt64l/lang/ce.res" 1166
"../../../Engine/Content/Internationalization/icudt64l/region/ce.res" 1167
"../../../Engine/Content/Internationalization/icudt64l/lang/ceb.res" 1168
"../../../Engine/Content/Internationalization/icudt64l/region/ceb.res" 1169
"../../../Engine/Content/Internationalization/icudt64l/lang/cgg.res" 1170
"../../../Engine/Content/Internationalization/icudt64l/region/cgg.res" 1171
"../../../Engine/Content/Internationalization/icudt64l/lang/chr.res" 1172
"../../../Engine/Content/Internationalization/icudt64l/region/chr.res" 1173
"../../../Engine/Content/Internationalization/icudt64l/lang/ckb.res" 1174
"../../../Engine/Content/Internationalization/icudt64l/region/ckb.res" 1175
"../../../Engine/Content/Internationalization/icudt64l/lang/cs.res" 1176
"../../../Engine/Content/Internationalization/icudt64l/region/cs.res" 1177
"../../../Engine/Content/Internationalization/icudt64l/lang/cy.res" 1178
"../../../Engine/Content/Internationalization/icudt64l/region/cy.res" 1179
"../../../Engine/Content/Internationalization/icudt64l/lang/da.res" 1180
"../../../Engine/Content/Internationalization/icudt64l/region/da.res" 1181
"../../../Engine/Content/Internationalization/icudt64l/lang/dav.res" 1182
"../../../Engine/Content/Internationalization/icudt64l/region/dav.res" 1183
"../../../Engine/Content/Internationalization/icudt64l/lang/de.res" 1184
"../../../Engine/Content/Internationalization/icudt64l/lang/de_AT.res" 1185
"../../../Engine/Content/Internationalization/icudt64l/region/de_AT.res" 1186
"../../../Engine/Content/Internationalization/icudt64l/region/de.res" 1187
"../../../Engine/Content/Internationalization/icudt64l/lang/de_CH.res" 1188
"../../../Engine/Content/Internationalization/icudt64l/region/de_CH.res" 1189
"../../../Engine/Content/Internationalization/icudt64l/lang/de_LU.res" 1190
"../../../Engine/Content/Internationalization/icudt64l/lang/dje.res" 1191
"../../../Engine/Content/Internationalization/icudt64l/region/dje.res" 1192
"../../../Engine/Content/Internationalization/icudt64l/lang/dsb.res" 1193
"../../../Engine/Content/Internationalization/icudt64l/region/dsb.res" 1194
"../../../Engine/Content/Internationalization/icudt64l/lang/dua.res" 1195
"../../../Engine/Content/Internationalization/icudt64l/region/dua.res" 1196
"../../../Engine/Content/Internationalization/icudt64l/lang/dyo.res" 1197
"../../../Engine/Content/Internationalization/icudt64l/region/dyo.res" 1198
"../../../Engine/Content/Internationalization/icudt64l/lang/dz.res" 1199
"../../../Engine/Content/Internationalization/icudt64l/region/dz.res" 1200
"../../../Engine/Content/Internationalization/icudt64l/lang/ebu.res" 1201
"../../../Engine/Content/Internationalization/icudt64l/region/ebu.res" 1202
"../../../Engine/Content/Internationalization/icudt64l/lang/ee.res" 1203
"../../../Engine/Content/Internationalization/icudt64l/region/ee.res" 1204
"../../../Engine/Content/Internationalization/icudt64l/lang/el.res" 1205
"../../../Engine/Content/Internationalization/icudt64l/region/el.res" 1206
"../../../Engine/Content/Internationalization/icudt64l/lang/en_001.res" 1207
"../../../Engine/Content/Internationalization/icudt64l/lang/en_150.res" 1208
"../../../Engine/Content/Internationalization/icudt64l/region/en_150.res" 1209
"../../../Engine/Content/Internationalization/icudt64l/lang/en_AG.res" 1210
"../../../Engine/Content/Internationalization/icudt64l/region/en_AG.res" 1211
"../../../Engine/Content/Internationalization/icudt64l/lang/en_AI.res" 1212
"../../../Engine/Content/Internationalization/icudt64l/region/en_AI.res" 1213
"../../../Engine/Content/Internationalization/icudt64l/lang/en_AT.res" 1214
"../../../Engine/Content/Internationalization/icudt64l/region/en_AT.res" 1215
"../../../Engine/Content/Internationalization/icudt64l/lang/en_AU.res" 1216
"../../../Engine/Content/Internationalization/icudt64l/region/en_AU.res" 1217
"../../../Engine/Content/Internationalization/icudt64l/lang/en_BB.res" 1218
"../../../Engine/Content/Internationalization/icudt64l/region/en_BB.res" 1219
"../../../Engine/Content/Internationalization/icudt64l/lang/en_BE.res" 1220
"../../../Engine/Content/Internationalization/icudt64l/region/en_BE.res" 1221
"../../../Engine/Content/Internationalization/icudt64l/lang/en_BM.res" 1222
"../../../Engine/Content/Internationalization/icudt64l/region/en_BM.res" 1223
"../../../Engine/Content/Internationalization/icudt64l/lang/en_BS.res" 1224
"../../../Engine/Content/Internationalization/icudt64l/region/en_BS.res" 1225
"../../../Engine/Content/Internationalization/icudt64l/lang/en_BW.res" 1226
"../../../Engine/Content/Internationalization/icudt64l/region/en_BW.res" 1227
"../../../Engine/Content/Internationalization/icudt64l/lang/en_BZ.res" 1228
"../../../Engine/Content/Internationalization/icudt64l/region/en_BZ.res" 1229
"../../../Engine/Content/Internationalization/icudt64l/lang/en_CA.res" 1230
"../../../Engine/Content/Internationalization/icudt64l/region/en_CA.res" 1231
"../../../Engine/Content/Internationalization/icudt64l/lang/en_CC.res" 1232
"../../../Engine/Content/Internationalization/icudt64l/region/en_CC.res" 1233
"../../../Engine/Content/Internationalization/icudt64l/lang/en_CH.res" 1234
"../../../Engine/Content/Internationalization/icudt64l/region/en_CH.res" 1235
"../../../Engine/Content/Internationalization/icudt64l/lang/en_CK.res" 1236
"../../../Engine/Content/Internationalization/icudt64l/region/en_CK.res" 1237
"../../../Engine/Content/Internationalization/icudt64l/lang/en_CM.res" 1238
"../../../Engine/Content/Internationalization/icudt64l/region/en_CM.res" 1239
"../../../Engine/Content/Internationalization/icudt64l/lang/en_CX.res" 1240
"../../../Engine/Content/Internationalization/icudt64l/region/en_CX.res" 1241
"../../../Engine/Content/Internationalization/icudt64l/lang/en_CY.res" 1242
"../../../Engine/Content/Internationalization/icudt64l/region/en_CY.res" 1243
"../../../Engine/Content/Internationalization/icudt64l/lang/en_DE.res" 1244
"../../../Engine/Content/Internationalization/icudt64l/region/en_DE.res" 1245
"../../../Engine/Content/Internationalization/icudt64l/lang/en_DG.res" 1246
"../../../Engine/Content/Internationalization/icudt64l/region/en_DG.res" 1247
"../../../Engine/Content/Internationalization/icudt64l/lang/en_DK.res" 1248
"../../../Engine/Content/Internationalization/icudt64l/region/en_DK.res" 1249
"../../../Engine/Content/Internationalization/icudt64l/lang/en_DM.res" 1250
"../../../Engine/Content/Internationalization/icudt64l/region/en_DM.res" 1251
"../../../Engine/Content/Internationalization/icudt64l/lang/en_ER.res" 1252
"../../../Engine/Content/Internationalization/icudt64l/region/en_ER.res" 1253
"../../../Engine/Content/Internationalization/icudt64l/lang/en_FI.res" 1254
"../../../Engine/Content/Internationalization/icudt64l/region/en_FI.res" 1255
"../../../Engine/Content/Internationalization/icudt64l/lang/en_FJ.res" 1256
"../../../Engine/Content/Internationalization/icudt64l/region/en_FJ.res" 1257
"../../../Engine/Content/Internationalization/icudt64l/lang/en_FK.res" 1258
"../../../Engine/Content/Internationalization/icudt64l/region/en_FK.res" 1259
"../../../Engine/Content/Internationalization/icudt64l/lang/en_FM.res" 1260
"../../../Engine/Content/Internationalization/icudt64l/region/en_FM.res" 1261
"../../../Engine/Content/Internationalization/icudt64l/lang/en_GB.res" 1262
"../../../Engine/Content/Internationalization/icudt64l/region/en_GB.res" 1263
"../../../Engine/Content/Internationalization/icudt64l/lang/en_GD.res" 1264
"../../../Engine/Content/Internationalization/icudt64l/region/en_GD.res" 1265
"../../../Engine/Content/Internationalization/icudt64l/lang/en_GG.res" 1266
"../../../Engine/Content/Internationalization/icudt64l/region/en_GG.res" 1267
"../../../Engine/Content/Internationalization/icudt64l/lang/en_GH.res" 1268
"../../../Engine/Content/Internationalization/icudt64l/region/en_GH.res" 1269
"../../../Engine/Content/Internationalization/icudt64l/lang/en_GI.res" 1270
"../../../Engine/Content/Internationalization/icudt64l/region/en_GI.res" 1271
"../../../Engine/Content/Internationalization/icudt64l/lang/en_GM.res" 1272
"../../../Engine/Content/Internationalization/icudt64l/region/en_GM.res" 1273
"../../../Engine/Content/Internationalization/icudt64l/lang/en_GY.res" 1274
"../../../Engine/Content/Internationalization/icudt64l/region/en_GY.res" 1275
"../../../Engine/Content/Internationalization/icudt64l/lang/en_HK.res" 1276
"../../../Engine/Content/Internationalization/icudt64l/region/en_HK.res" 1277
"../../../Engine/Content/Internationalization/icudt64l/lang/en_IE.res" 1278
"../../../Engine/Content/Internationalization/icudt64l/region/en_IE.res" 1279
"../../../Engine/Content/Internationalization/icudt64l/lang/en_IL.res" 1280
"../../../Engine/Content/Internationalization/icudt64l/region/en_IL.res" 1281
"../../../Engine/Content/Internationalization/icudt64l/lang/en_IM.res" 1282
"../../../Engine/Content/Internationalization/icudt64l/region/en_IM.res" 1283
"../../../Engine/Content/Internationalization/icudt64l/lang/en_IN.res" 1284
"../../../Engine/Content/Internationalization/icudt64l/region/en_IN.res" 1285
"../../../Engine/Content/Internationalization/icudt64l/lang/en_IO.res" 1286
"../../../Engine/Content/Internationalization/icudt64l/region/en_IO.res" 1287
"../../../Engine/Content/Internationalization/icudt64l/lang/en_JE.res" 1288
"../../../Engine/Content/Internationalization/icudt64l/region/en_JE.res" 1289
"../../../Engine/Content/Internationalization/icudt64l/lang/en_JM.res" 1290
"../../../Engine/Content/Internationalization/icudt64l/region/en_JM.res" 1291
"../../../Engine/Content/Internationalization/icudt64l/lang/en_KE.res" 1292
"../../../Engine/Content/Internationalization/icudt64l/region/en_KE.res" 1293
"../../../Engine/Content/Internationalization/icudt64l/lang/en_KI.res" 1294
"../../../Engine/Content/Internationalization/icudt64l/region/en_KI.res" 1295
"../../../Engine/Content/Internationalization/icudt64l/lang/en_KN.res" 1296
"../../../Engine/Content/Internationalization/icudt64l/region/en_KN.res" 1297
"../../../Engine/Content/Internationalization/icudt64l/lang/en_KY.res" 1298
"../../../Engine/Content/Internationalization/icudt64l/region/en_KY.res" 1299
"../../../Engine/Content/Internationalization/icudt64l/lang/en_LC.res" 1300
"../../../Engine/Content/Internationalization/icudt64l/region/en_LC.res" 1301
"../../../Engine/Content/Internationalization/icudt64l/lang/en_LR.res" 1302
"../../../Engine/Content/Internationalization/icudt64l/region/en_LR.res" 1303
"../../../Engine/Content/Internationalization/icudt64l/lang/en_LS.res" 1304
"../../../Engine/Content/Internationalization/icudt64l/region/en_LS.res" 1305
"../../../Engine/Content/Internationalization/icudt64l/lang/en_MG.res" 1306
"../../../Engine/Content/Internationalization/icudt64l/region/en_MG.res" 1307
"../../../Engine/Content/Internationalization/icudt64l/lang/en_MO.res" 1308
"../../../Engine/Content/Internationalization/icudt64l/region/en_MO.res" 1309
"../../../Engine/Content/Internationalization/icudt64l/lang/en_MS.res" 1310
"../../../Engine/Content/Internationalization/icudt64l/region/en_MS.res" 1311
"../../../Engine/Content/Internationalization/icudt64l/lang/en_MT.res" 1312
"../../../Engine/Content/Internationalization/icudt64l/region/en_MT.res" 1313
"../../../Engine/Content/Internationalization/icudt64l/lang/en_MU.res" 1314
"../../../Engine/Content/Internationalization/icudt64l/region/en_MU.res" 1315
"../../../Engine/Content/Internationalization/icudt64l/lang/en_MW.res" 1316
"../../../Engine/Content/Internationalization/icudt64l/region/en_MW.res" 1317
"../../../Engine/Content/Internationalization/icudt64l/lang/en_MY.res" 1318
"../../../Engine/Content/Internationalization/icudt64l/region/en_MY.res" 1319
"../../../Engine/Content/Internationalization/icudt64l/lang/en_NA.res" 1320
"../../../Engine/Content/Internationalization/icudt64l/region/en_NA.res" 1321
"../../../Engine/Content/Internationalization/icudt64l/lang/en_NF.res" 1322
"../../../Engine/Content/Internationalization/icudt64l/region/en_NF.res" 1323
"../../../Engine/Content/Internationalization/icudt64l/lang/en_NG.res" 1324
"../../../Engine/Content/Internationalization/icudt64l/region/en_NG.res" 1325
"../../../Engine/Content/Internationalization/icudt64l/lang/en_NL.res" 1326
"../../../Engine/Content/Internationalization/icudt64l/region/en_NL.res" 1327
"../../../Engine/Content/Internationalization/icudt64l/lang/en_NR.res" 1328
"../../../Engine/Content/Internationalization/icudt64l/region/en_NR.res" 1329
"../../../Engine/Content/Internationalization/icudt64l/lang/en_NU.res" 1330
"../../../Engine/Content/Internationalization/icudt64l/region/en_NU.res" 1331
"../../../Engine/Content/Internationalization/icudt64l/lang/en_NZ.res" 1332
"../../../Engine/Content/Internationalization/icudt64l/region/en_NZ.res" 1333
"../../../Engine/Content/Internationalization/icudt64l/lang/en_PG.res" 1334
"../../../Engine/Content/Internationalization/icudt64l/region/en_PG.res" 1335
"../../../Engine/Content/Internationalization/icudt64l/lang/en_PH.res" 1336
"../../../Engine/Content/Internationalization/icudt64l/region/en_PH.res" 1337
"../../../Engine/Content/Internationalization/icudt64l/lang/en_PK.res" 1338
"../../../Engine/Content/Internationalization/icudt64l/region/en_PK.res" 1339
"../../../Engine/Content/Internationalization/icudt64l/lang/en_PN.res" 1340
"../../../Engine/Content/Internationalization/icudt64l/region/en_PN.res" 1341
"../../../Engine/Content/Internationalization/icudt64l/lang/en_PW.res" 1342
"../../../Engine/Content/Internationalization/icudt64l/region/en_PW.res" 1343
"../../../Engine/Content/Internationalization/icudt64l/lang/en_RW.res" 1344
"../../../Engine/Content/Internationalization/icudt64l/region/en_RW.res" 1345
"../../../Engine/Content/Internationalization/icudt64l/lang/en_SB.res" 1346
"../../../Engine/Content/Internationalization/icudt64l/region/en_SB.res" 1347
"../../../Engine/Content/Internationalization/icudt64l/lang/en_SC.res" 1348
"../../../Engine/Content/Internationalization/icudt64l/region/en_SC.res" 1349
"../../../Engine/Content/Internationalization/icudt64l/lang/en_SD.res" 1350
"../../../Engine/Content/Internationalization/icudt64l/region/en_SD.res" 1351
"../../../Engine/Content/Internationalization/icudt64l/lang/en_SE.res" 1352
"../../../Engine/Content/Internationalization/icudt64l/region/en_SE.res" 1353
"../../../Engine/Content/Internationalization/icudt64l/lang/en_SG.res" 1354
"../../../Engine/Content/Internationalization/icudt64l/region/en_SG.res" 1355
"../../../Engine/Content/Internationalization/icudt64l/lang/en_SH.res" 1356
"../../../Engine/Content/Internationalization/icudt64l/region/en_SH.res" 1357
"../../../Engine/Content/Internationalization/icudt64l/lang/en_SI.res" 1358
"../../../Engine/Content/Internationalization/icudt64l/region/en_SI.res" 1359
"../../../Engine/Content/Internationalization/icudt64l/lang/en_SL.res" 1360
"../../../Engine/Content/Internationalization/icudt64l/region/en_SL.res" 1361
"../../../Engine/Content/Internationalization/icudt64l/lang/en_SS.res" 1362
"../../../Engine/Content/Internationalization/icudt64l/region/en_SS.res" 1363
"../../../Engine/Content/Internationalization/icudt64l/lang/en_SX.res" 1364
"../../../Engine/Content/Internationalization/icudt64l/region/en_SX.res" 1365
"../../../Engine/Content/Internationalization/icudt64l/lang/en_SZ.res" 1366
"../../../Engine/Content/Internationalization/icudt64l/region/en_SZ.res" 1367
"../../../Engine/Content/Internationalization/icudt64l/lang/en_TC.res" 1368
"../../../Engine/Content/Internationalization/icudt64l/region/en_TC.res" 1369
"../../../Engine/Content/Internationalization/icudt64l/lang/en_TK.res" 1370
"../../../Engine/Content/Internationalization/icudt64l/region/en_TK.res" 1371
"../../../Engine/Content/Internationalization/icudt64l/lang/en_TO.res" 1372
"../../../Engine/Content/Internationalization/icudt64l/region/en_TO.res" 1373
"../../../Engine/Content/Internationalization/icudt64l/lang/en_TT.res" 1374
"../../../Engine/Content/Internationalization/icudt64l/region/en_TT.res" 1375
"../../../Engine/Content/Internationalization/icudt64l/lang/en_TV.res" 1376
"../../../Engine/Content/Internationalization/icudt64l/region/en_TV.res" 1377
"../../../Engine/Content/Internationalization/icudt64l/lang/en_TZ.res" 1378
"../../../Engine/Content/Internationalization/icudt64l/region/en_TZ.res" 1379
"../../../Engine/Content/Internationalization/icudt64l/lang/en_UG.res" 1380
"../../../Engine/Content/Internationalization/icudt64l/region/en_UG.res" 1381
"../../../Engine/Content/Internationalization/icudt64l/lang/en_VC.res" 1382
"../../../Engine/Content/Internationalization/icudt64l/region/en_VC.res" 1383
"../../../Engine/Content/Internationalization/icudt64l/lang/en_VG.res" 1384
"../../../Engine/Content/Internationalization/icudt64l/region/en_VG.res" 1385
"../../../Engine/Content/Internationalization/icudt64l/lang/en_VU.res" 1386
"../../../Engine/Content/Internationalization/icudt64l/region/en_VU.res" 1387
"../../../Engine/Content/Internationalization/icudt64l/lang/en_WS.res" 1388
"../../../Engine/Content/Internationalization/icudt64l/region/en_WS.res" 1389
"../../../Engine/Content/Internationalization/icudt64l/lang/en_ZA.res" 1390
"../../../Engine/Content/Internationalization/icudt64l/region/en_ZA.res" 1391
"../../../Engine/Content/Internationalization/icudt64l/lang/en_ZM.res" 1392
"../../../Engine/Content/Internationalization/icudt64l/region/en_ZM.res" 1393
"../../../Engine/Content/Internationalization/icudt64l/lang/en_ZW.res" 1394
"../../../Engine/Content/Internationalization/icudt64l/region/en_ZW.res" 1395
"../../../Engine/Content/Internationalization/icudt64l/lang/eo.res" 1396
"../../../Engine/Content/Internationalization/icudt64l/region/eo.res" 1397
"../../../Engine/Content/Internationalization/icudt64l/lang/es.res" 1398
"../../../Engine/Content/Internationalization/icudt64l/lang/es_419.res" 1399
"../../../Engine/Content/Internationalization/icudt64l/region/es_419.res" 1400
"../../../Engine/Content/Internationalization/icudt64l/region/es.res" 1401
"../../../Engine/Content/Internationalization/icudt64l/lang/es_AR.res" 1402
"../../../Engine/Content/Internationalization/icudt64l/region/es_AR.res" 1403
"../../../Engine/Content/Internationalization/icudt64l/lang/es_BO.res" 1404
"../../../Engine/Content/Internationalization/icudt64l/region/es_BO.res" 1405
"../../../Engine/Content/Internationalization/icudt64l/lang/es_BR.res" 1406
"../../../Engine/Content/Internationalization/icudt64l/region/es_BR.res" 1407
"../../../Engine/Content/Internationalization/icudt64l/lang/es_BZ.res" 1408
"../../../Engine/Content/Internationalization/icudt64l/region/es_BZ.res" 1409
"../../../Engine/Content/Internationalization/icudt64l/lang/es_CL.res" 1410
"../../../Engine/Content/Internationalization/icudt64l/region/es_CL.res" 1411
"../../../Engine/Content/Internationalization/icudt64l/lang/es_CO.res" 1412
"../../../Engine/Content/Internationalization/icudt64l/region/es_CO.res" 1413
"../../../Engine/Content/Internationalization/icudt64l/lang/es_CR.res" 1414
"../../../Engine/Content/Internationalization/icudt64l/region/es_CR.res" 1415
"../../../Engine/Content/Internationalization/icudt64l/lang/es_CU.res" 1416
"../../../Engine/Content/Internationalization/icudt64l/region/es_CU.res" 1417
"../../../Engine/Content/Internationalization/icudt64l/lang/es_DO.res" 1418
"../../../Engine/Content/Internationalization/icudt64l/region/es_DO.res" 1419
"../../../Engine/Content/Internationalization/icudt64l/lang/es_EC.res" 1420
"../../../Engine/Content/Internationalization/icudt64l/region/es_EC.res" 1421
"../../../Engine/Content/Internationalization/icudt64l/lang/es_GT.res" 1422
"../../../Engine/Content/Internationalization/icudt64l/region/es_GT.res" 1423
"../../../Engine/Content/Internationalization/icudt64l/lang/es_HN.res" 1424
"../../../Engine/Content/Internationalization/icudt64l/region/es_HN.res" 1425
"../../../Engine/Content/Internationalization/icudt64l/lang/es_MX.res" 1426
"../../../Engine/Content/Internationalization/icudt64l/region/es_MX.res" 1427
"../../../Engine/Content/Internationalization/icudt64l/lang/es_NI.res" 1428
"../../../Engine/Content/Internationalization/icudt64l/region/es_NI.res" 1429
"../../../Engine/Content/Internationalization/icudt64l/lang/es_PA.res" 1430
"../../../Engine/Content/Internationalization/icudt64l/region/es_PA.res" 1431
"../../../Engine/Content/Internationalization/icudt64l/lang/es_PE.res" 1432
"../../../Engine/Content/Internationalization/icudt64l/region/es_PE.res" 1433
"../../../Engine/Content/Internationalization/icudt64l/lang/es_PR.res" 1434
"../../../Engine/Content/Internationalization/icudt64l/region/es_PR.res" 1435
"../../../Engine/Content/Internationalization/icudt64l/lang/es_PY.res" 1436
"../../../Engine/Content/Internationalization/icudt64l/region/es_PY.res" 1437
"../../../Engine/Content/Internationalization/icudt64l/lang/es_SV.res" 1438
"../../../Engine/Content/Internationalization/icudt64l/region/es_SV.res" 1439
"../../../Engine/Content/Internationalization/icudt64l/lang/es_US.res" 1440
"../../../Engine/Content/Internationalization/icudt64l/region/es_US.res" 1441
"../../../Engine/Content/Internationalization/icudt64l/lang/es_UY.res" 1442
"../../../Engine/Content/Internationalization/icudt64l/region/es_UY.res" 1443
"../../../Engine/Content/Internationalization/icudt64l/lang/es_VE.res" 1444
"../../../Engine/Content/Internationalization/icudt64l/region/es_VE.res" 1445
"../../../Engine/Content/Internationalization/icudt64l/lang/et.res" 1446
"../../../Engine/Content/Internationalization/icudt64l/region/et.res" 1447
"../../../Engine/Content/Internationalization/icudt64l/lang/eu.res" 1448
"../../../Engine/Content/Internationalization/icudt64l/region/eu.res" 1449
"../../../Engine/Content/Internationalization/icudt64l/lang/ewo.res" 1450
"../../../Engine/Content/Internationalization/icudt64l/region/ewo.res" 1451
"../../../Engine/Content/Internationalization/icudt64l/lang/fa.res" 1452
"../../../Engine/Content/Internationalization/icudt64l/lang/fa_AF.res" 1453
"../../../Engine/Content/Internationalization/icudt64l/region/fa_AF.res" 1454
"../../../Engine/Content/Internationalization/icudt64l/region/fa.res" 1455
"../../../Engine/Content/Internationalization/icudt64l/lang/ff.res" 1456
"../../../Engine/Content/Internationalization/icudt64l/lang/ff_Latn.res" 1457
"../../../Engine/Content/Internationalization/icudt64l/region/ff.res" 1458
"../../../Engine/Content/Internationalization/icudt64l/region/ff_Latn.res" 1459
"../../../Engine/Content/Internationalization/icudt64l/lang/ff_CM.res" 1460
"../../../Engine/Content/Internationalization/icudt64l/lang/ff_Latn_CM.res" 1461
"../../../Engine/Content/Internationalization/icudt64l/region/ff_CM.res" 1462
"../../../Engine/Content/Internationalization/icudt64l/region/ff_Latn_CM.res" 1463
"../../../Engine/Content/Internationalization/icudt64l/lang/ff_GN.res" 1464
"../../../Engine/Content/Internationalization/icudt64l/lang/ff_Latn_GN.res" 1465
"../../../Engine/Content/Internationalization/icudt64l/region/ff_GN.res" 1466
"../../../Engine/Content/Internationalization/icudt64l/region/ff_Latn_GN.res" 1467
"../../../Engine/Content/Internationalization/icudt64l/lang/ff_MR.res" 1468
"../../../Engine/Content/Internationalization/icudt64l/lang/ff_Latn_MR.res" 1469
"../../../Engine/Content/Internationalization/icudt64l/region/ff_MR.res" 1470
"../../../Engine/Content/Internationalization/icudt64l/region/ff_Latn_MR.res" 1471
"../../../Engine/Content/Internationalization/icudt64l/lang/ff_SN.res" 1472
"../../../Engine/Content/Internationalization/icudt64l/lang/ff_Latn_SN.res" 1473
"../../../Engine/Content/Internationalization/icudt64l/region/ff_SN.res" 1474
"../../../Engine/Content/Internationalization/icudt64l/region/ff_Latn_SN.res" 1475
"../../../Engine/Content/Internationalization/icudt64l/lang/fi.res" 1476
"../../../Engine/Content/Internationalization/icudt64l/region/fi.res" 1477
"../../../Engine/Content/Internationalization/icudt64l/lang/fil.res" 1478
"../../../Engine/Content/Internationalization/icudt64l/lang/fil_PH.res" 1479
"../../../Engine/Content/Internationalization/icudt64l/region/fil_PH.res" 1480
"../../../Engine/Content/Internationalization/icudt64l/region/fil.res" 1481
"../../../Engine/Content/Internationalization/icudt64l/lang/fo.res" 1482
"../../../Engine/Content/Internationalization/icudt64l/region/fo.res" 1483
"../../../Engine/Content/Internationalization/icudt64l/lang/fr.res" 1484
"../../../Engine/Content/Internationalization/icudt64l/lang/fr_BE.res" 1485
"../../../Engine/Content/Internationalization/icudt64l/region/fr_BE.res" 1486
"../../../Engine/Content/Internationalization/icudt64l/region/fr.res" 1487
"../../../Engine/Content/Internationalization/icudt64l/lang/fr_CA.res" 1488
"../../../Engine/Content/Internationalization/icudt64l/region/fr_CA.res" 1489
"../../../Engine/Content/Internationalization/icudt64l/lang/fr_CH.res" 1490
"../../../Engine/Content/Internationalization/icudt64l/lang/fur.res" 1491
"../../../Engine/Content/Internationalization/icudt64l/region/fur.res" 1492
"../../../Engine/Content/Internationalization/icudt64l/lang/fy.res" 1493
"../../../Engine/Content/Internationalization/icudt64l/region/fy.res" 1494
"../../../Engine/Content/Internationalization/icudt64l/lang/ga.res" 1495
"../../../Engine/Content/Internationalization/icudt64l/region/ga.res" 1496
"../../../Engine/Content/Internationalization/icudt64l/lang/gd.res" 1497
"../../../Engine/Content/Internationalization/icudt64l/region/gd.res" 1498
"../../../Engine/Content/Internationalization/icudt64l/lang/gl.res" 1499
"../../../Engine/Content/Internationalization/icudt64l/region/gl.res" 1500
"../../../Engine/Content/Internationalization/icudt64l/lang/gsw.res" 1501
"../../../Engine/Content/Internationalization/icudt64l/region/gsw.res" 1502
"../../../Engine/Content/Internationalization/icudt64l/lang/gu.res" 1503
"../../../Engine/Content/Internationalization/icudt64l/region/gu.res" 1504
"../../../Engine/Content/Internationalization/icudt64l/lang/guz.res" 1505
"../../../Engine/Content/Internationalization/icudt64l/region/guz.res" 1506
"../../../Engine/Content/Internationalization/icudt64l/lang/gv.res" 1507
"../../../Engine/Content/Internationalization/icudt64l/region/gv.res" 1508
"../../../Engine/Content/Internationalization/icudt64l/lang/ha.res" 1509
"../../../Engine/Content/Internationalization/icudt64l/region/ha.res" 1510
"../../../Engine/Content/Internationalization/icudt64l/lang/ha_NE.res" 1511
"../../../Engine/Content/Internationalization/icudt64l/region/ha_NE.res" 1512
"../../../Engine/Content/Internationalization/icudt64l/lang/haw.res" 1513
"../../../Engine/Content/Internationalization/icudt64l/region/haw.res" 1514
"../../../Engine/Content/Internationalization/icudt64l/lang/he.res" 1515
"../../../Engine/Content/Internationalization/icudt64l/lang/he_IL.res" 1516
"../../../Engine/Content/Internationalization/icudt64l/region/he_IL.res" 1517
"../../../Engine/Content/Internationalization/icudt64l/region/he.res" 1518
"../../../Engine/Content/Internationalization/icudt64l/lang/hi.res" 1519
"../../../Engine/Content/Internationalization/icudt64l/region/hi.res" 1520
"../../../Engine/Content/Internationalization/icudt64l/lang/hr.res" 1521
"../../../Engine/Content/Internationalization/icudt64l/region/hr.res" 1522
"../../../Engine/Content/Internationalization/icudt64l/lang/hsb.res" 1523
"../../../Engine/Content/Internationalization/icudt64l/region/hsb.res" 1524
"../../../Engine/Content/Internationalization/icudt64l/lang/hu.res" 1525
"../../../Engine/Content/Internationalization/icudt64l/region/hu.res" 1526
"../../../Engine/Content/Internationalization/icudt64l/lang/hy.res" 1527
"../../../Engine/Content/Internationalization/icudt64l/region/hy.res" 1528
"../../../Engine/Content/Internationalization/icudt64l/lang/ia.res" 1529
"../../../Engine/Content/Internationalization/icudt64l/region/ia.res" 1530
"../../../Engine/Content/Internationalization/icudt64l/lang/id.res" 1531
"../../../Engine/Content/Internationalization/icudt64l/lang/id_ID.res" 1532
"../../../Engine/Content/Internationalization/icudt64l/region/id_ID.res" 1533
"../../../Engine/Content/Internationalization/icudt64l/region/id.res" 1534
"../../../Engine/Content/Internationalization/icudt64l/lang/ig.res" 1535
"../../../Engine/Content/Internationalization/icudt64l/region/ig.res" 1536
"../../../Engine/Content/Internationalization/icudt64l/lang/ii.res" 1537
"../../../Engine/Content/Internationalization/icudt64l/region/ii.res" 1538
"../../../Engine/Content/Internationalization/icudt64l/lang/is.res" 1539
"../../../Engine/Content/Internationalization/icudt64l/region/is.res" 1540
"../../../Engine/Content/Internationalization/icudt64l/lang/it.res" 1541
"../../../Engine/Content/Internationalization/icudt64l/region/it.res" 1542
"../../../Engine/Content/Internationalization/icudt64l/lang/ja.res" 1543
"../../../Engine/Content/Internationalization/icudt64l/lang/ja_JP.res" 1544
"../../../Engine/Content/Internationalization/icudt64l/region/ja_JP.res" 1545
"../../../Engine/Content/Internationalization/icudt64l/region/ja.res" 1546
"../../../Engine/Content/Internationalization/icudt64l/lang/jgo.res" 1547
"../../../Engine/Content/Internationalization/icudt64l/region/jgo.res" 1548
"../../../Engine/Content/Internationalization/icudt64l/lang/jmc.res" 1549
"../../../Engine/Content/Internationalization/icudt64l/region/jmc.res" 1550
"../../../Engine/Content/Internationalization/icudt64l/lang/jv.res" 1551
"../../../Engine/Content/Internationalization/icudt64l/region/jv.res" 1552
"../../../Engine/Content/Internationalization/icudt64l/lang/ka.res" 1553
"../../../Engine/Content/Internationalization/icudt64l/region/ka.res" 1554
"../../../Engine/Content/Internationalization/icudt64l/lang/kab.res" 1555
"../../../Engine/Content/Internationalization/icudt64l/region/kab.res" 1556
"../../../Engine/Content/Internationalization/icudt64l/lang/kam.res" 1557
"../../../Engine/Content/Internationalization/icudt64l/region/kam.res" 1558
"../../../Engine/Content/Internationalization/icudt64l/lang/kde.res" 1559
"../../../Engine/Content/Internationalization/icudt64l/region/kde.res" 1560
"../../../Engine/Content/Internationalization/icudt64l/lang/kea.res" 1561
"../../../Engine/Content/Internationalization/icudt64l/region/kea.res" 1562
"../../../Engine/Content/Internationalization/icudt64l/lang/khq.res" 1563
"../../../Engine/Content/Internationalization/icudt64l/region/khq.res" 1564
"../../../Engine/Content/Internationalization/icudt64l/lang/ki.res" 1565
"../../../Engine/Content/Internationalization/icudt64l/region/ki.res" 1566
"../../../Engine/Content/Internationalization/icudt64l/lang/kk.res" 1567
"../../../Engine/Content/Internationalization/icudt64l/region/kk.res" 1568
"../../../Engine/Content/Internationalization/icudt64l/lang/kkj.res" 1569
"../../../Engine/Content/Internationalization/icudt64l/region/kkj.res" 1570
"../../../Engine/Content/Internationalization/icudt64l/lang/kl.res" 1571
"../../../Engine/Content/Internationalization/icudt64l/region/kl.res" 1572
"../../../Engine/Content/Internationalization/icudt64l/lang/kln.res" 1573
"../../../Engine/Content/Internationalization/icudt64l/region/kln.res" 1574
"../../../Engine/Content/Internationalization/icudt64l/lang/km.res" 1575
"../../../Engine/Content/Internationalization/icudt64l/region/km.res" 1576
"../../../Engine/Content/Internationalization/icudt64l/lang/kn.res" 1577
"../../../Engine/Content/Internationalization/icudt64l/region/kn.res" 1578
"../../../Engine/Content/Internationalization/icudt64l/lang/ko.res" 1579
"../../../Engine/Content/Internationalization/icudt64l/region/ko_KP.res" 1580
"../../../Engine/Content/Internationalization/icudt64l/region/ko.res" 1581
"../../../Engine/Content/Internationalization/icudt64l/lang/kok.res" 1582
"../../../Engine/Content/Internationalization/icudt64l/region/kok.res" 1583
"../../../Engine/Content/Internationalization/icudt64l/lang/ks.res" 1584
"../../../Engine/Content/Internationalization/icudt64l/region/ks.res" 1585
"../../../Engine/Content/Internationalization/icudt64l/lang/ksb.res" 1586
"../../../Engine/Content/Internationalization/icudt64l/region/ksb.res" 1587
"../../../Engine/Content/Internationalization/icudt64l/lang/ksf.res" 1588
"../../../Engine/Content/Internationalization/icudt64l/region/ksf.res" 1589
"../../../Engine/Content/Internationalization/icudt64l/lang/ksh.res" 1590
"../../../Engine/Content/Internationalization/icudt64l/region/ksh.res" 1591
"../../../Engine/Content/Internationalization/icudt64l/lang/ku.res" 1592
"../../../Engine/Content/Internationalization/icudt64l/region/ku.res" 1593
"../../../Engine/Content/Internationalization/icudt64l/lang/kw.res" 1594
"../../../Engine/Content/Internationalization/icudt64l/region/kw.res" 1595
"../../../Engine/Content/Internationalization/icudt64l/lang/ky.res" 1596
"../../../Engine/Content/Internationalization/icudt64l/region/ky.res" 1597
"../../../Engine/Content/Internationalization/icudt64l/lang/lag.res" 1598
"../../../Engine/Content/Internationalization/icudt64l/region/lag.res" 1599
"../../../Engine/Content/Internationalization/icudt64l/lang/lb.res" 1600
"../../../Engine/Content/Internationalization/icudt64l/region/lb.res" 1601
"../../../Engine/Content/Internationalization/icudt64l/lang/lg.res" 1602
"../../../Engine/Content/Internationalization/icudt64l/region/lg.res" 1603
"../../../Engine/Content/Internationalization/icudt64l/lang/lkt.res" 1604
"../../../Engine/Content/Internationalization/icudt64l/region/lkt.res" 1605
"../../../Engine/Content/Internationalization/icudt64l/lang/ln.res" 1606
"../../../Engine/Content/Internationalization/icudt64l/region/ln.res" 1607
"../../../Engine/Content/Internationalization/icudt64l/lang/lo.res" 1608
"../../../Engine/Content/Internationalization/icudt64l/region/lo.res" 1609
"../../../Engine/Content/Internationalization/icudt64l/lang/lrc.res" 1610
"../../../Engine/Content/Internationalization/icudt64l/region/lrc.res" 1611
"../../../Engine/Content/Internationalization/icudt64l/lang/lt.res" 1612
"../../../Engine/Content/Internationalization/icudt64l/region/lt.res" 1613
"../../../Engine/Content/Internationalization/icudt64l/lang/lu.res" 1614
"../../../Engine/Content/Internationalization/icudt64l/region/lu.res" 1615
"../../../Engine/Content/Internationalization/icudt64l/lang/luo.res" 1616
"../../../Engine/Content/Internationalization/icudt64l/region/luo.res" 1617
"../../../Engine/Content/Internationalization/icudt64l/lang/luy.res" 1618
"../../../Engine/Content/Internationalization/icudt64l/region/luy.res" 1619
"../../../Engine/Content/Internationalization/icudt64l/lang/lv.res" 1620
"../../../Engine/Content/Internationalization/icudt64l/region/lv.res" 1621
"../../../Engine/Content/Internationalization/icudt64l/lang/mas.res" 1622
"../../../Engine/Content/Internationalization/icudt64l/region/mas.res" 1623
"../../../Engine/Content/Internationalization/icudt64l/lang/mer.res" 1624
"../../../Engine/Content/Internationalization/icudt64l/region/mer.res" 1625
"../../../Engine/Content/Internationalization/icudt64l/lang/mfe.res" 1626
"../../../Engine/Content/Internationalization/icudt64l/region/mfe.res" 1627
"../../../Engine/Content/Internationalization/icudt64l/lang/mg.res" 1628
"../../../Engine/Content/Internationalization/icudt64l/region/mg.res" 1629
"../../../Engine/Content/Internationalization/icudt64l/lang/mgh.res" 1630
"../../../Engine/Content/Internationalization/icudt64l/region/mgh.res" 1631
"../../../Engine/Content/Internationalization/icudt64l/lang/mgo.res" 1632
"../../../Engine/Content/Internationalization/icudt64l/region/mgo.res" 1633
"../../../Engine/Content/Internationalization/icudt64l/lang/mi.res" 1634
"../../../Engine/Content/Internationalization/icudt64l/region/mi.res" 1635
"../../../Engine/Content/Internationalization/icudt64l/lang/mk.res" 1636
"../../../Engine/Content/Internationalization/icudt64l/region/mk.res" 1637
"../../../Engine/Content/Internationalization/icudt64l/lang/ml.res" 1638
"../../../Engine/Content/Internationalization/icudt64l/region/ml.res" 1639
"../../../Engine/Content/Internationalization/icudt64l/lang/mn.res" 1640
"../../../Engine/Content/Internationalization/icudt64l/region/mn.res" 1641
"../../../Engine/Content/Internationalization/icudt64l/lang/mr.res" 1642
"../../../Engine/Content/Internationalization/icudt64l/region/mr.res" 1643
"../../../Engine/Content/Internationalization/icudt64l/lang/ms.res" 1644
"../../../Engine/Content/Internationalization/icudt64l/region/ms.res" 1645
"../../../Engine/Content/Internationalization/icudt64l/lang/mt.res" 1646
"../../../Engine/Content/Internationalization/icudt64l/region/mt.res" 1647
"../../../Engine/Content/Internationalization/icudt64l/lang/mua.res" 1648
"../../../Engine/Content/Internationalization/icudt64l/region/mua.res" 1649
"../../../Engine/Content/Internationalization/icudt64l/lang/my.res" 1650
"../../../Engine/Content/Internationalization/icudt64l/region/my.res" 1651
"../../../Engine/Content/Internationalization/icudt64l/lang/mzn.res" 1652
"../../../Engine/Content/Internationalization/icudt64l/region/mzn.res" 1653
"../../../Engine/Content/Internationalization/icudt64l/lang/naq.res" 1654
"../../../Engine/Content/Internationalization/icudt64l/region/naq.res" 1655
"../../../Engine/Content/Internationalization/icudt64l/lang/nb.res" 1656
"../../../Engine/Content/Internationalization/icudt64l/lang/nb_NO.res" 1657
"../../../Engine/Content/Internationalization/icudt64l/region/nb_NO.res" 1658
"../../../Engine/Content/Internationalization/icudt64l/region/nb.res" 1659
"../../../Engine/Content/Internationalization/icudt64l/lang/nd.res" 1660
"../../../Engine/Content/Internationalization/icudt64l/region/nd.res" 1661
"../../../Engine/Content/Internationalization/icudt64l/lang/nds.res" 1662
"../../../Engine/Content/Internationalization/icudt64l/region/nds.res" 1663
"../../../Engine/Content/Internationalization/icudt64l/lang/ne.res" 1664
"../../../Engine/Content/Internationalization/icudt64l/region/ne.res" 1665
"../../../Engine/Content/Internationalization/icudt64l/lang/nl.res" 1666
"../../../Engine/Content/Internationalization/icudt64l/region/nl.res" 1667
"../../../Engine/Content/Internationalization/icudt64l/lang/nmg.res" 1668
"../../../Engine/Content/Internationalization/icudt64l/region/nmg.res" 1669
"../../../Engine/Content/Internationalization/icudt64l/lang/nn.res" 1670
"../../../Engine/Content/Internationalization/icudt64l/lang/nn_NO.res" 1671
"../../../Engine/Content/Internationalization/icudt64l/region/nn_NO.res" 1672
"../../../Engine/Content/Internationalization/icudt64l/region/nn.res" 1673
"../../../Engine/Content/Internationalization/icudt64l/lang/nnh.res" 1674
"../../../Engine/Content/Internationalization/icudt64l/region/nnh.res" 1675
"../../../Engine/Content/Internationalization/icudt64l/lang/nus.res" 1676
"../../../Engine/Content/Internationalization/icudt64l/region/nus.res" 1677
"../../../Engine/Content/Internationalization/icudt64l/lang/nyn.res" 1678
"../../../Engine/Content/Internationalization/icudt64l/region/nyn.res" 1679
"../../../Engine/Content/Internationalization/icudt64l/lang/om.res" 1680
"../../../Engine/Content/Internationalization/icudt64l/region/om.res" 1681
"../../../Engine/Content/Internationalization/icudt64l/lang/or.res" 1682
"../../../Engine/Content/Internationalization/icudt64l/region/or.res" 1683
"../../../Engine/Content/Internationalization/icudt64l/lang/os.res" 1684
"../../../Engine/Content/Internationalization/icudt64l/region/os.res" 1685
"../../../Engine/Content/Internationalization/icudt64l/lang/pa.res" 1686
"../../../Engine/Content/Internationalization/icudt64l/lang/pa_Arab.res" 1687
"../../../Engine/Content/Internationalization/icudt64l/lang/pa_PK.res" 1688
"../../../Engine/Content/Internationalization/icudt64l/lang/pa_Arab_PK.res" 1689
"../../../Engine/Content/Internationalization/icudt64l/region/pa_PK.res" 1690
"../../../Engine/Content/Internationalization/icudt64l/region/pa_Arab_PK.res" 1691
"../../../Engine/Content/Internationalization/icudt64l/region/pa_Arab.res" 1692
"../../../Engine/Content/Internationalization/icudt64l/lang/pa_Guru.res" 1693
"../../../Engine/Content/Internationalization/icudt64l/lang/pa_IN.res" 1694
"../../../Engine/Content/Internationalization/icudt64l/lang/pa_Guru_IN.res" 1695
"../../../Engine/Content/Internationalization/icudt64l/region/pa_IN.res" 1696
"../../../Engine/Content/Internationalization/icudt64l/region/pa_Guru_IN.res" 1697
"../../../Engine/Content/Internationalization/icudt64l/region/pa_Guru.res" 1698
"../../../Engine/Content/Internationalization/icudt64l/region/pa.res" 1699
"../../../Engine/Content/Internationalization/icudt64l/lang/pl.res" 1700
"../../../Engine/Content/Internationalization/icudt64l/region/pl.res" 1701
"../../../Engine/Content/Internationalization/icudt64l/lang/ps.res" 1702
"../../../Engine/Content/Internationalization/icudt64l/region/ps.res" 1703
"../../../Engine/Content/Internationalization/icudt64l/lang/ps_PK.res" 1704
"../../../Engine/Content/Internationalization/icudt64l/region/ps_PK.res" 1705
"../../../Engine/Content/Internationalization/icudt64l/lang/pt_AO.res" 1706
"../../../Engine/Content/Internationalization/icudt64l/lang/pt_PT.res" 1707
"../../../Engine/Content/Internationalization/icudt64l/region/pt_AO.res" 1708
"../../../Engine/Content/Internationalization/icudt64l/region/pt_PT.res" 1709
"../../../Engine/Content/Internationalization/icudt64l/lang/pt_CH.res" 1710
"../../../Engine/Content/Internationalization/icudt64l/region/pt_CH.res" 1711
"../../../Engine/Content/Internationalization/icudt64l/lang/pt_CV.res" 1712
"../../../Engine/Content/Internationalization/icudt64l/region/pt_CV.res" 1713
"../../../Engine/Content/Internationalization/icudt64l/lang/pt_GQ.res" 1714
"../../../Engine/Content/Internationalization/icudt64l/region/pt_GQ.res" 1715
"../../../Engine/Content/Internationalization/icudt64l/lang/pt_GW.res" 1716
"../../../Engine/Content/Internationalization/icudt64l/region/pt_GW.res" 1717
"../../../Engine/Content/Internationalization/icudt64l/lang/pt_LU.res" 1718
"../../../Engine/Content/Internationalization/icudt64l/region/pt_LU.res" 1719
"../../../Engine/Content/Internationalization/icudt64l/lang/pt_MO.res" 1720
"../../../Engine/Content/Internationalization/icudt64l/region/pt_MO.res" 1721
"../../../Engine/Content/Internationalization/icudt64l/lang/pt_MZ.res" 1722
"../../../Engine/Content/Internationalization/icudt64l/region/pt_MZ.res" 1723
"../../../Engine/Content/Internationalization/icudt64l/lang/pt_ST.res" 1724
"../../../Engine/Content/Internationalization/icudt64l/region/pt_ST.res" 1725
"../../../Engine/Content/Internationalization/icudt64l/lang/pt_TL.res" 1726
"../../../Engine/Content/Internationalization/icudt64l/region/pt_TL.res" 1727
"../../../Engine/Content/Internationalization/icudt64l/lang/qu.res" 1728
"../../../Engine/Content/Internationalization/icudt64l/region/qu.res" 1729
"../../../Engine/Content/Internationalization/icudt64l/lang/rm.res" 1730
"../../../Engine/Content/Internationalization/icudt64l/region/rm.res" 1731
"../../../Engine/Content/Internationalization/icudt64l/lang/rn.res" 1732
"../../../Engine/Content/Internationalization/icudt64l/region/rn.res" 1733
"../../../Engine/Content/Internationalization/icudt64l/lang/ro.res" 1734
"../../../Engine/Content/Internationalization/icudt64l/lang/ro_MD.res" 1735
"../../../Engine/Content/Internationalization/icudt64l/region/ro_MD.res" 1736
"../../../Engine/Content/Internationalization/icudt64l/region/ro.res" 1737
"../../../Engine/Content/Internationalization/icudt64l/lang/rof.res" 1738
"../../../Engine/Content/Internationalization/icudt64l/region/rof.res" 1739
"../../../Engine/Content/Internationalization/icudt64l/lang/ru.res" 1740
"../../../Engine/Content/Internationalization/icudt64l/region/ru.res" 1741
"../../../Engine/Content/Internationalization/icudt64l/region/ru_UA.res" 1742
"../../../Engine/Content/Internationalization/icudt64l/lang/rw.res" 1743
"../../../Engine/Content/Internationalization/icudt64l/region/rw.res" 1744
"../../../Engine/Content/Internationalization/icudt64l/lang/rwk.res" 1745
"../../../Engine/Content/Internationalization/icudt64l/region/rwk.res" 1746
"../../../Engine/Content/Internationalization/icudt64l/lang/sah.res" 1747
"../../../Engine/Content/Internationalization/icudt64l/region/sah.res" 1748
"../../../Engine/Content/Internationalization/icudt64l/lang/saq.res" 1749
"../../../Engine/Content/Internationalization/icudt64l/region/saq.res" 1750
"../../../Engine/Content/Internationalization/icudt64l/lang/sbp.res" 1751
"../../../Engine/Content/Internationalization/icudt64l/region/sbp.res" 1752
"../../../Engine/Content/Internationalization/icudt64l/lang/sd.res" 1753
"../../../Engine/Content/Internationalization/icudt64l/region/sd.res" 1754
"../../../Engine/Content/Internationalization/icudt64l/lang/se.res" 1755
"../../../Engine/Content/Internationalization/icudt64l/lang/se_FI.res" 1756
"../../../Engine/Content/Internationalization/icudt64l/region/se_FI.res" 1757
"../../../Engine/Content/Internationalization/icudt64l/region/se.res" 1758
"../../../Engine/Content/Internationalization/icudt64l/lang/seh.res" 1759
"../../../Engine/Content/Internationalization/icudt64l/region/seh.res" 1760
"../../../Engine/Content/Internationalization/icudt64l/lang/ses.res" 1761
"../../../Engine/Content/Internationalization/icudt64l/region/ses.res" 1762
"../../../Engine/Content/Internationalization/icudt64l/lang/sg.res" 1763
"../../../Engine/Content/Internationalization/icudt64l/region/sg.res" 1764
"../../../Engine/Content/Internationalization/icudt64l/lang/shi.res" 1765
"../../../Engine/Content/Internationalization/icudt64l/lang/shi_Latn.res" 1766
"../../../Engine/Content/Internationalization/icudt64l/lang/shi_MA.res" 1767
"../../../Engine/Content/Internationalization/icudt64l/lang/shi_Tfng_MA.res" 1768
"../../../Engine/Content/Internationalization/icudt64l/lang/shi_Tfng.res" 1769
"../../../Engine/Content/Internationalization/icudt64l/region/shi_MA.res" 1770
"../../../Engine/Content/Internationalization/icudt64l/region/shi_Tfng_MA.res" 1771
"../../../Engine/Content/Internationalization/icudt64l/region/shi_Tfng.res" 1772
"../../../Engine/Content/Internationalization/icudt64l/region/shi.res" 1773
"../../../Engine/Content/Internationalization/icudt64l/region/shi_Latn.res" 1774
"../../../Engine/Content/Internationalization/icudt64l/lang/si.res" 1775
"../../../Engine/Content/Internationalization/icudt64l/region/si.res" 1776
"../../../Engine/Content/Internationalization/icudt64l/lang/sk.res" 1777
"../../../Engine/Content/Internationalization/icudt64l/region/sk.res" 1778
"../../../Engine/Content/Internationalization/icudt64l/lang/sl.res" 1779
"../../../Engine/Content/Internationalization/icudt64l/region/sl.res" 1780
"../../../Engine/Content/Internationalization/icudt64l/lang/smn.res" 1781
"../../../Engine/Content/Internationalization/icudt64l/region/smn.res" 1782
"../../../Engine/Content/Internationalization/icudt64l/lang/sn.res" 1783
"../../../Engine/Content/Internationalization/icudt64l/region/sn.res" 1784
"../../../Engine/Content/Internationalization/icudt64l/lang/so.res" 1785
"../../../Engine/Content/Internationalization/icudt64l/region/so.res" 1786
"../../../Engine/Content/Internationalization/icudt64l/lang/sq.res" 1787
"../../../Engine/Content/Internationalization/icudt64l/region/sq.res" 1788
"../../../Engine/Content/Internationalization/icudt64l/lang/sr.res" 1789
"../../../Engine/Content/Internationalization/icudt64l/lang/sr_Cyrl.res" 1790
"../../../Engine/Content/Internationalization/icudt64l/lang/sr_BA.res" 1791
"../../../Engine/Content/Internationalization/icudt64l/lang/sr_Cyrl_BA.res" 1792
"../../../Engine/Content/Internationalization/icudt64l/region/sr_BA.res" 1793
"../../../Engine/Content/Internationalization/icudt64l/region/sr_Cyrl_BA.res" 1794
"../../../Engine/Content/Internationalization/icudt64l/region/sr_Cyrl.res" 1795
"../../../Engine/Content/Internationalization/icudt64l/region/sr.res" 1796
"../../../Engine/Content/Internationalization/icudt64l/lang/sr_ME.res" 1797
"../../../Engine/Content/Internationalization/icudt64l/lang/sr_Latn_ME.res" 1798
"../../../Engine/Content/Internationalization/icudt64l/lang/sr_Latn.res" 1799
"../../../Engine/Content/Internationalization/icudt64l/region/sr_ME.res" 1800
"../../../Engine/Content/Internationalization/icudt64l/region/sr_Latn_ME.res" 1801
"../../../Engine/Content/Internationalization/icudt64l/region/sr_Latn.res" 1802
"../../../Engine/Content/Internationalization/icudt64l/lang/sr_Cyrl_ME.res" 1803
"../../../Engine/Content/Internationalization/icudt64l/region/sr_Cyrl_ME.res" 1804
"../../../Engine/Content/Internationalization/icudt64l/lang/sr_RS.res" 1805
"../../../Engine/Content/Internationalization/icudt64l/lang/sr_Cyrl_RS.res" 1806
"../../../Engine/Content/Internationalization/icudt64l/region/sr_RS.res" 1807
"../../../Engine/Content/Internationalization/icudt64l/region/sr_Cyrl_RS.res" 1808
"../../../Engine/Content/Internationalization/icudt64l/lang/sr_XK.res" 1809
"../../../Engine/Content/Internationalization/icudt64l/lang/sr_Cyrl_XK.res" 1810
"../../../Engine/Content/Internationalization/icudt64l/region/sr_XK.res" 1811
"../../../Engine/Content/Internationalization/icudt64l/region/sr_Cyrl_XK.res" 1812
"../../../Engine/Content/Internationalization/icudt64l/lang/sr_Latn_BA.res" 1813
"../../../Engine/Content/Internationalization/icudt64l/region/sr_Latn_BA.res" 1814
"../../../Engine/Content/Internationalization/icudt64l/lang/sr_Latn_RS.res" 1815
"../../../Engine/Content/Internationalization/icudt64l/region/sr_Latn_RS.res" 1816
"../../../Engine/Content/Internationalization/icudt64l/lang/sr_Latn_XK.res" 1817
"../../../Engine/Content/Internationalization/icudt64l/region/sr_Latn_XK.res" 1818
"../../../Engine/Content/Internationalization/icudt64l/lang/sv.res" 1819
"../../../Engine/Content/Internationalization/icudt64l/region/sv.res" 1820
"../../../Engine/Content/Internationalization/icudt64l/lang/sv_FI.res" 1821
"../../../Engine/Content/Internationalization/icudt64l/lang/sw.res" 1822
"../../../Engine/Content/Internationalization/icudt64l/lang/sw_CD.res" 1823
"../../../Engine/Content/Internationalization/icudt64l/region/sw_CD.res" 1824
"../../../Engine/Content/Internationalization/icudt64l/region/sw.res" 1825
"../../../Engine/Content/Internationalization/icudt64l/lang/sw_KE.res" 1826
"../../../Engine/Content/Internationalization/icudt64l/region/sw_KE.res" 1827
"../../../Engine/Content/Internationalization/icudt64l/lang/ta.res" 1828
"../../../Engine/Content/Internationalization/icudt64l/region/ta.res" 1829
"../../../Engine/Content/Internationalization/icudt64l/lang/te.res" 1830
"../../../Engine/Content/Internationalization/icudt64l/region/te.res" 1831
"../../../Engine/Content/Internationalization/icudt64l/lang/teo.res" 1832
"../../../Engine/Content/Internationalization/icudt64l/region/teo.res" 1833
"../../../Engine/Content/Internationalization/icudt64l/lang/tg.res" 1834
"../../../Engine/Content/Internationalization/icudt64l/region/tg.res" 1835
"../../../Engine/Content/Internationalization/icudt64l/lang/th.res" 1836
"../../../Engine/Content/Internationalization/icudt64l/lang/th_TH.res" 1837
"../../../Engine/Content/Internationalization/icudt64l/region/th_TH.res" 1838
"../../../Engine/Content/Internationalization/icudt64l/region/th.res" 1839
"../../../Engine/Content/Internationalization/icudt64l/lang/ti.res" 1840
"../../../Engine/Content/Internationalization/icudt64l/region/ti.res" 1841
"../../../Engine/Content/Internationalization/icudt64l/lang/tk.res" 1842
"../../../Engine/Content/Internationalization/icudt64l/region/tk.res" 1843
"../../../Engine/Content/Internationalization/icudt64l/lang/to.res" 1844
"../../../Engine/Content/Internationalization/icudt64l/region/to.res" 1845
"../../../Engine/Content/Internationalization/icudt64l/lang/tr.res" 1846
"../../../Engine/Content/Internationalization/icudt64l/region/tr.res" 1847
"../../../Engine/Content/Internationalization/icudt64l/lang/tt.res" 1848
"../../../Engine/Content/Internationalization/icudt64l/region/tt.res" 1849
"../../../Engine/Content/Internationalization/icudt64l/lang/twq.res" 1850
"../../../Engine/Content/Internationalization/icudt64l/region/twq.res" 1851
"../../../Engine/Content/Internationalization/icudt64l/lang/tzm.res" 1852
"../../../Engine/Content/Internationalization/icudt64l/region/tzm.res" 1853
"../../../Engine/Content/Internationalization/icudt64l/lang/ug.res" 1854
"../../../Engine/Content/Internationalization/icudt64l/region/ug.res" 1855
"../../../Engine/Content/Internationalization/icudt64l/lang/uk.res" 1856
"../../../Engine/Content/Internationalization/icudt64l/region/uk.res" 1857
"../../../Engine/Content/Internationalization/icudt64l/lang/ur.res" 1858
"../../../Engine/Content/Internationalization/icudt64l/lang/ur_IN.res" 1859
"../../../Engine/Content/Internationalization/icudt64l/region/ur_IN.res" 1860
"../../../Engine/Content/Internationalization/icudt64l/region/ur.res" 1861
"../../../Engine/Content/Internationalization/icudt64l/lang/uz.res" 1862
"../../../Engine/Content/Internationalization/icudt64l/lang/uz_Arab.res" 1863
"../../../Engine/Content/Internationalization/icudt64l/lang/uz_AF.res" 1864
"../../../Engine/Content/Internationalization/icudt64l/lang/uz_Arab_AF.res" 1865
"../../../Engine/Content/Internationalization/icudt64l/region/uz_AF.res" 1866
"../../../Engine/Content/Internationalization/icudt64l/region/uz_Arab_AF.res" 1867
"../../../Engine/Content/Internationalization/icudt64l/region/uz_Arab.res" 1868
"../../../Engine/Content/Internationalization/icudt64l/lang/uz_Cyrl.res" 1869
"../../../Engine/Content/Internationalization/icudt64l/lang/uz_UZ.res" 1870
"../../../Engine/Content/Internationalization/icudt64l/lang/uz_Latn_UZ.res" 1871
"../../../Engine/Content/Internationalization/icudt64l/lang/uz_Latn.res" 1872
"../../../Engine/Content/Internationalization/icudt64l/region/uz_UZ.res" 1873
"../../../Engine/Content/Internationalization/icudt64l/region/uz_Latn_UZ.res" 1874
"../../../Engine/Content/Internationalization/icudt64l/region/uz_Latn.res" 1875
"../../../Engine/Content/Internationalization/icudt64l/region/uz.res" 1876
"../../../Engine/Content/Internationalization/icudt64l/region/uz_Cyrl.res" 1877
"../../../Engine/Content/Internationalization/icudt64l/lang/vai.res" 1878
"../../../Engine/Content/Internationalization/icudt64l/lang/vai_Latn.res" 1879
"../../../Engine/Content/Internationalization/icudt64l/lang/vai_LR.res" 1880
"../../../Engine/Content/Internationalization/icudt64l/lang/vai_Vaii_LR.res" 1881
"../../../Engine/Content/Internationalization/icudt64l/lang/vai_Vaii.res" 1882
"../../../Engine/Content/Internationalization/icudt64l/region/vai_LR.res" 1883
"../../../Engine/Content/Internationalization/icudt64l/region/vai_Vaii_LR.res" 1884
"../../../Engine/Content/Internationalization/icudt64l/region/vai_Vaii.res" 1885
"../../../Engine/Content/Internationalization/icudt64l/region/vai.res" 1886
"../../../Engine/Content/Internationalization/icudt64l/region/vai_Latn.res" 1887
"../../../Engine/Content/Internationalization/icudt64l/lang/vi.res" 1888
"../../../Engine/Content/Internationalization/icudt64l/region/vi.res" 1889
"../../../Engine/Content/Internationalization/icudt64l/lang/vun.res" 1890
"../../../Engine/Content/Internationalization/icudt64l/region/vun.res" 1891
"../../../Engine/Content/Internationalization/icudt64l/lang/wae.res" 1892
"../../../Engine/Content/Internationalization/icudt64l/region/wae.res" 1893
"../../../Engine/Content/Internationalization/icudt64l/lang/wo.res" 1894
"../../../Engine/Content/Internationalization/icudt64l/region/wo.res" 1895
"../../../Engine/Content/Internationalization/icudt64l/lang/xh.res" 1896
"../../../Engine/Content/Internationalization/icudt64l/region/xh.res" 1897
"../../../Engine/Content/Internationalization/icudt64l/lang/xog.res" 1898
"../../../Engine/Content/Internationalization/icudt64l/region/xog.res" 1899
"../../../Engine/Content/Internationalization/icudt64l/lang/yav.res" 1900
"../../../Engine/Content/Internationalization/icudt64l/region/yav.res" 1901
"../../../Engine/Content/Internationalization/icudt64l/lang/yi.res" 1902
"../../../Engine/Content/Internationalization/icudt64l/region/yi.res" 1903
"../../../Engine/Content/Internationalization/icudt64l/lang/yo.res" 1904
"../../../Engine/Content/Internationalization/icudt64l/lang/yo_BJ.res" 1905
"../../../Engine/Content/Internationalization/icudt64l/region/yo_BJ.res" 1906
"../../../Engine/Content/Internationalization/icudt64l/region/yo.res" 1907
"../../../Engine/Content/Internationalization/icudt64l/lang/yue.res" 1908
"../../../Engine/Content/Internationalization/icudt64l/lang/yue_Hans.res" 1909
"../../../Engine/Content/Internationalization/icudt64l/lang/yue_CN.res" 1910
"../../../Engine/Content/Internationalization/icudt64l/lang/yue_Hans_CN.res" 1911
"../../../Engine/Content/Internationalization/icudt64l/region/yue_CN.res" 1912
"../../../Engine/Content/Internationalization/icudt64l/region/yue_Hans_CN.res" 1913
"../../../Engine/Content/Internationalization/icudt64l/region/yue_Hans.res" 1914
"../../../Engine/Content/Internationalization/icudt64l/lang/yue_Hant.res" 1915
"../../../Engine/Content/Internationalization/icudt64l/lang/yue_HK.res" 1916
"../../../Engine/Content/Internationalization/icudt64l/lang/yue_Hant_HK.res" 1917
"../../../Engine/Content/Internationalization/icudt64l/region/yue_HK.res" 1918
"../../../Engine/Content/Internationalization/icudt64l/region/yue_Hant_HK.res" 1919
"../../../Engine/Content/Internationalization/icudt64l/region/yue_Hant.res" 1920
"../../../Engine/Content/Internationalization/icudt64l/region/yue.res" 1921
"../../../Engine/Content/Internationalization/icudt64l/lang/zgh.res" 1922
"../../../Engine/Content/Internationalization/icudt64l/region/zgh.res" 1923
"../../../Engine/Content/Internationalization/icudt64l/lang/zh.res" 1924
"../../../Engine/Content/Internationalization/icudt64l/lang/zh_Hans.res" 1925
"../../../Engine/Content/Internationalization/icudt64l/lang/zh_CN.res" 1926
"../../../Engine/Content/Internationalization/icudt64l/lang/zh_Hans_CN.res" 1927
"../../../Engine/Content/Internationalization/icudt64l/region/zh_CN.res" 1928
"../../../Engine/Content/Internationalization/icudt64l/region/zh_Hans_CN.res" 1929
"../../../Engine/Content/Internationalization/icudt64l/region/zh_Hans.res" 1930
"../../../Engine/Content/Internationalization/icudt64l/region/zh.res" 1931
"../../../Engine/Content/Internationalization/icudt64l/lang/zh_HK.res" 1932
"../../../Engine/Content/Internationalization/icudt64l/lang/zh_Hant_HK.res" 1933
"../../../Engine/Content/Internationalization/icudt64l/lang/zh_Hant.res" 1934
"../../../Engine/Content/Internationalization/icudt64l/region/zh_HK.res" 1935
"../../../Engine/Content/Internationalization/icudt64l/region/zh_Hant_HK.res" 1936
"../../../Engine/Content/Internationalization/icudt64l/region/zh_Hant.res" 1937
"../../../Engine/Content/Internationalization/icudt64l/lang/zh_MO.res" 1938
"../../../Engine/Content/Internationalization/icudt64l/lang/zh_Hant_MO.res" 1939
"../../../Engine/Content/Internationalization/icudt64l/region/zh_MO.res" 1940
"../../../Engine/Content/Internationalization/icudt64l/region/zh_Hant_MO.res" 1941
"../../../Engine/Content/Internationalization/icudt64l/lang/zh_SG.res" 1942
"../../../Engine/Content/Internationalization/icudt64l/lang/zh_Hans_SG.res" 1943
"../../../Engine/Content/Internationalization/icudt64l/region/zh_SG.res" 1944
"../../../Engine/Content/Internationalization/icudt64l/region/zh_Hans_SG.res" 1945
"../../../Engine/Content/Internationalization/icudt64l/lang/zh_TW.res" 1946
"../../../Engine/Content/Internationalization/icudt64l/lang/zh_Hant_TW.res" 1947
"../../../Engine/Content/Internationalization/icudt64l/region/zh_TW.res" 1948
"../../../Engine/Content/Internationalization/icudt64l/region/zh_Hant_TW.res" 1949
"../../../Engine/Content/Internationalization/icudt64l/lang/zu.res" 1950
"../../../Engine/Content/Internationalization/icudt64l/region/zu.res" 1951
"../../../Engine/Content/Internationalization/icudt64l/lang/no.res" 1952
"../../../Engine/Content/Internationalization/icudt64l/lang/tl.res" 1953
"../../../Engine/Config/Android/DataDrivenPlatformInfo.ini" 1954
"../../../Engine/Config/IOS/DataDrivenPlatformInfo.ini" 1955
"../../../Engine/Config/Linux/DataDrivenPlatformInfo.ini" 1956
"../../../Engine/Config/Mac/DataDrivenPlatformInfo.ini" 1957
"../../../Engine/Config/TVOS/DataDrivenPlatformInfo.ini" 1958
"../../../Engine/Config/Unix/DataDrivenPlatformInfo.ini" 1959
"../../../Engine/Config/VulkanPC/DataDrivenPlatformInfo.ini" 1960
"../../../Engine/Config/Windows/DataDrivenPlatformInfo.ini" 1961
"../../../Engine/Platforms/VisionOS/Config/DataDrivenPlatformInfo.ini" 1962
"../../../Engine/DerivedDataCache/Compressed.ddp" 1963
"C:/Users/lucas/AppData/Local/UnrealEngine/5.6/Saved/Zen/zen.version" 1964
"C:/Users/lucas/AppData/Local/UnrealEngine/Common/Zen/Install/zen.version" 1965
"C:/Users/lucas/AppData/Local/UnrealEngine/Common/Zen/Install/zenserver.runcontext" 1966
"C:/Users/lucas/AppData/Local/UnrealEngine/Common/DerivedDataCache/TestData/0/TestData_4kb.dat" 1967
"C:/Users/lucas/AppData/Local/UnrealEngine/Common/DerivedDataCache/TestData/1/TestData_4kb.dat" 1968
"C:/Users/lucas/AppData/Local/UnrealEngine/Common/DerivedDataCache/TestData/0/TestData_8kb.dat" 1969
"C:/Users/lucas/AppData/Local/UnrealEngine/Common/DerivedDataCache/TestData/1/TestData_8kb.dat" 1970
"C:/Users/lucas/AppData/Local/UnrealEngine/Common/DerivedDataCache/TestData/0/TestData_16kb.dat" 1971
"C:/Users/lucas/AppData/Local/UnrealEngine/Common/DerivedDataCache/TestData/1/TestData_16kb.dat" 1972
"C:/Users/lucas/AppData/Local/UnrealEngine/Common/DerivedDataCache/TestData/0/TestData_64kb.dat" 1973
"C:/Users/lucas/AppData/Local/UnrealEngine/Common/DerivedDataCache/TestData/1/TestData_64kb.dat" 1974
"C:/Users/lucas/AppData/Local/UnrealEngine/Common/DerivedDataCache/TestData/0/TestData_128kb.dat" 1975
"C:/Users/lucas/AppData/Local/UnrealEngine/Common/DerivedDataCache/TestData/1/TestData_128kb.dat" 1976
"C:/Users/lucas/AppData/Local/UnrealEngine/Common/DerivedDataCache/TestData/0/TestData_256kb.dat" 1977
"C:/Users/lucas/AppData/Local/UnrealEngine/Common/DerivedDataCache/TestData/1/TestData_256kb.dat" 1978
"C:/Users/lucas/AppData/Roaming/Unreal Engine/UnrealBuildTool/BuildConfiguration.xml" 1979
"../../../../../../Users/lucas/OneDrive/Documentos/Unreal Projects/TCC_Optimization/TCC/Intermediate/ShaderAutogen/PCD3D_SM6/AutogenShaderHeaders.ush" 1980
"../../../Engine/Shaders/Private/HairStrands/HairStrandsVertexFactory.ush" 1981
"../../../Engine/Shaders/Private/VertexFactoryCommon.ush" 1982
"../../../Engine/Shaders/Private/Common.ush" 1983
"../../../Engine/Shaders/Public/Platform.ush" 1984
"../../../Engine/Shaders/Public/FP16Math.ush" 1985
"../../../Engine/Shaders/Public/Platform/D3D/D3DCommon.ush" 1986
"../../../Engine/Shaders/Shared/HLSLReservedSpaces.h" 1987
"../../../Engine/Shaders/Public/BindlessResources.ush" 1988
"../../../Engine/Shaders/Public/Platform/D3D/PlatformBindlessResources.ush" 1989
"../../../Engine/Shaders/Shared/RayTracingBuiltInResources.h" 1990
"../../../Engine/Shaders/Shared/RayTracingDefinitions.h" 1991
"../../../Engine/Shaders/Public/OverloadMacros.ush" 1992
"../../../Engine/Shaders/Public/ShaderVersion.ush" 1993
"../../../Engine/Shaders/Shared/ThirdParty/NVIDIA/nvHLSLExtns.h" 1994
"../../../Engine/Shaders/Shared/ThirdParty/NVIDIA/nvHLSLExtnsInternal.h" 1995
"../../../Engine/Shaders/Shared/ThirdParty/NVIDIA/nvShaderExtnEnums.h" 1996
"../../../Engine/Shaders/Private/PackUnpack.ush" 1997
"../../../Engine/Shaders/Private/GeneratedUniformBufferTypes.ush" 1998
"../../../Engine/Shaders/Private/Nanite/NanitePackedNaniteView.ush" 1999
"../../../Engine/Shaders/Private/HairStrands/HairStrandsVisibilityCommonStruct.ush" 2000
"../../../Engine/Shaders/Private/HairStrands/HairStrandsVoxelPageCommonStruct.ush" 2001
"../../../Engine/Shaders/Private/HairStrands/HairStrandsDeepShadowCommonStruct.ush" 2002
"../../../Engine/Shaders/Shared/LightSceneData.h" 2003
"../../../Engine/Shaders/Shared/HLSLTypeAliases.h" 2004
"../../../Engine/Shaders/Private/LargeWorldCoordinates.ush" 2005
"../../../Engine/Shaders/Private/DoubleFloat.ush" 2006
"../../../Engine/Shaders/Private/RandomPCG.ush" 2007
"../../../Engine/Shaders/Private/DoubleFloatOperations.ush" 2008
"../../../Engine/Shaders/Private/DoubleFloatVectorDefinition.ush" 2009
"../../../Engine/Shaders/Private/LWCOperations.ush" 2010
"../../../Engine/Shaders/Shared/LightViewData.h" 2011
"../../../Engine/Shaders/Shared/RayTracingTypes.h" 2012
"../../../Engine/Shaders/Shared/HLSLStaticAssert.h" 2013
"../../../Engine/Shaders/Private/CommonViewUniformBuffer.ush" 2014
"../../../Engine/Shaders/Private/InstancedStereo.ush" 2015
"../../../Engine/Shaders/Private/Definitions.usf" 2016
"../../../Engine/Shaders/Private/AssertionMacros.ush" 2017
"../../../Engine/Shaders/Private/FastMath.ush" 2018
"../../../Engine/Shaders/Private/FastMathThirdParty.ush" 2019
"../../../Engine/Shaders/Private/Random.ush" 2020
"../../../Engine/Shaders/Private/RandomInterleavedGradientNoise.ush" 2021
"../../../Engine/Shaders/Private/SceneData.ush" 2022
"../../../Engine/Shaders/Private/OctahedralCommon.ush" 2023
"../../../Engine/Shaders/Private/WaveOpUtil.ush" 2024
"../../../Engine/Shaders/Private/ByteBuffer.ush" 2025
"../../../Engine/Shaders/Shared/SceneDefinitions.h" 2026
"../../../Engine/Shaders/Private/SceneDataMobileLoader.ush" 2027
"../../../Engine/Shaders/Private/LocalVertexFactoryCommon.ush" 2028
"../../../Engine/Shaders/Private/HairStrands/HairStrandsVisibilityCommon.ush" 2029
"../../../Engine/Shaders/Shared/HairStrandsDefinitions.h" 2030
"../../../Engine/Shaders/Private/HairStrands/HairStrandsVertexFactoryCommon.ush" 2031
"../../../Engine/Shaders/Private/HairStrands/HairStrandsPack.ush" 2032
"../../../Engine/Shaders/Private/HairStrands/HairStrandsAttributeCommon.ush" 2033
"../../../Engine/Shaders/Private/HairStrands/HairStrandsAttributeTemplate.ush" 2034
"../../../Engine/Shaders/Private/VertexFactoryDefaultInterface.ush" 2035
"../../../Engine/Shaders/Private/HairStrands/HairCardsVertexFactory.ush" 2036
"../../../Engine/Shaders/Private/HairStrands/HairCardsAttributeCommon.ush" 2037
"../../../Engine/Shaders/Private/RayTracing/RayTracingCommon.ush" 2038
"../../../Engine/Shaders/Private/ShadingCommon.ush" 2039
"../../../Engine/Shaders/Shared/RayTracingPayloadType.h" 2040
"../../../Engine/Shaders/Private/RayTracing/RayTracingRayCone.ush" 2041
"../../../Engine/Shaders/Private/Substrate/Substrate.ush" 2042
"../../../Engine/Shaders/Private/ShadingEnergyConservation.ush" 2043
"../../../Engine/Shaders/Private/ShadingEnergyConservationTemplate.ush" 2044
"../../../Engine/Shaders/Private/BRDF.ush" 2045
"../../../Engine/Shaders/Private/ColorSpace.ush" 2046
"../../../Engine/Shaders/Private/DeferredShadingCommon.ush" 2047
"../../../Engine/Shaders/Private/LightAccumulator.ush" 2048
"../../../Engine/Shaders/Private/SceneTexturesCommon.ush" 2049
"../../../Engine/Shaders/Private/MonteCarlo.ush" 2050
"../../../Engine/Shaders/Private/GBufferHelpers.ush" 2051
"../../../Engine/Shaders/Private/SceneTextureParameters.ush" 2052
"C:/Users/lucas/OneDrive/Documentos/Unreal Projects/TCC_Optimization/TCC/Intermediate/ShaderAutogen/PCD3D_SM6/AutogenShaderHeaders.ush" 2053
"../../../Engine/Shaders/Private/ParticipatingMediaCommon.ush" 2054
"../../../Engine/Shaders/Private/ThinFilmBSDF.ush" 2055
"../../../Engine/Shaders/Private/MortonCode.ush" 2056
"../../../Engine/Shaders/Private/SubsurfaceProfileCommon.ush" 2057
"../../../Engine/Shaders/Private/BurleyNormalizedSSSCommon.ush" 2058
"../../../Engine/Shaders/Private/GammaCorrectionCommon.ush" 2059
"../../../Engine/Shaders/Shared/SubstrateDefinitions.h" 2060
"../../../Engine/Shaders/Private/Substrate/SubstrateStatisticalOperators.ush" 2061
"../../../Engine/Shaders/Private/Substrate/SubstrateSubsurface.ush" 2062
"../../../Engine/Shaders/Private/TransmissionCommon.ush" 2063
"../../../Engine/Shaders/Private/Substrate/SubstrateExportCommon.ush" 2064
"../../../Engine/Shaders/Private/SpecularProfileCommon.ush" 2065
"../../../Engine/Shaders/Private/RayTracing/RayTracingCommonMetal.ush" 2066
"../../../Engine/Shaders/Private/PositionReconstructionCommon.ush" 2067
"../../../Engine/Shaders/Private/RayTracing/TraceRayInline.ush" 2068
"../../../Engine/Shaders/Private/RayTracing/TraceRayInlineCommon.ush" 2069
"../../../Engine/Shaders/Private/RayTracing/TraceRayInlineVulkan.ush" 2070
"../../../Engine/Shaders/Private/RayTracing/TraceRayInlineMetal.ush" 2071
"../../../Engine/Shaders/Private/RayTracing/TraceRayInlineD3D12.ush" 2072
"../../../Engine/Shaders/Private/RayTracing/RayTracingHitGroupCommon.ush" 2073
"../../../Engine/Shaders/Private/Nanite/NaniteRayTrace.ush" 2074
"../../../Engine/Shaders/Private/Nanite/NaniteDataDecode.ush" 2075
"../../../Engine/Shaders/Private/BitPacking.ush" 2076
"../../../Engine/Shaders/Private/BitStreamReaderImplementation.ush" 2077
"../../../Engine/Shaders/Private/BoneTransform.ush" 2078
"../../../Engine/Shaders/Private/Quaternion.ush" 2079
"../../../Engine/Shaders/Shared/NaniteDefinitions.h" 2080
"../../../Engine/Shaders/Shared/SkinningDefinitions.h" 2081
"../../../Engine/Shaders/Private/Nanite/NaniteAttributeDecode.ush" 2082
"../../../Engine/Shaders/Private/Barycentrics.ush" 2083
"../../../Engine/Shaders/Private/DualNumber.ush" 2084
"../../../Engine/Shaders/Shared/ThirdParty/RayTriangleIntersection.h" 2085
"../../../Engine/Shaders/Private/Nanite/NaniteVertexFetch.ush" 2086
"../../../Engine/Shaders/Private/Nanite/NaniteSceneCommon.ush" 2087
"../../../Engine/Plugins/FX/Niagara/Shaders/Private/NiagaraSpriteVertexFactory.ush" 2088
"../../../Engine/Shaders/Private/ParticleVertexFactoryCommon.ush" 2089
"../../../Engine/Plugins/FX/Niagara/Shaders/Private/NiagaraVFCommon.usf" 2090
"../../../Engine/Plugins/FX/Niagara/Shaders/Private/NiagaraVFParticleAccess.usf" 2091
"../../../Engine/Plugins/FX/Niagara/Shaders/Private/NiagaraParticleAccess.ush" 2092
"../../../Engine/Plugins/FX/Niagara/Shaders/Private/NiagaraRibbonVertexFactory.ush" 2093
"../../../Engine/Plugins/FX/Niagara/Shaders/Private/NiagaraMeshVertexFactory.ush" 2094
"../../../Engine/Plugins/FX/Niagara/Shaders/Private/NiagaraCommon.ush" 2095
"../../../Engine/Plugins/FX/Niagara/Shaders/Private/NiagaraMeshParticleUtils.ush" 2096
"../../../Engine/Shaders/Private/VectorFieldVisualizationVertexFactory.ush" 2097
"../../../Engine/Shaders/Private/Nanite/NaniteVertexFactory.ush" 2098
"../../../Engine/Shaders/Private/LightmapData.ush" 2099
"../../../Engine/Shaders/Private/SplineMeshCommon.ush" 2100
"../../../Engine/Shaders/Shared/SplineMeshShaderParams.h" 2101
"../../../Engine/Shaders/Private/ShaderPrint.ush" 2102
"../../../Engine/Shaders/Private/ShaderPrintCommon.ush" 2103
"../../../Engine/Shaders/Private/MiniFontCommon.ush" 2104
"../../../Engine/Shaders/Private/MaterialCache/MaterialCacheCommon.ush" 2105
"../../../Engine/Shaders/Shared/MaterialCacheDefinitions.h" 2106
"../../../Engine/Shaders/Private/Nanite/NaniteVertexDeformation.ush" 2107
"../../../Engine/Shaders/Private/ViewData.ush" 2108
"../../../Engine/Shaders/Shared/ViewDefinitions.h" 2109
"../../../Engine/Shaders/Private/Matrices.ush" 2110
"../../../Engine/Shaders/Private/ParticleSpriteVertexFactory.ush" 2111
"../../../Engine/Shaders/Private/ParticleGPUSpriteVertexFactory.ush" 2112
"../../../Engine/Shaders/Private/ParticleSimulationCommon.ush" 2113
"../../../Engine/Shaders/Private/ParticleBeamTrailVertexFactory.ush" 2114
"../../../Engine/Shaders/Private/MeshParticleVertexFactory.ush" 2115
"../../../Engine/Shaders/Private/LocalVertexFactory.ush" 2116
"../../../Engine/Shaders/Private/GpuSkinCommon.ush" 2117
"../../../Engine/Shaders/Private/GpuSkinVertexFactory.ush" 2118
"../../../Engine/Shaders/Private/GeometryCollectionVertexFactory.ush" 2119
"../../../Engine/Shaders/Private/GeometryCacheVertexFactory.ush" 2120
"../../../Engine/Shaders/Private/LandscapeVertexFactory.ush" 2121
"../../../Engine/Plugins/Experimental/Compositing/CompositeCore/Shaders/Private/CompositeCoreMerge.usf" 2122
"../../../Engine/Shaders/Private/ScreenPass.ush" 2123
"../../../Engine/Shaders/Private/LensDistortion.ush" 2124
"../../../Engine/Plugins/Experimental/Compositing/CompositeCore/Shaders/Private/CompositeCoreDisplayTransform.usf" 2125
"../../../Engine/Plugins/Experimental/Compositing/CompositeCore/Shaders/Private/CompositeCoreDilate.usf" 2126
"../../../Engine/Plugins/VirtualProduction/CameraCalibrationCore/Shaders/Private/CrosshairOverlay.usf" 2127
"../../../Engine/Plugins/VirtualProduction/CameraCalibrationCore/Shaders/Private/DisplacementMapBlending.usf" 2128
"../../../Engine/Plugins/VirtualProduction/CameraCalibrationCore/Shaders/Private/RecenterSTDisplacementMaps.usf" 2129
"../../../Engine/Plugins/VirtualProduction/CameraCalibrationCore/Shaders/Private/FillSTDisplacementMap.usf" 2130
"../../../Engine/Plugins/VirtualProduction/CameraCalibrationCore/Shaders/Private/InvertDisplacementMap.usf" 2131
"../../../Engine/Plugins/VirtualProduction/CameraCalibrationCore/Shaders/Private/CropDisplacementMap.usf" 2132
"../../../Engine/Plugins/VirtualProduction/CameraCalibrationCore/Shaders/Private/BlendDisplacementMaps.usf" 2133
"../../../Engine/Plugins/VirtualProduction/CameraCalibrationCore/Shaders/Private/DrawDisplacementMaps.usf" 2134
"../../../Engine/Plugins/VirtualProduction/CameraCalibrationCore/Shaders/Private/UndistortImagePoints.usf" 2135
"../../../Engine/Plugins/VirtualProduction/CameraCalibrationCore/Shaders/Private/DistortionSTMapProcessor.usf" 2136
"../../../Engine/Plugins/Media/WmfMedia/Shaders/Private/MediaHardwareVideoDecoding.usf" 2137
"../../../Engine/Shaders/Private/ColorUtils.ush" 2138
"../../../Engine/Plugins/Media/ImgMedia/Shaders/Private/ExrSwizzler.usf" 2139
"../../../Engine/Plugins/Enterprise/GLTFExporter/Shaders/Private/SimpleTexture2DPS.usf" 2140
"../../../Engine/Shaders/Private/SimpleElementNormalMapPixelShader.usf" 2141
"../../../Engine/Plugins/Experimental/NFORDenoise/Shaders/NFORDenoise.usf" 2142
"../../../Engine/Plugins/Experimental/NFORDenoise/Shaders/NFORRegressionCommon.ush" 2143
"../../../Engine/Plugins/Experimental/NFORDenoise/Shaders/NFORRegression.ush" 2144
"../../../Engine/Plugins/Runtime/HairStrands/Shaders/Private/NiagaraCopyVelocityGrid.usf" 2145
"../../../Engine/Plugins/Runtime/HairStrands/Shaders/Private/NiagaraClearVelocityGrid.usf" 2146
"../../../Engine/Plugins/Runtime/HairStrands/Shaders/Private/NiagaraClearPressureGrid.usf" 2147
"../../../Engine/Plugins/Runtime/HairStrands/Shaders/Private/NiagaraInterpolateGroomGuides.usf" 2148
"../../../Engine/Plugins/Runtime/HairStrands/Shaders/Private/NiagaraGroomInterpolationUtils.ush" 2149
"../../../Engine/Plugins/FX/Niagara/Shaders/Private/NiagaraQuaternionUtils.ush" 2150
"../../../Engine/Shaders/Private/HairStrands/HairStrandsMesh.usf" 2151
"../../../Engine/Shaders/Private/HairStrands/HairStrandsBindingCommon.ush" 2152
"../../../Engine/Shaders/Private/HairStrands/HairStrandsFollicleMask.usf" 2153
"../../../Engine/Shaders/Private/HairStrands/HairStrandsSkinUpdate.usf" 2154
"../../../Engine/Shaders/Private/HairStrands/HairStrandsClusterCulling.usf" 2155
"../../../Engine/Shaders/Private/ColorMap.ush" 2156
"../../../Engine/Shaders/Private/HairStrands/HairStrandsAABBCommon.ush" 2157
"../../../Engine/Shaders/Private/HairStrands/HairStrandsClusterCommon.ush" 2158
"../../../Engine/Shaders/Private/ThreadGroupPrefixSum.ush" 2159
"../../../Engine/Shaders/Private/HairStrands/HairStrandsRaytracingGeometry.usf" 2160
"../../../Engine/Shaders/Private/HairStrands/HairStrandsTangent.usf" 2161
"../../../Engine/Shaders/Private/HairStrands/HairCardsDeformation.usf" 2162
"../../../Engine/Shaders/Private/HairStrands/HairStrandsInterpolation.usf" 2163
"../../../Engine/Shaders/Private/HairStrands/HairStrandsGuideDeform.usf" 2164
"../../../Engine/Shaders/Private/HairStrands/HairStrandsTexturesGeneration.usf" 2165
"../../../Engine/Shaders/Private/HairStrands/HairCardsTextureCommon.ush" 2166
"../../../Engine/Shaders/Private/HairStrands/HairStrandsTranscode.usf" 2167
"../../../Engine/Shaders/Private/HairStrands/HairStrandsDebug.usf" 2168
"../../../Engine/Shaders/Private/HairShadingCommon.ush" 2169
"../../../Engine/Shaders/Private/PostProcessCommon.ush" 2170
"../../../Engine/Shaders/Private/ShadingModels.ush" 2171
"../../../Engine/Shaders/Private/CapsuleLight.ush" 2172
"../../../Engine/Shaders/Private/RectLight.ush" 2173
"../../../Engine/Shaders/Private/LightData.ush" 2174
"../../../Engine/Shaders/Shared/LightDefinitions.h" 2175
"../../../Engine/Shaders/Private/AreaLightCommon.ush" 2176
"../../../Engine/Shaders/Private/HairBsdf.ush" 2177
"../../../Engine/Shaders/Private/MobileGGX.ush" 2178
"../../../Engine/Shaders/Private/HairStrands/HairStrandsCommon.ush" 2179
"../../../Engine/Shaders/Private/HairStrands/HairStrandsEnvironmentLightingCommon.ush" 2180
"../../../Engine/Shaders/Private/HairStrands/HairStrandsDeepTransmittanceCommon.ush" 2181
"../../../Engine/Shaders/Private/HairStrands/HairStrandsDeepTransmittanceDualScattering.ush" 2182
"../../../Engine/Shaders/Private/HairStrands/HairStrandsDeepShadowCommon.ush" 2183
"../../../Engine/Shaders/Private/HairStrands/HairStrandsDebugCommonStruct.ush" 2184
"../../../Engine/Plugins/FX/Niagara/Shaders/Private/NiagaraVertexFactoryExport.usf" 2185
"../../../Engine/Shaders/Private/ComputeShaderUtils.ush" 2186
"../../../Engine/Shaders/Private/MaterialTemplate.ush" 2187
"../../../Engine/Shaders/Private/WorldSpaceMath.ush" 2188
"../../../Engine/Shaders/Private/EyeAdaptationCommon.ush" 2189
"../../../Engine/Shaders/Private/SobolRandom.ush" 2190
"../../../Engine/Shaders/Private/DepthOfFieldCommon.ush" 2191
"../../../Engine/Shaders/Private/CircleDOFCommon.ush" 2192
"../../../Engine/Shaders/Private/DistanceField/GlobalDistanceFieldShared.ush" 2193
"../../../Engine/Shaders/Private/PhysicsFieldSampler.ush" 2194
"../../../Engine/Shaders/Private/PhysicsFieldShared.ush" 2195
"../../../Engine/Shaders/Private/SparseVolumeTexture/SparseVolumeTextureCommon.ush" 2196
"../../../Engine/Shaders/Shared/EnvironmentComponentsFlags.h" 2197
"../../../Engine/Shaders/Private/MeshPaintTextureCommon.ush" 2198
"../../../Engine/Shaders/Private/VirtualTextureMaterial.ush" 2199
"../../../Engine/Shaders/Private/MaterialCache/MaterialCacheMaterialCommon.ush" 2200
"../../../Engine/Shaders/Private/MaterialCache/MaterialCacheABuffer.ush" 2201
"../../../Engine/Shaders/Private/SpeedTreeCommon.ush" 2202
"../../../Engine/Shaders/Private/VirtualTextureCommon.ush" 2203
"../../../Engine/Shaders/Private/MaterialTexture.ush" 2204
"../../../Engine/Shaders/Private/MinMaterialTexCoords.ush" 2205
"../../../Engine/Shaders/Private/SkyAtmosphereCommon.ush" 2206
"../../../Engine/Shaders/Private/SingleLayerWaterCommon.ush" 2207
"../../../Engine/Shaders/Private/TextureSampling.ush" 2208
"../../../Engine/Shaders/Private/PaniniProjection.ush" 2209
"../../../Engine/Shaders/Private/DBufferNormalReprojection.ush" 2210
"../../../Engine/Shaders/Public/SubstratePublic.ush" 2211
"../../../Engine/Shaders/Private/Substrate/SubstrateTree.ush" 2212
"../../../Engine/Shaders/Private/Substrate/SubstrateEvaluation.ush" 2213
"../../../Engine/Shaders/Private/Substrate/Glint/GlintThirdParty.ush" 2214
"../../../Engine/Shaders/Private/BlueNoise.ush" 2215
"../../../Engine/Shaders/Private/SHCommon.ush" 2216
"../../../Engine/Shaders/Private/ShadingModelsSampling.ush" 2217
"../../../Engine/Shaders/Private/HairStrands/HairBsdfSample.ush" 2218
"../../../Engine/Shaders/Private/Substrate/SubstrateLegacyConversion.ush" 2219
"../../../Engine/Shaders/Private/DBufferDecalShared.ush" 2220
"../../../Engine/Plugins/FX/Niagara/Shaders/Private/NiagaraSortKeyGen.usf" 2221
"../../../Engine/Plugins/FX/Niagara/Shaders/Private/NiagaraGPURayTracingTransforms.usf" 2222
"../../../Engine/Plugins/FX/Niagara/Shaders/Private/NiagaraDrawIndirectArgsGen.usf" 2223
"../../../Engine/Plugins/FX/Niagara/Shaders/Private/NiagaraDispatchIndirectArgsGen.usf" 2224
"../../../Engine/Plugins/FX/Niagara/Shaders/Private/Stateless/NiagaraStatelessSimulationDefault.usf" 2225
"../../../Engine/Plugins/FX/Niagara/Shaders/Private/Stateless/NiagaraStatelessSimulationTemplate.ush" 2226
"../../../Engine/Plugins/FX/Niagara/Shaders/Private/Stateless/NiagaraStatelessCommon.ush" 2227
"../../../Engine/Plugins/FX/Niagara/Shaders/Shared/NiagaraStatelessDefinitions.h" 2228
"../../../Engine/Plugins/FX/Niagara/Shaders/Shared/NiagaraStatelessBuiltDistribution.h" 2229
"../../../Engine/Plugins/FX/Niagara/Shaders/Private/Stateless/NiagaraStatelessDistribution.ush" 2230
"../../../Engine/Plugins/FX/Niagara/Shaders/Private/Stateless/Modules/NiagaraStatelessModule_CalculateAccurateVelocity.ush" 2231
"../../../Engine/Plugins/FX/Niagara/Shaders/Private/Stateless/Modules/NiagaraStatelessModule_CameraOffset.ush" 2232
"../../../Engine/Plugins/FX/Niagara/Shaders/Private/Stateless/Modules/NiagaraStatelessModule_DynamicMaterialParameters.ush" 2233
"../../../Engine/Plugins/FX/Niagara/Shaders/Private/Stateless/Modules/NiagaraStatelessModule_InitializeParticle.ush" 2234
"../../../Engine/Plugins/FX/Niagara/Shaders/Private/Stateless/Modules/NiagaraStatelessModule_InitialMeshOrientation.ush" 2235
"../../../Engine/Plugins/FX/Niagara/Shaders/Private/Stateless/Modules/NiagaraStatelessModule_MeshIndex.ush" 2236
"../../../Engine/Plugins/FX/Niagara/Shaders/Private/Stateless/Modules/NiagaraStatelessModule_MeshRotationRate.ush" 2237
"../../../Engine/Plugins/FX/Niagara/Shaders/Private/Stateless/Modules/NiagaraStatelessModule_RotateAroundPoint.ush" 2238
"../../../Engine/Plugins/FX/Niagara/Shaders/Private/Stateless/Modules/NiagaraStatelessModule_ShapeLocation.ush" 2239
"../../../Engine/Plugins/FX/Niagara/Shaders/Private/Stateless/Modules/NiagaraStatelessModule_ScaleColor.ush" 2240
"../../../Engine/Plugins/FX/Niagara/Shaders/Private/Stateless/Modules/NiagaraStatelessModule_ScaleRibbonWidth.ush" 2241
"../../../Engine/Plugins/FX/Niagara/Shaders/Private/Stateless/Modules/NiagaraStatelessModule_ScaleSpriteSize.ush" 2242
"../../../Engine/Plugins/FX/Niagara/Shaders/Private/Stateless/Modules/NiagaraStatelessModule_ScaleSpriteSizeBySpeed.ush" 2243
"../../../Engine/Plugins/FX/Niagara/Shaders/Private/Stateless/Modules/NiagaraStatelessModule_ScaleMeshSize.ush" 2244
"../../../Engine/Plugins/FX/Niagara/Shaders/Private/Stateless/Modules/NiagaraStatelessModule_ScaleMeshSizebySpeed.ush" 2245
"../../../Engine/Plugins/FX/Niagara/Shaders/Private/Stateless/Modules/NiagaraStatelessModule_SolveVelocitiesAndForces.ush" 2246
"../../../Engine/Plugins/FX/Niagara/Shaders/Private/Stateless/Modules/NiagaraStatelessModule_SpriteFacingAndAlignment.ush" 2247
"../../../Engine/Plugins/FX/Niagara/Shaders/Private/Stateless/Modules/NiagaraStatelessModule_SpriteRotationRate.ush" 2248
"../../../Engine/Plugins/FX/Niagara/Shaders/Private/Stateless/Modules/NiagaraStatelessModule_SubUVAnimation.ush" 2249
"../../../Engine/Plugins/FX/Niagara/Shaders/Private/NiagaraBlendSVTsToDenseBuffer.usf" 2250
"../../../Engine/Plugins/FX/Niagara/Shaders/Private/NiagaraSVTToDenseBuffer.usf" 2251
"../../../Engine/Plugins/FX/Niagara/Shaders/Private/NiagaraFillIntBuffer.usf" 2252
"../../../Engine/Plugins/FX/Niagara/Shaders/Private/NiagaraComputeFreeIDs.usf" 2253
"../../../Engine/Plugins/FX/Niagara/Shaders/Private/NiagaraInitFreeIDBuffer.usf" 2254
"../../../Engine/Plugins/FX/Niagara/Shaders/Private/NiagaraEmitterInstanceShader.usf" 2255
"../../../Engine/Plugins/FX/Niagara/Shaders/Private/NiagaraShaderVersion.ush" 2256
"../../../Engine/Plugins/FX/Niagara/Shaders/Private/NiagaraPhysicsCommon.ush" 2257
"../../../Engine/Plugins/FX/Niagara/Shaders/Private/Ribbons/NiagaraRibbonAggregationApply.usf" 2258
"../../../Engine/Plugins/FX/Niagara/Shaders/Private/Ribbons/NiagaraRibbonCommon.ush" 2259
"../../../Engine/Plugins/FX/Niagara/Shaders/Private/Ribbons/NiagaraRibbonAggregationStep.usf" 2260
"../../../Engine/Plugins/FX/Niagara/Shaders/Private/Ribbons/NiagaraRibbonGenerateIndices.usf" 2261
"../../../Engine/Plugins/FX/Niagara/Shaders/Private/Ribbons/NiagaraRibbonInitializeIndices.usf" 2262
"../../../Engine/Plugins/FX/Niagara/Shaders/Private/Ribbons/NiagaraRibbonRibbonUVParamCalculation.usf" 2263
"../../../Engine/Plugins/FX/Niagara/Shaders/Private/Ribbons/NiagaraRibbonVertexReductionFinalization.usf" 2264
"../../../Engine/Plugins/FX/Niagara/Shaders/Private/Ribbons/NiagaraRibbonVertexReductionInitialization.usf" 2265
"../../../Engine/Plugins/FX/Niagara/Shaders/Private/Ribbons/NiagaraRibbonSortParticles.usf" 2266
"../../../Engine/Plugins/FX/Niagara/Shaders/Private/NiagaraLWCHelper.usf" 2267
"../../../Engine/Plugins/FX/Niagara/Shaders/Private/NiagaraUpdateMeshGPUSceneInstances.usf" 2268
"../../../Engine/Shaders/Private/GPUScene/GPUSceneWriter.ush" 2269
"../../../Engine/Plugins/FX/Niagara/Shaders/Private/NiagaraGenerateMips.usf" 2270
"../../../Engine/Plugins/FX/Niagara/Shaders/Private/NiagaraDebugDraw.usf" 2271
"../../../Engine/Plugins/FX/Niagara/Shaders/Private/NiagaraDebugDraw.ush" 2272
"../../../Engine/Plugins/FX/Niagara/Shaders/Private/NiagaraVisualizeTexture.usf" 2273
"../../../Engine/Plugins/FX/Niagara/Shaders/Private/NiagaraClearCounts.usf" 2274
"../../../Engine/Plugins/FX/Niagara/Shaders/Private/NiagaraBatchedElements.usf" 2275
"../../../Engine/Plugins/FX/Niagara/Shaders/Private/NiagaraRayTracingShaders.usf" 2276
"../../../Engine/Plugins/FX/Niagara/Shaders/Private/NiagaraAsyncGpuTraceCommon.ush" 2277
"../../../Engine/Shaders/Private/HashTable.ush" 2278
"../../../Engine/Shaders/Private/Hash.ush" 2279
"../../../Engine/Shaders/Private/RayTracing/VFXTraceRay.ush" 2280
"../../../Engine/Plugins/FX/Niagara/Shaders/Private/NiagaraRayMarchingShaders.usf" 2281
"../../../Engine/Plugins/FX/Niagara/Shaders/Private/NiagaraRayTraceCollisionGroupShaders.usf" 2282
"../../../Engine/Plugins/FX/Niagara/Shaders/Private/NiagaraAsyncGpuTraceUtils.usf" 2283
"../../../Engine/Plugins/Runtime/ComputeFramework/Shaders/Private/ComputeKernel.usf" 2284
"../../../Engine/Plugins/Runtime/ComputeFramework/Shaders/Private/ComputeKernelCommon.ush" 2285
"../../../Engine/Plugins/NNE/NNEDenoiser/Shaders/NNEDenoiserShadersTransferFunctionOidn.usf" 2286
"../../../Engine/Plugins/NNE/NNEDenoiser/Shaders/NNEDenoiserShadersMappedCopy.usf" 2287
"../../../Engine/Plugins/NNE/NNEDenoiser/Shaders/NNEDenoiserShadersDefaultIOProcess.usf" 2288
"../../../Engine/Plugins/NNE/NNEDenoiser/Shaders/NNEDenoiserShadersAutoExposureReduceFinal.usf" 2289
"../../../Engine/Plugins/NNE/NNEDenoiser/Shaders/NNEDenoiserShadersAutoExposureReduce.usf" 2290
"../../../Engine/Plugins/NNE/NNEDenoiser/Shaders/NNEDenoiserShadersAutoExposureDownsample.usf" 2291
"../../../Engine/Shaders/Private/VirtualTextureAdapter.usf" 2292
"../../../Engine/Shaders/Private/BlockCompressionCommon.ush" 2293
"../../../Engine/Shaders/Private/BCCompressionCommon.ush" 2294
"../../../Engine/Shaders/Private/TranslucentLightingShaders.usf" 2295
"../../../Engine/Shaders/Private/CubemapCommon.ush" 2296
"../../../Engine/Shaders/Private/VectorFieldCompositeShaders.usf" 2297
"../../../Engine/Shaders/Private/UpdateTextureShaders.usf" 2298
"../../../Engine/Shaders/Private/StereoLayerShader.usf" 2299
"../../../Engine/Shaders/Private/SparseVolumeTexture/UpdateSparseVolumeTexture.usf" 2300
"../../../Engine/Shaders/Private/MorphTargets.usf" 2301
"../../../Engine/Shaders/Private/SimpleElementColorChannelMaskPixelShader.usf" 2302
"../../../Engine/Shaders/Private/SimpleElementHitProxyPixelShader.usf" 2303
"../../../Engine/Shaders/Private/SimpleElementPixelShader.usf" 2304
"../../../Engine/Shaders/Private/IESLightProfilesCommon.ush" 2305
"../../../Engine/Shaders/Private/SimpleElementVertexShader.usf" 2306
"../../../Engine/Shaders/Private/ScreenPixelShaderOES.usf" 2307
"../../../Engine/Shaders/Private/ScreenVertexShader.usf" 2308
"../../../Engine/Shaders/Private/ScreenPixelShader.usf" 2309
"../../../Engine/Shaders/Private/SSProfilePreIntegratedMobile.usf" 2310
"../../../Engine/Shaders/Private/SpecularProfile.usf" 2311
"../../../Engine/Shaders/Private/Nanite/NaniteStreaming.usf" 2312
"../../../Engine/Shaders/Private/Nanite/NaniteStreaming.ush" 2313
"../../../Engine/Shaders/Private/Nanite/NaniteTranscode.usf" 2314
"../../../Engine/Shaders/Private/VolumetricLightmapStreaming.usf" 2315
"../../../Engine/Shaders/Private/PhysicsFieldReset.usf" 2316
"../../../Engine/Shaders/Private/PhysicsFieldBuilder.usf" 2317
"../../../Engine/Shaders/Private/PhysicsFieldEval.ush" 2318
"../../../Engine/Shaders/Private/ParticleSortKeyGen.usf" 2319
"../../../Engine/Shaders/Private/ParticleBoundsShader.usf" 2320
"../../../Engine/Shaders/Private/ParticleSimVisualizeShader.usf" 2321
"../../../Engine/Shaders/Private/ParticleInjectionShader.usf" 2322
"../../../Engine/Shaders/Private/ParticleSimulationShader.usf" 2323
"../../../Engine/Shaders/Private/ParticleCurveInjectionShader.usf" 2324
"../../../Engine/Shaders/Private/CopyUIntBuffer.usf" 2325
"../../../Engine/Shaders/Private/RadixSortShaders.usf" 2326
"../../../Engine/Shaders/Private/RecomputeTangentsPerVertexPass.usf" 2327
"../../../Engine/Shaders/Private/RecomputeTangentsCommon.ush" 2328
"../../../Engine/Shaders/Private/RecomputeTangentsPerTrianglePass.usf" 2329
"../../../Engine/Shaders/Private/GpuSkinCacheComputeShader.usf" 2330
"../../../Engine/Shaders/Private/HeightFieldAtlasManagement.usf" 2331
"../../../Engine/Shaders/Private/Landscape/LandscapeEditLayersUtils.usf" 2332
"../../../Engine/Shaders/Private/Landscape/LandscapeCommon.ush" 2333
"../../../Engine/Shaders/Private/Landscape/LandscapeEditLayersWeightmaps.usf" 2334
"../../../Engine/Shaders/Private/Landscape/LandscapeEditLayersHeightmaps.usf" 2335
"../../../Engine/Shaders/Private/Landscape/LandscapeLayersWeightmapsPS.usf" 2336
"../../../Engine/Shaders/Private/Landscape/LandscapeLayersHeightmapsPS.usf" 2337
"../../../Engine/Shaders/Private/LandscapeLayersCS.usf" 2338
"../../../Engine/Shaders/Private/LandscapeLayersPS.usf" 2339
"../../../Engine/Shaders/Private/LandscapeLayersVS.usf" 2340
"../../../Engine/Shaders/Private/LandscapePhysicalMaterial.usf" 2341
"../../../Engine/Shaders/Private/LandscapeGrassWeight.usf" 2342
"../../../Engine/Shaders/Private/Landscape/LandscapeCulling.usf" 2343
"../../../Engine/Shaders/Private/Nanite/NaniteHZBCull.ush" 2344
"../../../Engine/Shaders/Private/HZB.ush" 2345
"../../../Engine/Shaders/Private/Landscape/LandscapeMergeTexturesPS.usf" 2346
"../../../Engine/Shaders/Private/WideCustomResolveShaders.usf" 2347
"../../../Engine/Shaders/Private/WideCustomResolve_Wide.ush" 2348
"../../../Engine/Shaders/Private/WideCustomResolve_Wider.ush" 2349
"../../../Engine/Shaders/Private/WideCustomResolve_Widest.ush" 2350
"../../../Engine/Shaders/Private/WaterInfoTextureBlur.usf" 2351
"../../../Engine/Shaders/Private/WaterInfoTextureMerge.usf" 2352
"../../../Engine/Shaders/Private/PageTableUpdate.usf" 2353
"../../../Engine/Shaders/Private/VirtualTextureCompress.usf" 2354
"../../../Engine/Shaders/Private/ASTCCompressionCommon.ush" 2355
"../../../Engine/Shaders/Private/IntegerSequenceEncoding.ush" 2356
"../../../Engine/Shaders/Private/ETCCompressionCommon.ush" 2357
"../../../Engine/Shaders/Private/VirtualTextureMaterial.usf" 2358
"../../../Engine/Shaders/Private/PixelShaderOutputCommon.ush" 2359
"../../../Engine/Shaders/Private/ShaderOutputCommon.ush" 2360
"../../../Engine/Shaders/Private/VolumetricRenderTarget.usf" 2361
"../../../Engine/Shaders/Private/HeightFogCommon.ush" 2362
"../../../Engine/Shaders/Private/LocalFogVolumes/LocalFogVolumeCommon.ush" 2363
"../../../Engine/Shaders/Private/ReflectionEnvironmentShared.ush" 2364
"../../../Engine/Shaders/Private/VolumetricFogVoxelization.usf" 2365
"../../../Engine/Shaders/Private/VolumetricCloudMaterialPixelCommon.ush" 2366
"../../../Engine/Shaders/Private/VolumetricFogLightFunction.usf" 2367
"../../../Engine/Shaders/Private/LightFunctionCommon.ush" 2368
"../../../Engine/Shaders/Private/VolumetricFog.usf" 2369
"../../../Engine/Shaders/Private/DeferredLightingCommon.ush" 2370
"../../../Engine/Shaders/Private/DynamicLightingCommon.ush" 2371
"../../../Engine/Shaders/Private/CapsuleLightIntegrate.ush" 2372
"../../../Engine/Shaders/Private/CapsuleLightSampling.ush" 2373
"../../../Engine/Shaders/Private/RectLightIntegrate.ush" 2374
"../../../Engine/Shaders/Private/ScreenSpaceShadowRayCast.ush" 2375
"../../../Engine/Shaders/Private/LightFunctionAtlas/LightFunctionAtlasCommon.usf" 2376
"../../../Engine/Shaders/Private/HeterogeneousVolumes/HeterogeneousVolumesAdaptiveVolumetricShadowMapSampling.ush" 2377
"../../../Engine/Shaders/Private/HeterogeneousVolumes/HeterogeneousVolumesAdaptiveVolumetricShadowMapUtils.ush" 2378
"../../../Engine/Shaders/Private/HeterogeneousVolumes/HeterogeneousVolumesRayMarchingUtils.ush" 2379
"../../../Engine/Shaders/Private/HeterogeneousVolumes/HeterogeneousVolumesRayMarchingTypes.ush" 2380
"../../../Engine/Shaders/Private/PathTracing/Utilities/PathTracingRandomSequence.ush" 2381
"../../../Engine/Shaders/Private/HeterogeneousVolumes/HeterogeneousVolumesTracingUtils.ush" 2382
"../../../Engine/Shaders/Private/VelocityCommon.ush" 2383
"../../../Engine/Shaders/Private/HeterogeneousVolumes/HeterogeneousVolumesTransmittanceVolumeUtils.ush" 2384
"../../../Engine/Shaders/Private/ForwardShadowingCommon.ush" 2385
"../../../Engine/Shaders/Private/ShadowFilteringCommon.ush" 2386
"../../../Engine/Shaders/Private/PixelQuadMessagePassing.ush" 2387
"../../../Engine/Shaders/Private/VolumeLightingCommon.ush" 2388
"../../../Engine/Shaders/Private/ShadowProjectionCommon.ush" 2389
"../../../Engine/Shaders/Private/VolumeLightingCommonSampling.ush" 2390
"../../../Engine/Shaders/Private/Lumen/LumenTranslucencyVolumeShared.ush" 2391
"../../../Engine/Shaders/Private/Lumen/LumenRadianceCacheInterpolation.ush" 2392
"../../../Engine/Shaders/Private/HeterogeneousVolumes/HeterogeneousVolumesAdaptiveVolumetricShadowMapSampler.ush" 2393
"../../../Engine/Shaders/Private/LightGridCommon.ush" 2394
"../../../Engine/Shaders/Private/DistanceFieldAOShared.ush" 2395
"../../../Engine/Shaders/Private/IntersectionUtils.ush" 2396
"../../../Engine/Shaders/Private/VolumetricLightmapShared.ush" 2397
"../../../Engine/Shaders/Private/LightDataUniforms.ush" 2398
"../../../Engine/Shaders/Private/VirtualShadowMaps/VirtualShadowMapProjectionCommon.ush" 2399
"../../../Engine/Shaders/Private/VirtualShadowMaps/VirtualShadowMapPageAccessCommon.ush" 2400
"../../../Engine/Shaders/Shared/VirtualShadowMapDefinitions.h" 2401
"../../../Engine/Shaders/Shared/HLSLMathAliases.h" 2402
"../../../Engine/Shaders/Private/VirtualShadowMaps/VirtualShadowMapProjectionStructs.ush" 2403
"../../../Engine/Shaders/Private/VolumetricCloudCommon.ush" 2404
"../../../Engine/Shaders/Private/VolumetricCloud.usf" 2405
"../../../Engine/Shaders/Private/VisualizeVolumetricLightmap.usf" 2406
"../../../Engine/Shaders/Private/VirtualShadowMaps/VirtualShadowMapProjectionComposite.usf" 2407
"../../../Engine/Shaders/Private/LightShaderParameters.ush" 2408
"../../../Engine/Shaders/Private/VirtualShadowMaps/VirtualShadowMapMaskBitsCommon.ush" 2409
"../../../Engine/Shaders/Private/VirtualShadowMaps/VirtualShadowMapLightGrid.ush" 2410
"../../../Engine/Shaders/Private/VirtualShadowMaps/VirtualShadowMapProjection.usf" 2411
"../../../Engine/Shaders/Private/Visualization.ush" 2412
"../../../Engine/Shaders/Private/VirtualShadowMaps/VirtualShadowMapProjectionFilter.ush" 2413
"../../../Engine/Shaders/Private/VirtualShadowMaps/VirtualShadowMapProjectionDirectional.ush" 2414
"../../../Engine/Shaders/Private/VirtualShadowMaps/VirtualShadowMapSMRTCommon.ush" 2415
"../../../Engine/Shaders/Private/VirtualShadowMaps/VirtualShadowMapSMRTTemplate.ush" 2416
"../../../Engine/Shaders/Private/VirtualShadowMaps/VirtualShadowMapProjectionSpot.ush" 2417
"../../../Engine/Shaders/Private/VirtualShadowMaps/VirtualShadowMapTransmissionCommon.ush" 2418
"../../../Engine/Shaders/Private/VirtualShadowMaps/VirtualShadowMapScreenRayTrace.ush" 2419
"../../../Engine/Shaders/Private/VirtualShadowMaps/VirtualShadowMapStats.ush" 2420
"../../../Engine/Shaders/Private/HairStrands/HairStrandsVoxelPageCommon.ush" 2421
"../../../Engine/Shaders/Private/HairStrands/HairStrandsVoxelPageTraversal.ush" 2422
"../../../Engine/Shaders/Private/VirtualShadowMaps/VirtualShadowMapCacheGPUInvalidation.usf" 2423
"../../../Engine/Shaders/Private/VirtualShadowMaps/VirtualShadowMapPageCacheCommon.ush" 2424
"../../../Engine/Shaders/Private/VirtualShadowMaps/VirtualShadowMapCacheInvalidation.ush" 2425
"../../../Engine/Shaders/Private/VirtualShadowMaps/VirtualShadowMapPageOverlap.ush" 2426
"../../../Engine/Shaders/Private/ScreenSpaceDenoise/SSDDefinitions.ush" 2427
"../../../Engine/Shaders/Private/InstanceCulling/InstanceCullingLoadBalancer.ush" 2428
"../../../Engine/Shaders/Private/VirtualShadowMaps/VirtualShadowMapCacheLoadBalancer.usf" 2429
"../../../Engine/Shaders/Private/VirtualShadowMaps/VirtualShadowMapCopyStats.usf" 2430
"../../../Engine/Shaders/Private/VirtualShadowMaps/VirtualShadowMapDebug.usf" 2431
"../../../Engine/Shaders/Private/VirtualShadowMaps/Desaturate.usf" 2432
"../../../Engine/Shaders/Private/VirtualShadowMaps/VirtualShadowMapPhysicalPageManagement.usf" 2433
"../../../Engine/Shaders/Private/ReductionCommon.ush" 2434
"../../../Engine/Shaders/Private/GPUMessaging.ush" 2435
"../../../Engine/Shaders/Private/VirtualShadowMaps/VirtualShadowMapPerPageDispatch.ush" 2436
"../../../Engine/Shaders/Private/VirtualShadowMaps/VirtualShadowMapCompactViews.usf" 2437
"../../../Engine/Shaders/Shared/SceneCullingDefinitions.h" 2438
"../../../Engine/Shaders/Private/VirtualShadowMaps/VirtualShadowMapBuildPerPageDrawCommands.usf" 2439
"../../../Engine/Shaders/Private/Nanite/NaniteCullingCommon.ush" 2440
"../../../Engine/Shaders/Private/Nanite/NaniteCulling.ush" 2441
"../../../Engine/Shaders/Private/Nanite/NaniteHierarchyTraversalCommon.ush" 2442
"../../../Engine/Shaders/Private/InstanceCulling/InstanceCullingCommon.ush" 2443
"../../../Engine/Shaders/Shared/InstanceCullingDefinitions.h" 2444
"../../../Engine/Shaders/Private/VirtualShadowMaps/VirtualShadowMapPrintStats.usf" 2445
"../../../Engine/Shaders/Private/VirtualShadowMaps/VirtualShadowMapPageManagement.usf" 2446
"../../../Engine/Shaders/Private/VirtualShadowMaps/VirtualShadowMapPageMarking.usf" 2447
"../../../Engine/Shaders/Shared/SingleLayerWaterDefinitions.h" 2448
"../../../Engine/Shaders/Private/HairStrands/HairStrandsTileCommon.ush" 2449
"../../../Engine/Shaders/Private/Froxel/Froxel.ush" 2450
"../../../Engine/Shaders/Shared/FroxelDefinitions.h" 2451
"../../../Engine/Shaders/Private/DiaphragmDOF/DOFCommon.ush" 2452
"../../../Engine/Shaders/Private/VariableRateShading/VRSShadingRatePreview.usf" 2453
"../../../Engine/Shaders/Private/VariableRateShading/VRSShadingRateCommon.ush" 2454
"../../../Engine/Shaders/Private/VariableRateShading/VRSShadingRateCombine.usf" 2455
"../../../Engine/Shaders/Private/VariableRateShading/VRSShadingRateFoveated.usf" 2456
"../../../Engine/Shaders/Private/VariableRateShading/VRSShadingRateReproject.usf" 2457
"../../../Engine/Shaders/Private/VariableRateShading/VRSShadingRateCalculate.usf" 2458
"../../../Engine/Shaders/Private/TranslucencyUpsampling.usf" 2459
"../../../Engine/Shaders/Private/ComposeSeparateTranslucency.usf" 2460
"../../../Engine/Shaders/Private/SeparateTranslucency.ush" 2461
"../../../Engine/Shaders/Private/TranslucentLightInjectionShaders.usf" 2462
"../../../Engine/Shaders/Private/TranslucentShadowDepthShaders.usf" 2463
"../../../Engine/Shaders/Private/ShadowDepthCommon.ush" 2464
"../../../Engine/Shaders/Private/RayTracing/RayTracingTest.usf" 2465
"../../../Engine/Shaders/Private/PostprocessSubsurfaceTile.usf" 2466
"../../../Engine/Shaders/Private/PostProcessSubsurfaceCommon.ush" 2467
"../../../Engine/Shaders/Private/Substrate/SubstrateVisualize.usf" 2468
"../../../Engine/Shaders/Private/Substrate/SubstrateTile.ush" 2469
"../../../Engine/Shaders/Shared/SubstrateVisualizeDefinitions.h" 2470
"../../../Engine/Shaders/Private/Substrate/SubstrateVisualizeCommon.ush" 2471
"../../../Engine/Shaders/Private/SkyLightingDiffuseShared.ush" 2472
"../../../Engine/Shaders/Private/SkyLightingShared.ush" 2473
"../../../Engine/Shaders/Private/ClearCoatCommon.ush" 2474
"../../../Engine/Shaders/Private/ReflectionEnvironmentComposite.ush" 2475
"../../../Engine/Shaders/Private/Substrate/SubstrateLightingCommon.ush" 2476
"../../../Engine/Shaders/Private/Substrate/SubstrateRoughRefraction.usf" 2477
"../../../Engine/Shaders/Private/PathTracing/Material/PathTracingFresnel.ush" 2478
"../../../Engine/Shaders/Private/PathTracing/Material/PathTracingGlossy.ush" 2479
"../../../Engine/Shaders/Private/Substrate/SubstrateMaterialSampling.usf" 2480
"../../../Engine/Shaders/Private/Substrate/SubstrateMaterialSampling.ush" 2481
"../../../Engine/Shaders/Private/Lumen/LumenPosition.ush" 2482
"../../../Engine/Shaders/Private/Substrate/SubstrateTile.usf" 2483
"../../../Engine/Shaders/Private/Substrate/SubstrateMaterialClassification.usf" 2484
"../../../Engine/Shaders/Private/Substrate/SubstrateDBuffer.usf" 2485
"../../../Engine/Shaders/Private/StochasticLighting/StochasticLightingDenoising.usf" 2486
"../../../Engine/Shaders/Private/Lumen/LumenMaterial.ush" 2487
"../../../Engine/Shaders/Private/StochasticLighting/StochasticLightingCommon.ush" 2488
"../../../Engine/Shaders/Private/SplineMeshSceneTexture.usf" 2489
"../../../Engine/Shaders/Private/SparseVolumeTexture/VisualizeSparseVolumeTexture.usf" 2490
"../../../Engine/Shaders/Private/SkyAtmosphere.usf" 2491
"../../../Engine/Shaders/Private/Skinning/SkinnedMeshDebug.usf" 2492
"../../../Engine/Shaders/Private/Skinning/AnimBankEval.usf" 2493
"../../../Engine/Shaders/Private/SingleLayerWaterComposite.usf" 2494
"../../../Engine/Shaders/Private/Froxel/FroxelBuild.ush" 2495
"../../../Engine/Shaders/Private/SingleLayerWaterRefractionCulling.usf" 2496
"../../../Engine/Shaders/Private/ScreenSpaceShadows.usf" 2497
"../../../Engine/Shaders/Private/bend_sss_gpu.ush" 2498
"../../../Engine/Shaders/Private/ShadowFactorsUpsampleCommon.ush" 2499
"../../../Engine/Shaders/Private/FirstPersonSelfShadow.usf" 2500
"../../../Engine/Shaders/Private/HZBTracing.ush" 2501
"../../../Engine/Shaders/Private/ShadowProjectionVertexShader.usf" 2502
"../../../Engine/Shaders/Private/ShadowProjectionPixelShader.usf" 2503
"../../../Engine/Shaders/Private/MobileLightingCommon.ush" 2504
"../../../Engine/Shaders/Private/PlanarReflectionShared.ush" 2505
"../../../Engine/Shaders/Private/MobileSSR.ush" 2506
"../../../Engine/Shaders/Private/SSRT/SSRTRayCast.ush" 2507
"../../../Engine/Shaders/Private/ShadowPercentageCloserFiltering.ush" 2508
"../../../Engine/Shaders/Private/TransmissionThickness.ush" 2509
"../../../Engine/Shaders/Private/CopyShadowMaps.usf" 2510
"../../../Engine/Shaders/Private/ShadowDepthPixelShader.usf" 2511
"../../../Engine/Shaders/Private/ShadowDepthVertexShader.usf" 2512
"../../../Engine/Shaders/Private/ShadingEnergyConservationTable.usf" 2513
"../../../Engine/Shaders/Shared/PathTracingDefinitions.h" 2514
"../../../Engine/Shaders/Private/ShadingFurnaceTest.usf" 2515
"../../../Engine/Shaders/Private/Substrate/SubstrateDeferredLighting.ush" 2516
"../../../Engine/Shaders/Private/ShaderPrintDraw.usf" 2517
"../../../Engine/Shaders/Private/ShaderPrintDrawPrimitive.usf" 2518
"../../../Engine/Shaders/Private/DefaultSSRTiles.usf" 2519
"../../../Engine/Shaders/Private/ScreenSpaceReflectionTileCommons.ush" 2520
"../../../Engine/Shaders/Private/SSRT/SSRTDiffuseIndirect.usf" 2521
"../../../Engine/Shaders/Private/SSRT/SSRTTileClassificationBuffer.ush" 2522
"../../../Engine/Shaders/Private/SSRT/SSRTReflections.usf" 2523
"../../../Engine/Shaders/Private/ScreenSpaceDenoise/SSDPublic.ush" 2524
"../../../Engine/Shaders/Private/SSRT/SSRTTileClassification.usf" 2525
"../../../Engine/Shaders/Private/SSRT/SSRTPrevFrameReduction.usf" 2526
"../../../Engine/Shaders/Private/ScreenSpaceDenoise/SSDComposeHarmonics.usf" 2527
"../../../Engine/Shaders/Private/ScreenSpaceDenoise/SSDPublicHarmonics.ush" 2528
"../../../Engine/Shaders/Private/ScreenSpaceDenoise/SSDSignalFramework.ush" 2529
"../../../Engine/Shaders/Private/ScreenSpaceDenoise/SSDCommon.ush" 2530
"../../../Engine/Shaders/Private/SphericalGaussian.ush" 2531
"../../../Engine/Shaders/Public/WaveBroadcastIntrinsics.ush" 2532
"../../../Engine/Shaders/Private/ScreenSpaceDenoise/SSDMetadata.ush" 2533
"../../../Engine/Shaders/Private/ScreenSpaceDenoise/SSDSignalCore.ush" 2534
"../../../Engine/Shaders/Private/ScreenSpaceDenoise/DenoisingCommon.ush" 2535
"../../../Engine/Shaders/Private/ScreenSpaceDenoise/SSDSignalArray.ush" 2536
"../../../Engine/Shaders/Private/ScreenSpaceDenoise/SSDSignalBufferEncoding.ush" 2537
"../../../Engine/Shaders/Private/ScreenSpaceDenoise/SSDPublicBufferEncoding.ush" 2538
"../../../Engine/Shaders/Private/Lumen/LumenBufferEncoding.ush" 2539
"../../../Engine/Shaders/Private/ScreenSpaceDenoise/SSDTemporalAccumulation.usf" 2540
"../../../Engine/Shaders/Private/ScreenSpaceDenoise/SSDSpatialKernel.ush" 2541
"../../../Engine/Shaders/Private/ScreenSpaceDenoise/SSDSignalAccumulatorArray.ush" 2542
"../../../Engine/Shaders/Private/ScreenSpaceDenoise/SSDSignalAccumulator.ush" 2543
"../../../Engine/Shaders/Private/ScreenSpaceDenoise/SSDSignalCompression.ush" 2544
"../../../Engine/Shaders/Private/ScreenSpaceDenoise/SSDSpatialAccumulation.usf" 2545
"../../../Engine/Shaders/Private/ScreenSpaceDenoise/SSDInjest.usf" 2546
"../../../Engine/Shaders/Private/ScreenSpaceDenoise/SSDCompressMetadata.usf" 2547
"../../../Engine/Shaders/Private/DownsampleDepthPixelShader.usf" 2548
"../../../Engine/Shaders/Private/ScreenPass.usf" 2549
"../../../Engine/Shaders/Private/HZB.usf" 2550
"../../../Engine/Shaders/Private/OcclusionFeedbackShaders.usf" 2551
"../../../Engine/Shaders/Private/HZBOcclusion.usf" 2552
"../../../Engine/Shaders/Private/OcclusionQueryPixelShader.usf" 2553
"../../../Engine/Shaders/Private/OcclusionQueryVertexShader.usf" 2554
"../../../Engine/Shaders/Private/HitProxyCopy.usf" 2555
"../../../Engine/Shaders/Private/HitProxyPixelShader.usf" 2556
"../../../Engine/Shaders/Private/HitProxyVertexShader.usf" 2557
"../../../Engine/Shaders/Private/SceneCulling/SceneCullingDebugRender.usf" 2558
"../../../Engine/Shaders/Private/SceneCulling/SceneCulling.ush" 2559
"../../../Engine/Shaders/Private/SceneCulling/SceneCullingBuildExplicitBounds.usf" 2560
"../../../Engine/Shaders/Private/SceneCapturePixelShader.usf" 2561
"../../../Engine/Shaders/Private/RendererUtils.usf" 2562
"../../../Engine/Shaders/Private/RTWriteMaskDecode.usf" 2563
"../../../Engine/Shaders/Private/ReflectionEnvironmentShaders.usf" 2564
"../../../Engine/Shaders/Private/RectLightAtlas.usf" 2565
"../../../Engine/Shaders/Private/RayTracing/TraceRayInlineStatistics.usf" 2566
"../../../Engine/Shaders/Private/RayTracing/CompositeSkyLightPS.usf" 2567
"../../../Engine/Shaders/Private/RayTracing/GenerateSkyLightVisibilityRaysCS.usf" 2568
"../../../Engine/Shaders/Private/RayTracing/RayTracingSkyLightCommon.ush" 2569
"../../../Engine/Shaders/Private/RayTracing/SkyLightVisibilityRaysData.ush" 2570
"../../../Engine/Shaders/Private/Raytracing/RaytracingSkylightRGS.usf" 2571
"../../../Engine/Shaders/Private/HairStrands/HairStrandsRaytracing.ush" 2572
"../../../Engine/Shaders/Private/Raytracing/RayTracingSkyLightEvaluation.ush" 2573
"../../../Engine/Shaders/Private/Raytracing/RayTracingDeferredShadingCommon.ush" 2574
"../../../Engine/Shaders/Private/RayTracing/RayTracingOcclusionRGS.usf" 2575
"../../../Engine/Shaders/Private/RayTracing/RayTracingDirectionalLight.ush" 2576
"../../../Engine/Shaders/Private/RayTracing/RayTracingRectLight.ush" 2577
"../../../Engine/Shaders/Private/RayTracing/RayTracingSphereLight.ush" 2578
"../../../Engine/Shaders/Private/RayTracing/RayTracingCapsuleLight.ush" 2579
"../../../Engine/Shaders/Private/Raytracing/RayTracingFeedback.usf" 2580
"../../../Engine/Shaders/Shared/RayTracingDebugTypes.h" 2581
"../../../Engine/Shaders/Private/RayTracing/RayTracingPrimaryRays.usf" 2582
"../../../Engine/Shaders/Private/RayTracing/RayTracingLightingCommon.ush" 2583
"../../../Engine/Shaders/Private/RayTracing/RayTracingLightCullingCommon.ush" 2584
"../../../Engine/Shaders/Private/RayTracing/RayTracingMaterialDefaultHitShaders.usf" 2585
"../../../Engine/Shaders/Private/RayTracing/RayTracingMaterialHitShaders.usf" 2586
"../../../Engine/Shaders/Private/RayTracing/RayTracingShaderUtils.ush" 2587
"../../../Engine/Shaders/Private/RayTracing/RayTracingCalcInterpolants.ush" 2588
"../../../Engine/Shaders/Private/LightmapCommon.ush" 2589
"../../../Engine/Shaders/Private/Lumen/LumenHardwareRayTracingPayloadCommon.ush" 2590
"../../../Engine/Shaders/Shared/LumenDefinitions.h" 2591
"../../../Engine/Shaders/Private/Substrate/SubstrateExport.ush" 2592
"../../../Engine/Shaders/Private/RayTracing/RayTracingLightingMS.usf" 2593
"../../../Engine/Shaders/Private/Lumen/LumenDiffuseColorBoost.ush" 2594
"../../../Engine/Shaders/Private/RayTracing/RayTracingLightFunctionCommon.ush" 2595
"../../../Engine/Shaders/Private/RayTracing/RayTracingBuildLightGrid.usf" 2596
"../../../Engine/Shaders/Private/Raytracing/RayTracingInstanceBufferUtil.usf" 2597
"../../../Engine/Shaders/Private/RayTracing/RayTracingDynamicMesh.usf" 2598
"../../../Engine/Shaders/Private/RayTracing/RayTracingDefaultDecalHitShader.usf" 2599
"../../../Engine/Shaders/Private/RayTracing/RayTracingDecalMaterialShader.usf" 2600
"../../../Engine/Shaders/Private/PathTracing/PathTracingShaderUtils.ush" 2601
"../../../Engine/Shaders/Private/PathTracing/PathTracingCommon.ush" 2602
"../../../Engine/Shaders/Private/PathTracing/Material/PathTracingMaterialCommon.ush" 2603
"../../../Engine/Shaders/Private/PathTracing/Utilities/PathTracingRIS.ush" 2604
"../../../Engine/Shaders/Private/RayTracing/RayTracingBuildDecalGrid.usf" 2605
"../../../Engine/Shaders/Private/RayTracing/RayTracingDebugHitStatsUtils.usf" 2606
"../../../Engine/Shaders/Private/RayTracing/RayTracingDebugInstanceOverlap.usf" 2607
"../../../Engine/Shaders/Private/RayTracing/RayTracingDebugPicking.usf" 2608
"../../../Engine/Shaders/Private/RayTracing/RayTracingDebugUtils.ush" 2609
"../../../Engine/Shaders/Private/RayTracing/RayTracingDebugTraversal.usf" 2610
"../../../Engine/Shaders/Private/RayTracing/RayTracingDeferredMaterials.ush" 2611
"../../../Engine/Shaders/Shared/ThirdParty/AMD/ags_shader_intrinsics_dx12.h" 2612
"../../../Engine/Shaders/Shared/RayTracingDebugDefinitions.h" 2613
"../../../Engine/Shaders/Private/RayTracing/RayTracingDebugHitStatsCHS.usf" 2614
"../../../Engine/Shaders/Private/RayTracing/RayTracingDebugHitStats.usf" 2615
"../../../Engine/Shaders/Private/RayTracing/RayTracingDebugMS.usf" 2616
"../../../Engine/Shaders/Private/RayTracing/RayTracingDebugCHS.usf" 2617
"../../../Engine/Shaders/Private/RayTracing/RayTracingDebug.usf" 2618
"../../../Engine/Shaders/Private/RayTracing/RayTracingBuiltInShaders.usf" 2619
"../../../Engine/Shaders/Private/RayTracing/RayTracingBarycentrics.usf" 2620
"../../../Engine/Shaders/Private/RayTracing/RayTracingAmbientOcclusionRGS.usf" 2621
"../../../Engine/Shaders/Private/VisualizeShadingModels.usf" 2622
"../../../Engine/Shaders/Private/MotionBlur/VisualizeMotionVectors.usf" 2623
"../../../Engine/Shaders/Private/TemporalSuperResolution/TSRVisualize.usf" 2624
"../../../Engine/Shaders/Private/TemporalSuperResolution/TSRColorSpace.ush" 2625
"../../../Engine/Shaders/Private/TemporalSuperResolution/TSRCommon.ush" 2626
"../../../Engine/Shaders/Public/DualPixelVectorization.ush" 2627
"../../../Engine/Shaders/Private/TemporalSuperResolution/TSRReprojectionField.ush" 2628
"../../../Engine/Shaders/Private/TemporalSuperResolution/TSRResolveHistory.usf" 2629
"../../../Engine/Shaders/Private/TemporalSuperResolution/TSRConvolutionNetwork.ush" 2630
"../../../Engine/Shaders/Private/TemporalSuperResolution/TSRKernels.ush" 2631
"../../../Engine/Shaders/Public/LaneVectorization.ush" 2632
"../../../Engine/Shaders/Private/TemporalSuperResolution/TSRUpdateHistory.usf" 2633
"../../../Engine/Shaders/Private/TemporalSuperResolution/TSRSpatialAntiAliasing.ush" 2634
"../../../Engine/Shaders/Private/TemporalSuperResolution/TSRSpatialAntiAliasing.usf" 2635
"../../../Engine/Shaders/Private/TemporalSuperResolution/TSRRejectShading.usf" 2636
"../../../Engine/Shaders/Private/TemporalSuperResolution/TSRShadingAnalysis.ush" 2637
"../../../Engine/Shaders/Private/TemporalSuperResolution/TSRConvolutionNetworkPass.ush" 2638
"../../../Engine/Shaders/Private/TemporalSuperResolution/TSRDecimateHistory.usf" 2639
"../../../Engine/Shaders/Private/TemporalSuperResolution/TSRDepthVelocityAnalysis.ush" 2640
"../../../Engine/Shaders/Private/TemporalSuperResolution/TSRClosestOccluder.ush" 2641
"../../../Engine/Shaders/Private/TemporalSuperResolution/TSRWeightRelaxation.usf" 2642
"../../../Engine/Shaders/Private/TemporalSuperResolution/TSRThinGeometryCommon.ush" 2643
"../../../Engine/Shaders/Private/TemporalSuperResolution/TSRDetectThinGeometry.usf" 2644
"../../../Engine/Shaders/Private/TemporalSuperResolution/TSRDilateVelocity.usf" 2645
"../../../Engine/Shaders/Private/MotionBlur/MotionBlurVelocityFlatten.ush" 2646
"../../../Engine/Shaders/Private/MotionBlur/MotionBlurCommon.ush" 2647
"../../../Engine/Shaders/Private/TemporalSuperResolution/TSRClearPrevTextures.usf" 2648
"../../../Engine/Shaders/Private/TemporalSuperResolution/TSRMeasureCoverage.usf" 2649
"../../../Engine/Shaders/Private/TemporalSuperResolution/TSRMeasureFlickeringLuma.usf" 2650
"../../../Engine/Shaders/Private/TemporalAA.usf" 2651
"../../../Engine/Shaders/Private/FilterPixelShader.usf" 2652
"../../../Engine/Shaders/Private/FilterVertexShader.usf" 2653
"../../../Engine/Shaders/Private/VisualizeVirtualTexture.usf" 2654
"../../../Engine/Shaders/Private/PostProcessVisualizeBuffer.usf" 2655
"../../../Engine/Shaders/Private/PostProcessVisualizeLocalExposure.usf" 2656
"../../../Engine/Shaders/Private/PostProcessHistogramCommon.ush" 2657
"../../../Engine/Shaders/Private/TonemapCommon.ush" 2658
"../../../Engine/Shaders/Private/ACES/ACESCommon.ush" 2659
"../../../Engine/Shaders/Private/ACES/ACESOutputTransform.ush" 2660
"../../../Engine/Shaders/Private/ACES/ACESUtilities.ush" 2661
"../../../Engine/Shaders/Private/ACES/ACESTonescale.ush" 2662
"../../../Engine/Shaders/Private/ACES/ACESDisplayEncoding.ush" 2663
"../../../Engine/Shaders/Private/ACES/ACES_v1.3.ush" 2664
"../../../Engine/Shaders/Private/PostProcessVisualizeLevelInstance.usf" 2665
"../../../Engine/Shaders/Private/PostProcessVisualizeHDR.usf" 2666
"../../../Engine/Shaders/Private/ShaderComplexityApplyPixelShader.usf" 2667
"../../../Engine/Shaders/Private/QuadOverdraw.ush" 2668
"../../../Engine/Shaders/Private/PostProcessUpscale.usf" 2669
"../../../Engine/Shaders/Private/PostProcessTonemap.usf" 2670
"../../../Engine/Shaders/Private/PostProcessing/FilmGrainPackConstants.usf" 2671
"../../../Engine/Shaders/Private/PostProcessing/FilmGrainReduce.usf" 2672
"../../../Engine/Shaders/Private/PostProcessTestImage.usf" 2673
"../../../Engine/Shaders/Private/PostProcessSubsurface.usf" 2674
"../../../Engine/Shaders/Private/SeparableSSS.ush" 2675
"../../../Engine/Shaders/Private/SubsurfaceBurleyNormalized.ush" 2676
"../../../Engine/Shaders/Private/PostProcessSelectionOutline.usf" 2677
"../../../Engine/Shaders/Private/MotionBlur/MotionBlurVisualize.usf" 2678
"../../../Engine/Shaders/Private/MotionBlur/MotionBlurApply.usf" 2679
"../../../Engine/Shaders/Private/MotionBlur/MotionBlurFilterTileClassify.usf" 2680
"../../../Engine/Shaders/Private/MotionBlur/MotionBlurTileScatter.usf" 2681
"../../../Engine/Shaders/Private/MotionBlur/MotionBlurTileGather.usf" 2682
"../../../Engine/Shaders/Private/MotionBlur/MotionBlurVelocityFlatten.usf" 2683
"../../../Engine/Shaders/Private/PostProcessMobile.usf" 2684
"../../../Engine/Shaders/Private/PostProcessMitchellNetravali.usf" 2685
"../../../Engine/Shaders/Private/PostProcessMaterialShaders.usf" 2686
"../../../Engine/Shaders/Private/NeuralPostProcessCommon.usf" 2687
"../../../Engine/Shaders/Private/PostProcessLocalExposure.usf" 2688
"../../../Engine/Shaders/Private/PostProcessLensFlares.usf" 2689
"../../../Engine/Shaders/Private/PostProcessGBufferHints.usf" 2690
"../../../Engine/Shaders/Private/PostProcessHMD.usf" 2691
"../../../Engine/Shaders/Private/Histogram.usf" 2692
"../../../Engine/Shaders/Private/PostProcessHistogramReduce.usf" 2693
"../../../Engine/Shaders/Private/PostProcessHistogram.usf" 2694
"../../../Engine/Shaders/Private/Bloom/BloomFinalizeApplyConstants.usf" 2695
"../../../Engine/Shaders/Private/Bloom/BloomCommon.ush" 2696
"../../../Engine/Shaders/Private/Bloom/BloomResizeKernel.usf" 2697
"../../../Engine/Shaders/Private/Bloom/BloomDownsampleKernel.usf" 2698
"../../../Engine/Shaders/Private/Bloom/BloomClampKernel.usf" 2699
"../../../Engine/Shaders/Private/Bloom/BloomPackKernelConstants.usf" 2700
"../../../Engine/Shaders/Private/Bloom/BloomSumScatterDispersionEnergy.usf" 2701
"../../../Engine/Shaders/Private/Bloom/BloomReduceKernelSurvey.usf" 2702
"../../../Engine/Shaders/Private/Bloom/BloomSurveyKernelCenterEnergy.usf" 2703
"../../../Engine/Shaders/Private/Bloom/BloomSurveyMaxScatterDispersion.usf" 2704
"../../../Engine/Shaders/Private/Bloom/BloomFindKernelCenter.usf" 2705
"../../../Engine/Shaders/Private/PostProcessEyeAdaptation.usf" 2706
"../../../Engine/Shaders/Private/TranslucencyVolumeCommon.ush" 2707
"../../../Engine/Shaders/Private/PostProcessEyeAdaptationUtils.usf" 2708
"../../../Engine/Shaders/Private/PostProcessDownsample.usf" 2709
"../../../Engine/Shaders/Private/PostProcessDOF.usf" 2710
"../../../Engine/Shaders/Private/PostProcessDeviceEncodingOnly.usf" 2711
"../../../Engine/Shaders/Private/PostProcessCompositePrimitives.usf" 2712
"../../../Engine/Shaders/Private/PostProcessCombineLUTs.usf" 2713
"../../../Engine/Shaders/Private/PostProcessVisualizeDOF.usf" 2714
"../../../Engine/Shaders/Private/PostProcessBloom.usf" 2715
"../../../Engine/Shaders/Private/PostProcessAmbientOcclusionMobile.usf" 2716
"../../../Engine/Shaders/Private/PostProcessAmbientOcclusionCommon.ush" 2717
"../../../Engine/Shaders/Private/FXAAShader.usf" 2718
"../../../Engine/Shaders/Private/Fxaa3_11.ush" 2719
"../../../Engine/Shaders/Private/PaniniProjection.usf" 2720
"../../../Engine/Shaders/Private/DiaphragmDOF/DOFRecombine.usf" 2721
"../../../Engine/Shaders/Private/DiaphragmDOF/DOFHybridScatterPixelShader.usf" 2722
"../../../Engine/Shaders/Private/DiaphragmDOF/DOFHybridScatterCommon.ush" 2723
"../../../Engine/Shaders/Private/DiaphragmDOF/DOFVignetteCommon.ush" 2724
"../../../Engine/Shaders/Private/DiaphragmDOF/DOFHybridScatterVertexShader.usf" 2725
"../../../Engine/Shaders/Private/DiaphragmDOF/DOFPostfiltering.usf" 2726
"../../../Engine/Shaders/Private/DiaphragmDOF/DOFGatherTileSuggest.ush" 2727
"../../../Engine/Shaders/Private/DiaphragmDOF/DOFCocTileCommon.ush" 2728
"../../../Engine/Shaders/Private/DiaphragmDOF/DOFGatherPass.usf" 2729
"../../../Engine/Shaders/Private/DiaphragmDOF/DOFGatherCommon.ush" 2730
"../../../Engine/Shaders/Private/DiaphragmDOF/DOFGatherAccumulator.ush" 2731
"../../../Engine/Shaders/Private/DiaphragmDOF/DOFGatherKernel.ush" 2732
"../../../Engine/Shaders/Private/DiaphragmDOF/DOFBokehLUT.usf" 2733
"../../../Engine/Shaders/Private/DiaphragmDOF/DOFHybridScatterCompilation.usf" 2734
"../../../Engine/Shaders/Private/DiaphragmDOF/DOFReduce.usf" 2735
"../../../Engine/Shaders/Private/DiaphragmDOF/DOFDownsample.ush" 2736
"../../../Engine/Shaders/Private/DiaphragmDOF/DOFHybridScatterCompilation.ush" 2737
"../../../Engine/Shaders/Private/DiaphragmDOF/DOFDownsample.usf" 2738
"../../../Engine/Shaders/Private/DiaphragmDOF/DOFCocTileDilate.usf" 2739
"../../../Engine/Shaders/Private/DiaphragmDOF/DOFCocTileFlatten.usf" 2740
"../../../Engine/Shaders/Private/DiaphragmDOF/DOFSetup.usf" 2741
"../../../Engine/Shaders/Private/Tools/DebugAlphaChannel.usf" 2742
"../../../Engine/Shaders/Private/PostProcessAlphaInvert.usf" 2743
"../../../Engine/Shaders/Private/PlanarReflectionShaders.usf" 2744
"../../../Engine/Shaders/Private/PhysicsFieldVisualizer.usf" 2745
"../../../Engine/Shaders/Private/PathTracing/PathTracingSpatialTemporalDenoising.usf" 2746
"../../../Engine/Shaders/Private/ColorDifference.ush" 2747
"../../../Engine/Shaders/Private/PathTracing/PathTracingCompositingPixelShader.usf" 2748
"../../../Engine/Shaders/Private/PathTracing/PathTracingAdaptiveUtils.ush" 2749
"../../../Engine/Shaders/Private/PathTracing/PathTracingDefaultHitShader.usf" 2750
"../../../Engine/Shaders/Private/PathTracing/PathTracingGPULightmassMaterialHitShader.usf" 2751
"../../../Engine/Shaders/Private/PathTracing/PathTracingMaterialHitShader.usf" 2752
"../../../Engine/Shaders/Private/PathTracing/Material/PathTracingSubstrateCommon.ush" 2753
"../../../Engine/Shaders/Private/PathTracing/PathTracingLightingMissShader.usf" 2754
"../../../Engine/Shaders/Private/PathTracing/PathTracingMissShader.usf" 2755
"../../../Engine/Shaders/Private/PathTracing/PathTracingAdaptiveStart.usf" 2756
"../../../Engine/Shaders/Private/PathTracing/PathTracingBuildAdaptiveError.usf" 2757
"../../../Engine/Shaders/Private/PathTracing/PathTracingVolumetricCloudMaterialShader.usf" 2758
"../../../Engine/Shaders/Private/PathTracing/Volume/PathTracingCloudsMaterialCommon.ush" 2759
"../../../Engine/Shaders/Private/PathTracing/Volume/PathTracingVolumeCommon.ush" 2760
"../../../Engine/Shaders/Private/PathTracing/Volume/PathTracingCloudsCommon.ush" 2761
"../../../Engine/Shaders/Private/PathTracing/Volume/PathTracingFog.ush" 2762
"../../../Engine/Shaders/Private/PathTracing/Volume/PathTracingAtmosphere.ush" 2763
"../../../Engine/Shaders/Private/PathTracing/Volume/PathTracingAtmosphereCommon.ush" 2764
"../../../Engine/Shaders/Private/PathTracing/Volume/PathTracingVolumeSampling.ush" 2765
"../../../Engine/Shaders/Private/PathTracing/PathTracingBuildCloudAccelerationMap.usf" 2766
"../../../Engine/Shaders/Private/PathTracing/PathTracingBuildAtmosphereLUT.usf" 2767
"../../../Engine/Shaders/Private/PathTracing/PathTracingSwizzleScanlines.usf" 2768
"../../../Engine/Shaders/Private/PathTracing/PathTracingInitExtinctionCoefficient.usf" 2769
"../../../Engine/Shaders/Private/PathTracing/PathTracingCopyDepth.usf" 2770
"../../../Engine/Shaders/Private/PathTracing/PathTracingDebug.usf" 2771
"../../../Engine/Shaders/Private/RayTracing/RayTracingDecalGrid.ush" 2772
"../../../Engine/Shaders/Private/PathTracing/Material/PathTracingMaterialSampling.ush" 2773
"../../../Engine/Shaders/Private/PathTracing/Material/PathTracingLambert.ush" 2774
"../../../Engine/Shaders/Private/PathTracing/Material/PathTracingSubstrate.ush" 2775
"../../../Engine/Shaders/Private/PathTracing/Material/PathTracingSubstrateFoliage.ush" 2776
"../../../Engine/Shaders/Private/PathTracing/Material/PathTracingSubstrateSolidGlass.ush" 2777
"../../../Engine/Shaders/Private/PathTracing/Material/PathTracingSubstrateThinGlass.ush" 2778
"../../../Engine/Shaders/Private/PathTracing/Material/PathTracingSolidGlass.ush" 2779
"../../../Engine/Shaders/Private/PathTracing/Material/PathTracingEnergyConservation.ush" 2780
"../../../Engine/Shaders/Private/PathTracing/Material/PathTracingThinGlass.ush" 2781
"../../../Engine/Shaders/Private/PathTracing/Material/PathTracingDefaultLit.ush" 2782
"../../../Engine/Shaders/Private/PathTracing/Material/PathTracingClearCoat.ush" 2783
"../../../Engine/Shaders/Private/PathTracing/Material/PathTracingTwoSidedFoliage.ush" 2784
"../../../Engine/Shaders/Private/PathTracing/Material/PathTracingCloth.ush" 2785
"../../../Engine/Shaders/Private/PathTracing/Material/PathTracingSubsurfaceProfile.ush" 2786
"../../../Engine/Shaders/Private/PathTracing/Material/PathTracingEye.ush" 2787
"../../../Engine/Shaders/Private/PathTracing/Material/PathTracingHair.ush" 2788
"../../../Engine/Shaders/Private/PathTracing/Material/PathTracingMedium.ush" 2789
"../../../Engine/Shaders/Private/PathTracing/Light/PathTracingLightSampling.ush" 2790
"../../../Engine/Shaders/Private/PathTracing/Light/PathTracingLightCommon.ush" 2791
"../../../Engine/Shaders/Private/PathTracing/Light/PathTracingDirectionalLight.ush" 2792
"../../../Engine/Shaders/Private/PathTracing/Light/PathTracingPointLight.ush" 2793
"../../../Engine/Shaders/Private/PathTracing/Light/PathTracingCapsuleLight.ush" 2794
"../../../Engine/Shaders/Private/PathTracing/Light/PathTracingRectLight.ush" 2795
"../../../Engine/Shaders/Private/PathTracing/Light/PathTracingSkyLight.ush" 2796
"../../../Engine/Shaders/Private/PathTracing/Light/PathTracingLightGrid.ush" 2797
"../../../Engine/Shaders/Private/PathTracing/PathTracing.usf" 2798
"../../../Engine/Shaders/Private/PathTracing/PathTracingCore.ush" 2799
"../../../Engine/Shaders/Private/HeterogeneousVolumes/HeterogeneousVolumesVoxelGridTypes.ush" 2800
"../../../Engine/Shaders/Private/PathTracing/Volume/PathTracingVolume.ush" 2801
"../../../Engine/Shaders/Private/PathTracing/Volume/PathTracingClouds.ush" 2802
"../../../Engine/Shaders/Private/PathTracing/Volume/PathTracingHeterogeneousVolumes.ush" 2803
"../../../Engine/Shaders/Private/HeterogeneousVolumes/HeterogeneousVolumesVoxelGridTraversal.ush" 2804
"../../../Engine/Shaders/Private/HeterogeneousVolumes/HeterogeneousVolumesVoxelGridUtils.ush" 2805
"../../../Engine/Shaders/Private/HeterogeneousVolumes/HeterogeneousVolumesFrustumVoxelGridUtils.ush" 2806
"../../../Engine/Shaders/Private/PathTracing/PathTracingBuildLightGrid.usf" 2807
"../../../Engine/Shaders/Private/PathTracing/PathTracingSkylightMISCompensation.usf" 2808
"../../../Engine/Shaders/Private/PathTracing/PathTracingSkylightPrepare.usf" 2809
"../../../Engine/Shaders/Private/OIT/OITSorting.usf" 2810
"../../../Engine/Shaders/Private/OITCombine.usf" 2811
"../../../Engine/Shaders/Private/OITCommon.ush" 2812
"../../../Engine/Shaders/Private/Nanite/Voxel/RasterizeBricks.usf" 2813
"../../../Engine/Shaders/Private/Nanite/Voxel/Brick.ush" 2814
"../../../Engine/Shaders/Private/Nanite/Voxel/Voxel.ush" 2815
"../../../Engine/Shaders/Private/Nanite/Voxel/ScatterBricks.usf" 2816
"../../../Engine/Shaders/Private/Nanite/Voxel/TileBricks.usf" 2817
"../../../Engine/Shaders/Private/Nanite/Voxel/AutoVoxel.usf" 2818
"../../../Engine/Shaders/Private/Nanite/NaniteDebugViews.usf" 2819
"../../../Engine/Shaders/Private/Nanite/NaniteEditorCommon.ush" 2820
"../../../Engine/Shaders/Private/BinarySearch.ush" 2821
"../../../Engine/Shaders/Private/Nanite/NaniteDepthDecode.usf" 2822
"../../../Engine/Shaders/Private/HTileEncoding.ush" 2823
"../../../Engine/Shaders/Private/Nanite/NaniteVisualize.usf" 2824
"../../../Engine/Shaders/Private/Nanite/NaniteStreamOut.usf" 2825
"../../../Engine/Shaders/Private/Nanite/NaniteHierarchyTraversal.ush" 2826
"../../../Engine/Shaders/Private/Nanite/NaniteSkinningUpdateViewData.usf" 2827
"../../../Engine/Shaders/Private/Skinning/TransformProviders.usf" 2828
"../../../Engine/Shaders/Private/Nanite/NaniteShadeBinning.usf" 2829
"../../../Engine/Shaders/Private/Nanite/NaniteShadeCommon.ush" 2830
"../../../Engine/Shaders/Private/Nanite/NaniteFastClear.usf" 2831
"../../../Engine/Shaders/Private/Nanite/NaniteExportGBuffer.usf" 2832
"../../../Engine/Shaders/Private/Nanite/NaniteClusterCulling.usf" 2833
"../../../Engine/Shaders/Private/Nanite/NanitePrintStats.usf" 2834
"../../../Engine/Shaders/Private/Nanite/NaniteRasterizer.usf" 2835
"../../../Engine/Shaders/Private/Nanite/NaniteRasterizationCommon.ush" 2836
"../../../Engine/Shaders/Private/Nanite/NaniteRasterizer.ush" 2837
"../../../Engine/Shaders/Private/Nanite/NaniteWritePixel.ush" 2838
"../../../Engine/Shaders/Private/Nanite/NaniteTessellation.ush" 2839
"../../../Engine/Shaders/Private/WorkDistribution.ush" 2840
"../../../Engine/Shaders/Private/Nanite/NaniteDice.ush" 2841
"../../../Engine/Shaders/Private/ShaderBundleWorkGraphCommon.ush" 2842
"../../../Engine/Shaders/Public/RootConstants.ush" 2843
"../../../Engine/Shaders/Public/Platform/D3D/D3DRootConstants.ush" 2844
"../../../Engine/Shaders/Private/Nanite/NaniteSplit.usf" 2845
"../../../Engine/Shaders/Private/Nanite/NaniteRasterBinning.usf" 2846
"../../../Engine/Shaders/Private/Nanite/NaniteInstanceCulling.usf" 2847
"../../../Engine/Shaders/Private/Nanite/NaniteImposter.ush" 2848
"../../../Engine/Shaders/Private/Nanite/NaniteInstanceHierarchyCulling.usf" 2849
"../../../Engine/Shaders/Private/WorkGroupLoadBalancer.ush" 2850
"../../../Engine/Shaders/Private/Nanite/NanitePrimitiveFilter.usf" 2851
"../../../Engine/Shaders/Private/Nanite/NaniteRasterClear.usf" 2852
"../../../Engine/Shaders/Private/Nanite/NaniteDepthExport.usf" 2853
"../../../Engine/Shaders/Private/Nanite/NaniteEmitShadow.usf" 2854
"../../../Engine/Shaders/Private/MobileDeferredUtils.usf" 2855
"../../../Engine/Shaders/Private/MobileLocalLightsBuffer.usf" 2856
"../../../Engine/Shaders/Private/MobileFog.usf" 2857
"../../../Engine/Shaders/Private/DistortApplyScreenPS.usf" 2858
"../../../Engine/Shaders/Private/MobileDeferredShading.usf" 2859
"../../../Engine/Shaders/Private/MobileBasePassPixelShader.usf" 2860
"../../../Engine/Shaders/Private/MobileBasePassCommon.ush" 2861
"../../../Engine/Shaders/Private/BasePassCommon.ush" 2862
"../../../Engine/Shaders/Private/ShadingModelsMaterial.ush" 2863
"../../../Engine/Shaders/Private/ThinTranslucentCommon.ush" 2864
"../../../Engine/Shaders/Private/SingleLayerWaterShading.ush" 2865
"../../../Engine/Shaders/Private/DistortionCommon.ush" 2866
"../../../Engine/Shaders/Private/Substrate/SubstrateMobileForwardLighting.ush" 2867
"../../../Engine/Shaders/Private/MobileBasePassVertexShader.usf" 2868
"../../../Engine/Shaders/Private/MeshEdges.usf" 2869
"../../../Engine/Shaders/Private/MegaLights/MegaLightsVSMTracing.usf" 2870
"../../../Engine/Shaders/Private/MegaLights/MegaLights.ush" 2871
"../../../Engine/Shaders/Shared/MegaLightsDefinitions.h" 2872
"../../../Engine/Shaders/Private/HairStrands/HairStrandsVisibilityUtils.ush" 2873
"../../../Engine/Shaders/Private/MegaLights/MegaLightsRayTracing.ush" 2874
"../../../Engine/Shaders/Private/MegaLights/MegaLightsRayTracing.usf" 2875
"../../../Engine/Shaders/Private/DistanceField/GlobalDistanceFieldUtils.ush" 2876
"../../../Engine/Shaders/Private/Lumen/LumenScreenTracing.ush" 2877
"../../../Engine/Shaders/Private/MegaLights/MegaLightsVolumeRayTracing.usf" 2878
"../../../Engine/Shaders/Private/MegaLights/MegaLightsVolume.ush" 2879
"../../../Engine/Shaders/Private/MegaLights/MegaLightsVolumeHardwareRayTracing.usf" 2880
"../../../Engine/Shaders/Private/Lumen/LumenHardwareRayTracingCommon.ush" 2881
"../../../Engine/Shaders/Private/RayTracing/RayTracingReflectionEnvironment.ush" 2882
"../../../Engine/Shaders/Private/Lumen/LumenHardwareRayTracingPlatformCommon.ush" 2883
"../../../Engine/Shaders/Private/Lumen/LumenReflectionsCombine.ush" 2884
"../../../Engine/Shaders/Private/Lumen/LumenTracingCommon.ush" 2885
"../../../Engine/Shaders/Private/Lumen/SurfaceCache/LumenSurfaceCacheSampling.ush" 2886
"../../../Engine/Shaders/Private/Lumen/SurfaceCache/LumenSurfaceCache.ush" 2887
"../../../Engine/Shaders/Private/Lumen/LumenCardCommon.ush" 2888
"../../../Engine/Shaders/Private/Lumen/LumenCardTileShadowDownsampleFactor.ush" 2889
"../../../Engine/Shaders/Private/MegaLights/MegaLightsHardwareRayTracing.usf" 2890
"../../../Engine/Shaders/Private/MegaLights/MegaLights.usf" 2891
"../../../Engine/Shaders/Private/MegaLights/MegaLightsShading.ush" 2892
"../../../Engine/Shaders/Private/MegaLights/MegaLightsFilterVisibleLightHash.usf" 2893
"../../../Engine/Shaders/Private/MegaLights/MegaLightsDenoiserSpatial.usf" 2894
"../../../Engine/Shaders/Private/Lumen/LumenReflectionDenoiserCommon.ush" 2895
"../../../Engine/Shaders/Private/MegaLights/MegaLightsDenoiserTemporal.usf" 2896
"../../../Engine/Shaders/Private/MegaLights/MegaLightsShading.usf" 2897
"../../../Engine/Shaders/Private/StochasticLighting/StochasticLightingUpsample.ush" 2898
"../../../Engine/Shaders/Private/MegaLights/MegaLightsVisibleLightHash.usf" 2899
"../../../Engine/Shaders/Private/MegaLights/MegaLightsVolumeShading.usf" 2900
"../../../Engine/Shaders/Private/MegaLights/MegaLightsSampling.usf" 2901
"../../../Engine/Shaders/Private/MegaLights/MegaLightsSampling.ush" 2902
"../../../Engine/Shaders/Private/MegaLights/MegaLightsVolumeSampling.usf" 2903
"../../../Engine/Shaders/Private/MaterialCache/MaterialCacheABufferPages.usf" 2904
"../../../Engine/Shaders/Private/MaterialCache/MaterialCacheShade.usf" 2905
"../../../Engine/Shaders/Private/MaterialCache/MaterialCacheUnwrapNaniteShade.usf" 2906
"../../../Engine/Shaders/Private/MaterialCache/MaterialCacheUnwrapPixelShader.usf" 2907
"../../../Engine/Shaders/Private/MaterialCache/MaterialCacheUnwrapVertexShader.usf" 2908
"../../../Engine/Shaders/Private/Lumen/LumenVisualizeRadianceCache.usf" 2909
"../../../Engine/Shaders/Private/Lumen/LumenRadianceCacheCommon.ush" 2910
"../../../Engine/Shaders/Private/Lumen/LumenVisualizeHardwareRayTracing.usf" 2911
"../../../Engine/Shaders/Private/Lumen/LumenVisualize.ush" 2912
"../../../Engine/Shaders/Private/Lumen/LumenHairTracing.ush" 2913
"../../../Engine/Shaders/Private/Lumen/LumenVisualize.usf" 2914
"../../../Engine/Shaders/Private/Lumen/LumenSoftwareRayTracing.ush" 2915
"../../../Engine/Shaders/Private/DistanceField/GlobalDistanceFieldObjectGrid.ush" 2916
"../../../Engine/Shaders/Private/DistanceFieldLightingShared.ush" 2917
"../../../Engine/Shaders/Private/Lumen/LumenVisualizeTraces.ush" 2918
"../../../Engine/Shaders/Private/Lumen/LumenTranslucencyVolumeLighting.usf" 2919
"../../../Engine/Shaders/Private/Lumen/LumenRadianceCacheMarkCommon.ush" 2920
"../../../Engine/Shaders/Private/Lumen/LumenTranslucencyVolumeLightingShared.ush" 2921
"../../../Engine/Shaders/Private/Lumen/LumenScreenProbeCommon.ush" 2922
"../../../Engine/Shaders/Private/RayTracing/RayGenUtils.ush" 2923
"../../../Engine/Shaders/Private/Lumen/LumenRadianceCacheTracingCommon.ush" 2924
"../../../Engine/Shaders/Private/Lumen/LumenTranslucencyVolumeHardwareRayTracing.usf" 2925
"../../../Engine/Shaders/Private/Lumen/LumenTranslucencyRadianceCacheMarkShaders.usf" 2926
"../../../Engine/Shaders/Private/Lumen/SurfaceCache/LumenSurfaceCache.usf" 2927
"../../../Engine/Shaders/Private/Lumen/LumenShortRangeAOHardwareRayTracing.usf" 2928
"../../../Engine/Shaders/Private/Lumen/LumenScreenSpaceBentNormal.ush" 2929
"../../../Engine/Shaders/Private/Lumen/LumenScreenSpaceBentNormal.usf" 2930
"../../../Engine/Shaders/Private/Lumen/LumenScreenProbeTracing.usf" 2931
"../../../Engine/Shaders/Private/Lumen/LumenScreenProbeTracingCommon.ush" 2932
"../../../Engine/Shaders/Private/Lumen/LumenFloatQuantization.ush" 2933
"../../../Engine/Shaders/Private/Lumen/LumenScreenProbeImportanceSampling.usf" 2934
"../../../Engine/Shaders/Private/Lumen/LumenScreenProbeImportanceSamplingShared.ush" 2935
"../../../Engine/Shaders/Private/Lumen/LumenScreenProbeHardwareRayTracing.usf" 2936
"../../../Engine/Shaders/Private/Lumen/LumenScreenProbeDebug.usf" 2937
"../../../Engine/Shaders/Private/Lumen/LumenScreenProbeGather.usf" 2938
"../../../Engine/Shaders/Private/Lumen/LumenScreenProbeGatherTemporal.usf" 2939
"../../../Engine/Shaders/Private/Lumen/LumenScreenProbeFiltering.usf" 2940
"../../../Engine/Shaders/Private/Lumen/LumenSceneLighting.usf" 2941
"../../../Engine/Shaders/Private/Lumen/LumenCardTile.ush" 2942
"../../../Engine/Shaders/Private/Lumen/LumenSceneLighting.ush" 2943
"../../../Engine/Shaders/Private/Lumen/Radiosity/LumenRadiosity.ush" 2944
"../../../Engine/Shaders/Private/Lumen/LumenSceneLightingDebug.usf" 2945
"../../../Engine/Shaders/Private/Lumen/LumenScene.usf" 2946
"../../../Engine/Shaders/Private/Lumen/LumenSceneDirectLightingHardwareRayTracing.usf" 2947
"../../../Engine/Shaders/Private/Lumen/LumenSceneDirectLightingStochastic.ush" 2948
"../../../Engine/Shaders/Private/Lumen/LumenReflectionCommon.ush" 2949
"../../../Engine/Shaders/Private/Lumen/LumenSceneDirectLighting.ush" 2950
"../../../Engine/Shaders/Private/Lumen/LumenSceneDebugHardwareRayTracing.usf" 2951
"../../../Engine/Shaders/Private/Lumen/LumenSceneDirectLightingStochastic.usf" 2952
"../../../Engine/Shaders/Private/Lumen/LumenSceneDirectLightingSoftwareRayTracing.usf" 2953
"../../../Engine/Shaders/Private/DistanceFieldShadowingShared.ush" 2954
"../../../Engine/Shaders/Private/Lumen/LumenSceneDirectLightingPerLightShadowCommon.ush" 2955
"../../../Engine/Shaders/Private/Lumen/LumenSceneDirectLightingShadowMask.usf" 2956
"../../../Engine/Shaders/Private/Lumen/LumenSceneDirectLighting.usf" 2957
"../../../Engine/Shaders/Private/Lumen/LumenSceneDirectLightingCulling.usf" 2958
"../../../Engine/Shaders/Private/Lumen/LumenCardComputeShader.usf" 2959
"../../../Engine/Shaders/Private/Lumen/LumenCardBasePass.ush" 2960
"../../../Engine/Shaders/Private/Lumen/LumenCardPixelShader.usf" 2961
"../../../Engine/Shaders/Private/Lumen/LumenCardVertexShader.usf" 2962
"../../../Engine/Shaders/Private/Lumen/LumenReSTIRGather.usf" 2963
"../../../Engine/Shaders/Private/Lumen/LumenReflectionTracing.usf" 2964
"../../../Engine/Shaders/Private/Lumen/LumenReflectionDenoiserSpatial.usf" 2965
"../../../Engine/Shaders/Private/Lumen/LumenReflectionDenoiserClear.usf" 2966
"../../../Engine/Shaders/Private/Lumen/LumenReflectionDenoiserTemporal.usf" 2967
"../../../Engine/Shaders/Private/Lumen/LumenReflectionResolve.usf" 2968
"../../../Engine/Shaders/Private/Lumen/LumenReflections.usf" 2969
"../../../Engine/Shaders/Private/Lumen/RayTracedTranslucency.usf" 2970
"../../../Engine/Shaders/Private/Lumen/LumenReflectionHardwareRayTracing.usf" 2971
"../../../Engine/Shaders/Private/Lumen/Radiosity/LumenVisualizeRadiosityProbes.usf" 2972
"../../../Engine/Shaders/Private/Lumen/Radiosity/LumenRadiosity.usf" 2973
"../../../Engine/Shaders/Private/Lumen/Radiosity/LumenRadiosityHardwareRayTracing.usf" 2974
"../../../Engine/Shaders/Private/Lumen/Radiosity/LumenRadiosityCulling.usf" 2975
"../../../Engine/Shaders/Private/Lumen/LumenRadianceCacheHardwareRayTracing.usf" 2976
"../../../Engine/Shaders/Private/Lumen/LumenRadianceCache.usf" 2977
"../../../Engine/Shaders/Private/Lumen/LumenRadianceCacheUpdate.ush" 2978
"../../../Engine/Shaders/Private/Lumen/LumenRadianceCacheDebug.usf" 2979
"../../../Engine/Shaders/Private/Lumen/LumenRadianceCacheUpdate.usf" 2980
"../../../Engine/Shaders/Private/Lumen/LumenMeshSDFCulling.usf" 2981
"../../../Engine/Shaders/Private/HybridIndirectLighting.ush" 2982
"../../../Engine/Shaders/Private/MeshDistanceFieldCommon.ush" 2983
"../../../Engine/Shaders/Private/Lumen/LumenIrradianceFieldGather.usf" 2984
"../../../Engine/Shaders/Private/Lumen/LumenHardwareRayTracingMaterials.usf" 2985
"../../../Engine/Shaders/Private/Lumen/LumenFrontLayerTranslucency.usf" 2986
"../../../Engine/Shaders/Private/LocalFogVolumes/LocalFogVolumeSplat.usf" 2987
"../../../Engine/Shaders/Private/LocalFogVolumes/LocalFogVolumeTiledCulling.usf" 2988
"../../../Engine/Shaders/Private/LightShaftShader.usf" 2989
"../../../Engine/Shaders/Private/StationaryLightOverlapShaders.usf" 2990
"../../../Engine/Shaders/Private/DeferredLightPixelShaders.usf" 2991
"../../../Engine/Shaders/Private/DeferredLightVertexShaders.usf" 2992
"../../../Engine/Shaders/Private/LightMapDensityShader.usf" 2993
"../../../Engine/Shaders/Private/LightGridInjection.usf" 2994
"../../../Engine/Shaders/Shared/LightGridDefinitions.h" 2995
"../../../Engine/Shaders/Private/LightFunctionPixelShader.usf" 2996
"../../../Engine/Shaders/Private/LightFunctionVertexShader.usf" 2997
"../../../Engine/Shaders/Private/LightFunctionAtlas/LightFunctionAtlasRender.usf" 2998
"../../../Engine/Shaders/Private/InstanceCulling/InstanceCullingOcclusionQuery.usf" 2999
"../../../Engine/Shaders/Private/InstanceCulling/InstanceCullingSetup.ush" 3000
"../../../Engine/Shaders/Private/InstanceCulling/BuildInstanceDrawCommands.usf" 3001
"../../../Engine/Shaders/Private/InstanceCulling/InstanceCompactionCommon.ush" 3002
"../../../Engine/Shaders/Private/SceneDataMobileWriter.ush" 3003
"../../../Engine/Shaders/Private/InstanceCulling/CompactVisibleInstances.usf" 3004
"../../../Engine/Shaders/Private/ReflectionEnvironmentPixelShader.usf" 3005
"../../../Engine/Shaders/Private/AmbientCubemapComposite.usf" 3006
"../../../Engine/Shaders/Private/DiffuseIndirectComposite.usf" 3007
"../../../Engine/Shaders/Private/IESAtlas.usf" 3008
"../../../Engine/Shaders/Private/HeterogeneousVolumes/HeterogeneousVolumesVoxelGridShadows.usf" 3009
"../../../Engine/Shaders/Private/HeterogeneousVolumes/HeterogeneousVolumesStochasticFiltering.ush" 3010
"../../../Engine/Shaders/Private/HeterogeneousVolumes/HeterogeneousVolumesVoxelGridRenderingUtils.ush" 3011
"../../../Engine/Shaders/Private/HeterogeneousVolumes/HeterogeneousVolumesLightingUtils.ush" 3012
"../../../Engine/Shaders/Private/HeterogeneousVolumes/HeterogeneousVolumesVoxelGridRendering.usf" 3013
"../../../Engine/Shaders/Private/HeterogeneousVolumes/HeterogeneousVolumesVoxelGridPipeline.usf" 3014
"../../../Engine/Shaders/Private/HeterogeneousVolumes/HeterogeneousVolumesMaterialBakingPipeline.usf" 3015
"../../../Engine/Shaders/Private/HeterogeneousVolumes/HeterogeneousVolumesLiveShadingUtils.ush" 3016
"../../../Engine/Shaders/Private/HeterogeneousVolumes/HeterogeneousVolumesFrustumVoxelGrid.usf" 3017
"../../../Engine/Shaders/Private/HeterogeneousVolumes/HeterogeneousVolumesSparseVoxelPipeline.usf" 3018
"../../../Engine/Shaders/Private/HeterogeneousVolumes/HeterogeneousVolumesSparseVoxelUtils.ush" 3019
"../../../Engine/Shaders/Private/HeterogeneousVolumes/HeterogeneousVolumesSparseVoxelUniformBufferUtils.ush" 3020
"../../../Engine/Shaders/Private/HeterogeneousVolumes/HeterogeneousVolumesPreshadingPipeline.usf" 3021
"../../../Engine/Shaders/Private/HeterogeneousVolumes/HeterogeneousVolumesLiveShadingShadows.usf" 3022
"../../../Engine/Shaders/Private/HeterogeneousVolumes/HeterogeneousVolumesLiveShadingGlobalPipeline.usf" 3023
"../../../Engine/Shaders/Private/HeterogeneousVolumes/HeterogeneousVolumesLiveShadingPipeline.usf" 3024
"../../../Engine/Shaders/Private/HeterogeneousVolumes/HeterogeneousVolumesHardwareRayTracing.usf" 3025
"../../../Engine/Shaders/Private/HeterogeneousVolumes/HeterogeneousVolumesAmbientOcclusionPipeline.usf" 3026
"../../../Engine/Shaders/Private/HeterogeneousVolumes/HeterogeneousVolumesComposite.usf" 3027
"../../../Engine/Shaders/Private/HdrCustomResolveShaders.usf" 3028
"../../../Engine/Shaders/Private/HairStrands/RenderCurveRaster.usf" 3029
"../../../Engine/Shaders/Private/HairStrands/HairStrandsVoxelRasterCompute.usf" 3030
"../../../Engine/Shaders/Private/HairStrands/HairStrandsHitProxy.usf" 3031
"../../../Engine/Shaders/Private/HairStrands/HairStrandsVisibilityRasterComputeNaive.usf" 3032
"../../../Engine/Shaders/Private/HairStrands/HairStrandsVisibilityRasterHW.usf" 3033
"../../../Engine/Shaders/Private/HairStrands/HairStrandsVisibilityRasterCompute.usf" 3034
"../../../Engine/Shaders/Private/HairStrands/HairStrandsVisibilityRasterClassification.usf" 3035
"../../../Engine/Shaders/Private/HairStrands/HairStrandsCoverage.usf" 3036
"../../../Engine/Shaders/Private/HairStrands/HairStrandsVisibilityDepthPS.usf" 3037
"../../../Engine/Shaders/Private/HairStrands/HairStrandsVisibilityTransmittanceDepthPS.usf" 3038
"../../../Engine/Shaders/Private/HairStrands/HairStrandsVisibilityFillOpaqueDepthPS.usf" 3039
"../../../Engine/Shaders/Private/HairStrands/HairStrandsVisibilityCompactionComputeRaster.usf" 3040
"../../../Engine/Shaders/Private/HairStrands/HairStrandsVisibilityCompaction.usf" 3041
"../../../Engine/Shaders/Private/HairStrands/HairStrandsVisibilityCopyIndirectArg.usf" 3042
"../../../Engine/Shaders/Private/HairStrands/HairStrandsVisibilityClearPS.usf" 3043
"../../../Engine/Shaders/Private/HairStrands/HairStrandsVisibilityPS.usf" 3044
"../../../Engine/Shaders/Private/HairStrands/HairStrandsVisibilityVS.usf" 3045
"../../../Engine/Shaders/Private/HairStrands/HairStrandsVelocity.usf" 3046
"../../../Engine/Shaders/Private/HairStrands/HairStrandsVisibilityComputeSampleCoverage.usf" 3047
"../../../Engine/Shaders/Private/HairStrands/HairStrandsMaterialPS.usf" 3048
"../../../Engine/Shaders/Private/HairStrands/HairStrandsMaterialCommon.ush" 3049
"../../../Engine/Shaders/Private/HairStrands/HairStrandsMaterialVS.usf" 3050
"../../../Engine/Shaders/Private/HairStrands/HairStrandsLightSample.usf" 3051
"../../../Engine/Shaders/Private/HairStrands/HairStrandsDeepShadowMask.usf" 3052
"../../../Engine/Shaders/Private/HairStrands/HairStrandsDeepTransmittanceMask.usf" 3053
"../../../Engine/Shaders/Private/HairStrands/HairStrandsVisibilityTile.usf" 3054
"../../../Engine/Shaders/Private/HairStrands/HairStrandsDeepShadowPS.usf" 3055
"../../../Engine/Shaders/Private/HairStrands/HairStrandsDeepShadowVS.usf" 3056
"../../../Engine/Shaders/Private/HairStrands/HairStrandsAABB.usf" 3057
"../../../Engine/Shaders/Private/HairStrands/HairStrandsLUT.usf" 3058
"../../../Engine/Shaders/Private/HairStrands/HairStrandsForwardRaster.usf" 3059
"../../../Engine/Shaders/Private/HairStrands/HairStrandsForwardCulling.usf" 3060
"../../../Engine/Shaders/Private/HairStrands/HairStrandsEnvironmentLighting.usf" 3061
"../../../Engine/Shaders/Private/HairStrands/HairStrandsEnvironmentAO.usf" 3062
"../../../Engine/Shaders/Private/HairStrands/HairStrandsDeepShadowAllocation.usf" 3063
"../../../Engine/Shaders/Private/HairStrands/HairStrandsVoxelDebug.usf" 3064
"../../../Engine/Shaders/Private/HairStrands/HairStrandsComposition.usf" 3065
"../../../Engine/Shaders/Private/HairStrands/HairStrandsGBufferCommon.ush" 3066
"../../../Engine/Shaders/Private/GPUScene/GPUSceneDataManagement.usf" 3067
"../../../Engine/Shaders/Private/GPUSceneDebugRender.usf" 3068
"../../../Engine/Shaders/Private/GPUFeedbackCompaction.usf" 3069
"../../../Engine/Shaders/Private/GPUFastFourierTransform.usf" 3070
"../../../Engine/Shaders/Private/GPUFastFourierTransform2DCore.ush" 3071
"../../../Engine/Shaders/Private/GPUFastFourierTransformCore.ush" 3072
"../../../Engine/Shaders/Private/GPUBenchmark.usf" 3073
"../../../Engine/Shaders/Private/DistanceField/GlobalDistanceFieldDebug.usf" 3074
"../../../Engine/Shaders/Private/DistanceField/GlobalDistanceFieldUpdate.ush" 3075
"../../../Engine/Shaders/Private/DistanceField/GlobalDistanceFieldMip.usf" 3076
"../../../Engine/Shaders/Private/DistanceField/GlobalDistanceField.usf" 3077
"../../../Engine/Shaders/Private/DistanceField/GlobalDistanceFieldCompositeObjects.usf" 3078
"../../../Engine/Shaders/Private/DistanceField/GlobalDistanceFieldHeightfields.usf" 3079
"../../../Engine/Shaders/Private/HeightfieldLightingShared.ush" 3080
"../../../Engine/Shaders/Private/GenerateConservativeDepth.usf" 3081
"../../../Engine/Shaders/Private/HeightFogPixelShader.usf" 3082
"../../../Engine/Shaders/Private/HeightFogVertexShader.usf" 3083
"../../../Engine/Shaders/Private/DistortFiltering.usf" 3084
"../../../Engine/Shaders/Private/DistortAccumulatePS.usf" 3085
"../../../Engine/Shaders/Private/DistortAccumulateVS.usf" 3086
"../../../Engine/Shaders/Private/DistanceFieldVisualization.usf" 3087
"../../../Engine/Shaders/Private/DistanceFieldStreaming.usf" 3088
"../../../Engine/Shaders/Private/DistanceFieldShadowing.usf" 3089
"../../../Engine/Shaders/Private/DistanceFieldScreenGridLighting.usf" 3090
"../../../Engine/Shaders/Private/DistanceFieldObjectCulling.usf" 3091
"../../../Engine/Shaders/Private/DistanceFieldLightingPost.usf" 3092
"../../../Engine/Shaders/Private/DitheredTransitionStencil.usf" 3093
"../../../Engine/Shaders/Private/CopyDepthTexture.usf" 3094
"../../../Engine/Shaders/Private/CopyDepthTextureCS.usf" 3095
"../../../Engine/Shaders/Private/DeferredDecal.usf" 3096
"../../../Engine/Shaders/Private/DecalCommon.ush" 3097
"../../../Engine/Shaders/Private/DebugViewModeVertexShader.usf" 3098
"../../../Engine/Shaders/Private/DebugViewModeCommon.ush" 3099
"../../../Engine/Shaders/Private/DebugViewModePixelShader.usf" 3100
"../../../Engine/Shaders/Private/DebugProbes.usf" 3101
"../../../Engine/Shaders/Private/MeshDecals.usf" 3102
"../../../Engine/Shaders/Private/PostProcessAmbientOcclusion.usf" 3103
"../../../Engine/Shaders/Private/ClusteredDeferredShadingPixelShader.usf" 3104
"../../../Engine/Shaders/Private/ClusteredDeferredShadingVertexShader.usf" 3105
"../../../Engine/Shaders/Private/CapsuleShadowShaders.usf" 3106
"../../../Engine/Shaders/Private/BasePassPixelShader.usf" 3107
"../../../Engine/Shaders/Private/ForwardLightingCommon.ush" 3108
"../../../Engine/Shaders/Private/Substrate/SubstrateForwardLighting.ush" 3109
"../../../Engine/Shaders/Private/ComputeShaderOutputCommon.ush" 3110
"../../../Engine/Shaders/Private/BasePassVertexShader.usf" 3111
"../../../Engine/Shaders/Private/BasePassVertexCommon.ush" 3112
"../../../Engine/Shaders/Private/SimpleElementVolumeTexturePreviewPixelShader.usf" 3113
"../../../Engine/Shaders/Private/SimpleElementTexture2DPreviewPixelShader.usf" 3114
"../../../Engine/Shaders/Private/meshpaintdilatepixelshader.usf" 3115
"../../../Engine/Shaders/Private/meshpaintdilatevertexshader.usf" 3116
"../../../Engine/Shaders/Private/MeshPaintPixelShader.usf" 3117
"../../../Engine/Shaders/Private/MeshPaintVertexShader.usf" 3118
"../../../Engine/Shaders/Private/SlateElementPixelShader.usf" 3119
"../../../Engine/Shaders/Private/SlateShaderCommon.ush" 3120
"../../../Engine/Shaders/Private/SlateMaskingShader.usf" 3121
"../../../Engine/Shaders/Private/SlateVertexShader.usf" 3122
"../../../Engine/Shaders/Private/CompositeUIPixelShader.usf" 3123
"../../../Engine/Shaders/Private/ColorDeficiency.ush" 3124
"../../../Engine/Shaders/Private/SlatePostProcessColorDeficiencyPixelShader.usf" 3125
"../../../Engine/Shaders/Private/SlatePostProcessPixelShader.usf" 3126
"../../../Engine/Shaders/Private/Tools/VisualizeTexture.usf" 3127
"../../../Engine/Shaders/Private/UpdateDescriptorHandle.usf" 3128
"../../../Engine/Shaders/Private/ByteBuffer.usf" 3129
"../../../Engine/Shaders/Private/ShaderBundleWorkGraphDispatch.usf" 3130
"../../../Engine/Shaders/Private/ShaderBundleDispatch.usf" 3131
"../../../Engine/Shaders/Private/ResolveVertexShader.usf" 3132
"../../../Engine/Shaders/Private/ResolvePixelShader.usf" 3133
"../../../Engine/Shaders/Private/Tools/SetupIndirectArgs.usf" 3134
"../../../Engine/Shaders/Private/ClearReplacementShaders.usf" 3135
"../../../Engine/Shaders/Private/Tools/DrawTexture.usf" 3136
"../../../Engine/Shaders/Private/RayTracing/RayTracingValidation.usf" 3137
"../../../Engine/Shaders/Private/RenderGraphUtilities.usf" 3138
"../../../Engine/Shaders/Private/OneColorShader.usf" 3139
"../../../Engine/Shaders/Private/OculusShaders.usf" 3140
"../../../Engine/Shaders/Private/MediaShaders.usf" 3141
"../../../Engine/Shaders/Private/GPUMessaging.usf" 3142
"../../../Engine/Shaders/Private/Tools/GPUDebugCrashUtils.usf" 3143
"../../../Engine/Shaders/Private/NullPixelShader.usf" 3144
"../../../Engine/Shaders/Private/ComputeGenerateMips.usf" 3145
"../../../Engine/Shaders/Private/Tools/DumpTexture.usf" 3146
"../../../Engine/Shaders/Private/CopyTextureShaders.usf" 3147
"../../../Engine/Shaders/Private/Tools/FullscreenVertexShader.usf" 3148
"../../../Engine/Shaders/Private/RayTracing/RayTracingDispatchDesc.usf" 3149
"../../../Engine/Shaders/Private/Bink.usf" 3150
"../../../Engine/Shaders/Private/VelocityShader.usf" 3151
"../../../Engine/Shaders/Private/DepthOnlyPixelShader.usf" 3152
"../../../Engine/Shaders/Private/PositionOnlyDepthVertexShader.usf" 3153
"../../../Engine/Shaders/Private/DepthOnlyVertexShader.usf" 3154
"../../../Engine/Shaders/Private/AnisotropyPassShader.usf" 3155
"/Engine/EngineResources/WhiteSquareTexture" 3156
"../../../Engine/Content/EngineResources/WhiteSquareTexture.uasset" 3157
"/Engine/EngineResources/GradientTexture0" 3158
"../../../Engine/Content/EngineResources/GradientTexture0.uasset" 3159
"/Engine/EngineResources/Black" 3160
"../../../Engine/Content/EngineResources/Black.uasset" 3161
"/Engine/EditorResources/S_Actor" 3162
"../../../Engine/Content/EditorResources/S_Actor.uasset" 3163
"/Engine/EngineFonts/RobotoDistanceField" 3164
"../../../Engine/Content/EngineFonts/RobotoDistanceField.uasset" 3165
"/Engine/EngineMaterials/DefaultTextMaterialOpaque" 3166
"../../../Engine/Content/EngineMaterials/DefaultTextMaterialOpaque.uasset" 3167
"/Engine/Functions/Engine_MaterialFunctions01/Shading/PowerToRoughness" 3168
"../../../Engine/Content/Functions/Engine_MaterialFunctions01/Shading/PowerToRoughness.uasset" 3169
"/Engine/Functions/Engine_MaterialFunctions01/Shading/ConvertFromDiffSpec" 3170
"../../../Engine/Content/Functions/Engine_MaterialFunctions01/Shading/ConvertFromDiffSpec.uasset" 3171
"/Engine/EngineMaterials/WorldGridMaterial" 3172
"../../../Engine/Content/EngineMaterials/WorldGridMaterial.uasset" 3173
"../../../Engine/Content/Functions/Engine_MaterialFunctions01/Opacity/CameraDepthFade.uasset" 3174
"../../../Engine/Content/EngineMaterials/T_Default_Material_Grid_M.uasset" 3175
"../../../Engine/Content/EngineMaterials/T_Default_Material_Grid_N.uasset" 3176
"/Engine/EngineMaterials/DefaultDeferredDecalMaterial" 3177
"../../../Engine/Content/EngineMaterials/DefaultDeferredDecalMaterial.uasset" 3178
"../../../Engine/Content/EngineMaterials/DefaultDiffuse.uasset" 3179
"/Engine/EngineMaterials/DefaultLightFunctionMaterial" 3180
"../../../Engine/Content/EngineMaterials/DefaultLightFunctionMaterial.uasset" 3181
"/Engine/EngineMaterials/DefaultPostProcessMaterial" 3182
"../../../Engine/Content/EngineMaterials/DefaultPostProcessMaterial.uasset" 3183
"../../../Engine/Content/Functions/Engine_MaterialFunctions02/Utility/BreakOutFloat2Components.uasset" 3184
"/Engine/EditorResources/S_Trigger" 3185
"../../../Engine/Content/EditorResources/S_Trigger.uasset" 3186
"/Engine/EditorResources/S_BoxReflectionCapture" 3187
"../../../Engine/Content/EditorResources/S_BoxReflectionCapture.uasset" 3188
"/Engine/EngineResources/DefaultTexture" 3189
"../../../Engine/Content/EngineResources/DefaultTexture.uasset" 3190
"/Engine/EditorResources/S_TriggerBox" 3191
"../../../Engine/Content/EditorResources/S_TriggerBox.uasset" 3192
"/Engine/EditorResources/S_TriggerCapsule" 3193
"../../../Engine/Content/EditorResources/S_TriggerCapsule.uasset" 3194
"/Engine/EditorResources/S_TriggerSphere" 3195
"../../../Engine/Content/EditorResources/S_TriggerSphere.uasset" 3196
"/Engine/EngineDamageTypes/DmgTypeBP_Environmental" 3197
"../../../Engine/Content/EngineDamageTypes/DmgTypeBP_Environmental.uasset" 3198
"/Engine/EngineMeshes/Sphere" 3199
"../../../Engine/Content/EngineMeshes/Sphere.uasset" 3200
"/Engine/EngineResources/DefaultTextureCube" 3201
"../../../Engine/Content/EngineResources/DefaultTextureCube.uasset" 3202
"/Engine/EngineResources/DefaultVolumeTexture" 3203
"../../../Engine/Content/EngineResources/DefaultVolumeTexture.uasset" 3204
"../../../Engine/Content/EngineResources/DefaultVolumeTexture2D.uasset" 3205
"/Engine/VREditor/TransformGizmo/SM_Sequencer_Node" 3206
"../../../Engine/Content/VREditor/TransformGizmo/SM_Sequencer_Node.uasset" 3207
"../../../Engine/Content/VREditor/TransformGizmo/Main.uasset" 3208
"../../../Engine/Content/VREditor/TransformGizmo/Xray.uasset" 3209
"/Engine/EditorResources/S_Solver" 3210
"../../../Engine/Content/EditorResources/S_Solver.uasset" 3211
"/Engine/EngineDebugMaterials/VolumeToRender" 3212
"../../../Engine/Content/EngineDebugMaterials/VolumeToRender.uasset" 3213
"/Engine/EngineDebugMaterials/M_VolumeRenderSphereTracePP" 3214
"../../../Engine/Content/EngineDebugMaterials/M_VolumeRenderSphereTracePP.uasset" 3215
"../../../Engine/Content/Functions/Engine_MaterialFunctions02/Utility/CameraDirectionVector.uasset" 3216
"/Engine/EditorMeshes/Camera/SM_CraneRig_Base" 3217
"../../../Engine/Content/EditorMeshes/Camera/SM_CraneRig_Base.uasset" 3218
"../../../Engine/Content/EditorMaterials/Camera/MI_CineMat_Rig.uasset" 3219
"../../../Engine/Content/EditorMaterials/Camera/CineMat.uasset" 3220
"/Engine/EditorMeshes/Camera/SM_CraneRig_Arm" 3221
"../../../Engine/Content/EditorMeshes/Camera/SM_CraneRig_Arm.uasset" 3222
"/Engine/EditorMeshes/Camera/SM_CraneRig_Mount" 3223
"../../../Engine/Content/EditorMeshes/Camera/SM_CraneRig_Mount.uasset" 3224
"/Engine/EditorMeshes/Camera/SM_CraneRig_Body" 3225
"../../../Engine/Content/EditorMeshes/Camera/SM_CraneRig_Body.uasset" 3226
"/Engine/EditorMeshes/Camera/SM_RailRig_Track" 3227
"../../../Engine/Content/EditorMeshes/Camera/SM_RailRig_Track.uasset" 3228
"/Engine/EditorMeshes/Camera/SM_RailRig_Mount" 3229
"../../../Engine/Content/EditorMeshes/Camera/SM_RailRig_Mount.uasset" 3230
"/Engine/EditorLandscapeResources/SplineEditorMesh" 3231
"../../../Engine/Content/EditorLandscapeResources/SplineEditorMesh.uasset" 3232
"../../../Engine/Content/EditorLandscapeResources/SplineEditorMeshMat.uasset" 3233
"/HairStrands/Materials/HairDebugMaterial" 3234
"../../Plugins/Runtime/HairStrands/Content/Materials/HairDebugMaterial.uasset" 3235
"../../../Engine/Content/Functions/Engine_MaterialFunctions02/Utility/MakeFloat2.uasset" 3236
"../../../Engine/Content/Functions/Engine_MaterialFunctions02/Utility/MakeFloat3.uasset" 3237
"../../../Engine/Content/EngineMaterials/HairColorMap.uasset" 3238
"../../../Engine/Content/EngineMaterials/HairDebugColor.uasset" 3239
"../../Plugins/Runtime/HairStrands/Content/Materials/HairGroupColors.uasset" 3240
"/HairStrands/Materials/HairDefaultMaterial" 3241
"../../Plugins/Runtime/HairStrands/Content/Materials/HairDefaultMaterial.uasset" 3242
"/HairStrands/Materials/HairCardsDefaultMaterial" 3243
"../../Plugins/Runtime/HairStrands/Content/Materials/HairCardsDefaultMaterial.uasset" 3244
"/HairStrands/Materials/HairMeshesDefaultMaterial" 3245
"../../Plugins/Runtime/HairStrands/Content/Materials/HairMeshesDefaultMaterial.uasset" 3246
"/Engine/BasicShapes/Cube" 3247
"../../../Engine/Content/BasicShapes/Cube.uasset" 3248
"/CameraCalibrationCore/Materials/M_DefaultOddSquare" 3249
"../../Plugins/VirtualProduction/CameraCalibrationCore/Content/Materials/M_DefaultOddSquare.uasset" 3250
"/CameraCalibrationCore/Materials/M_DefaultEvenSquare" 3251
"../../Plugins/VirtualProduction/CameraCalibrationCore/Content/Materials/M_DefaultEvenSquare.uasset" 3252
"/Engine/EngineMaterials/Widget3DPassThrough_Translucent" 3253
"../../../Engine/Content/EngineMaterials/Widget3DPassThrough_Translucent.uasset" 3254
"../../../Engine/Content/EngineMaterials/Widget3DPassThrough.uasset" 3255
"/Engine/EngineMaterials/Widget3DPassThrough_Translucent_OneSided" 3256
"../../../Engine/Content/EngineMaterials/Widget3DPassThrough_Translucent_OneSided.uasset" 3257
"/Engine/EngineMaterials/Widget3DPassThrough_Opaque" 3258
"../../../Engine/Content/EngineMaterials/Widget3DPassThrough_Opaque.uasset" 3259
"/Engine/EngineMaterials/Widget3DPassThrough_Opaque_OneSided" 3260
"../../../Engine/Content/EngineMaterials/Widget3DPassThrough_Opaque_OneSided.uasset" 3261
"/Engine/EngineMaterials/Widget3DPassThrough_Masked" 3262
"../../../Engine/Content/EngineMaterials/Widget3DPassThrough_Masked.uasset" 3263
"/Engine/EngineMaterials/Widget3DPassThrough_Masked_OneSided" 3264
"../../../Engine/Content/EngineMaterials/Widget3DPassThrough_Masked_OneSided.uasset" 3265
"/Engine/VREditor/ViewportInteractionAssetContainerData" 3266
"../../../Engine/Content/VREditor/ViewportInteractionAssetContainerData.uasset" 3267
"../../../Engine/Content/VREditor/SnapGrid/SnapGridMaterial.uasset" 3268
"../../../Engine/Content/VREditor/TransformGizmo/TransformGizmoMaterial_Inst.uasset" 3269
"../../../Engine/Content/VREditor/TransformGizmo/TranslucentTransformGizmoMaterial_Inst.uasset" 3270
"../../../Engine/Content/VREditor/SnapGrid/SnapGridPlaneMesh.uasset" 3271
"../../../Engine/Content/VREditor/Sounds/UI/Drop_Item_From_ContentBrowser.uasset" 3272
"../../../Engine/Content/VREditor/Sounds/UI/Gizmo_Handle_Clicked.uasset" 3273
"../../../Engine/Content/VREditor/Sounds/UI/Object_PickUp.uasset" 3274
"../../../Engine/Content/VREditor/Sounds/UI/Object_Snaps_To_Another_Actor.uasset" 3275
"../../../Engine/Content/VREditor/Sounds/UI/Object_Snaps_To_Grid.uasset" 3276
"../../../Engine/Content/VREditor/Sounds/UI/Scaling_Down.uasset" 3277
"../../../Engine/Content/VREditor/Sounds/UI/Scaling_Up.uasset" 3278
"../../../Engine/Content/VREditor/Sounds/UI/Selection_Changes.uasset" 3279
"../../../Engine/Content/VREditor/TransformGizmo/PlaneTranslationHandle.uasset" 3280
"../../../Engine/Content/VREditor/TransformGizmo/RotationHandleFull.uasset" 3281
"../../../Engine/Content/VREditor/TransformGizmo/RotationHandleIndicator.uasset" 3282
"../../../Engine/Content/VREditor/TransformGizmo/RotationHandleQuarter.uasset" 3283
"../../../Engine/Content/VREditor/TransformGizmo/StartRotationHandleIndicator.uasset" 3284
"../../../Engine/Content/VREditor/TransformGizmo/TransformGizmoFreeRotation.uasset" 3285
"../../../Engine/Content/VREditor/TransformGizmo/TranslateArrowHandle.uasset" 3286
"../../../Engine/Content/VREditor/TransformGizmo/UniformScaleHandle.uasset" 3287
"../../../Engine/Content/Functions/Engine_MaterialFunctions02/Math/Transform3x3Matrix.uasset" 3288
"../../../Engine/Content/Functions/Engine_MaterialFunctions02/SplitComponents.uasset" 3289
"../../../Engine/Content/VREditor/TransformGizmo/TransformGizmoMaterial.uasset" 3290
"../../../Engine/Content/VREditor/TransformGizmo/TranslucentTransformGizmoMaterial.uasset" 3291
"../../../Engine/Content/Functions/Engine_MaterialFunctions02/Utility/BreakOutFloat3Components.uasset" 3292
"../../../Engine/Content/VREditor/LaserPointer/VR_LaserPower_01.uasset" 3293
"/Engine/VREditor/TransformGizmo/BoundingBoxCorner" 3294
"../../../Engine/Content/VREditor/TransformGizmo/BoundingBoxCorner.uasset" 3295
"/Engine/VREditor/TransformGizmo/BoundingBoxEdge" 3296
"../../../Engine/Content/VREditor/TransformGizmo/BoundingBoxEdge.uasset" 3297
"/Engine/ArtTools/RenderToTexture/Meshes/S_1_Unit_Plane" 3298
"../../../Engine/Content/ArtTools/RenderToTexture/Meshes/S_1_Unit_Plane.uasset" 3299
"/Engine/EngineDebugMaterials/M_SimpleUnlitTranslucent" 3300
"../../../Engine/Content/EngineDebugMaterials/M_SimpleUnlitTranslucent.uasset" 3301
"/Engine/EngineFonts/Roboto" 3302
"../../../Engine/Content/EngineFonts/Roboto.uasset" 3303
"../../../Engine/Content/EngineFonts/Faces/DroidSansFallback.uasset" 3304
"../../../Engine/Content/EngineFonts/Faces/RobotoBold.uasset" 3305
"../../../Engine/Content/EngineFonts/Faces/RobotoBoldItalic.uasset" 3306
"../../../Engine/Content/EngineFonts/Faces/RobotoItalic.uasset" 3307
"../../../Engine/Content/EngineFonts/Faces/RobotoLight.uasset" 3308
"../../../Engine/Content/EngineFonts/Faces/RobotoRegular.uasset" 3309
"/Engine/EditorMaterials/ParticleSystems/PSysThumbnail_NoImage" 3310
"../../../Engine/Content/EditorMaterials/ParticleSystems/PSysThumbnail_NoImage.uasset" 3311
"/Engine/EditorMaterials/ParticleSystems/PSysThumbnail_OOD" 3312
"../../../Engine/Content/EditorMaterials/ParticleSystems/PSysThumbnail_OOD.uasset" 3313
"/Engine/EngineResources/LandscapeVisibilityLayerInfo" 3314
"../../../Engine/Content/EngineResources/LandscapeVisibilityLayerInfo.uasset" 3315
"../../../Engine/Content/Internationalization/icudt64l/coll/en.res" 3316
"/ACLPlugin/ACLAnimBoneCompressionSettings" 3317
"../../Plugins/Animation/ACLPlugin/Content/ACLAnimBoneCompressionSettings.uasset" 3318
"/Engine/Animation/DefaultRecorderBoneCompression" 3319
"../../../Engine/Content/Animation/DefaultRecorderBoneCompression.uasset" 3320
"/ACLPlugin/ACLAnimCurveCompressionSettings" 3321
"../../Plugins/Animation/ACLPlugin/Content/ACLAnimCurveCompressionSettings.uasset" 3322
"/Engine/Animation/DefaultVariableFrameStrippingSettings" 3323
"../../../Engine/Content/Animation/DefaultVariableFrameStrippingSettings.uasset" 3324
"/AudioWidgets/Resources/ScrubHandleDown_Clamped" 3325
"../../Plugins/Runtime/AudioWidgets/Content/Resources/ScrubHandleDown_Clamped.uasset" 3326
"/Paper2D/MaskedUnlitSpriteMaterial" 3327
"../../Plugins/2D/Paper2D/Content/MaskedUnlitSpriteMaterial.uasset" 3328
"../../Plugins/2D/Paper2D/Content/DefaultSpriteMaterial.uasset" 3329
"../../Plugins/2D/Paper2D/Content/PlaceholderTextures/DummySpriteTexture.uasset" 3330
"/Paper2D/OpaqueUnlitSpriteMaterial" 3331
"../../Plugins/2D/Paper2D/Content/OpaqueUnlitSpriteMaterial.uasset" 3332
"/Paper2D/DefaultPaperTerrainMaterial" 3333
"../../Plugins/2D/Paper2D/Content/DefaultPaperTerrainMaterial.uasset" 3334
"../../Plugins/2D/Paper2D/Content/DummySprite.uasset" 3335
"/ControlRig/Controls/ControlRigXRayMaterial" 3336
"../../Plugins/Animation/ControlRig/Content/Controls/ControlRigXRayMaterial.uasset" 3337
"/ControlRig/Controls/DefaultGizmoLibraryNormalized" 3338
"../../Plugins/Animation/ControlRig/Content/Controls/DefaultGizmoLibraryNormalized.uasset" 3339
"/ControlRig/M_Manip" 3340
"../../Plugins/Animation/ControlRig/Content/M_Manip.uasset" 3341
"../../../Engine/Content/Functions/Engine_MaterialFunctions02/WorldPositionOffset/CameraOffset.uasset" 3342
"/SpeedTreeImporter/SpeedTree9/SpeedTreeMaster" 3343
"../../Plugins/Editor/SpeedTreeImporter/Content/SpeedTree9/SpeedTreeMaster.uasset" 3344
"../../../Engine/Content/Functions/Engine_MaterialFunctions02/ObjectLocalBounds.uasset" 3345
"../../../Engine/Content/Functions/Engine_MaterialFunctions02/SafeNormalize.uasset" 3346
"../../../Engine/Content/Functions/Engine_MaterialFunctions02/Utility/VectorLength.uasset" 3347
"../../../Engine/Content/Functions/Engine_MaterialFunctions02/UVs/BoundingBoxBased_0-1_UVW.uasset" 3348
"../../../Engine/Content/Functions/Engine_MaterialFunctions02/WorldPositionOffset/ObjectScale.uasset" 3349
"../../Plugins/Editor/SpeedTreeImporter/Content/SpeedTree9/SpeedTreeBranchMotion.uasset" 3350
"../../Plugins/Editor/SpeedTreeImporter/Content/SpeedTree9/SpeedTreeCameraFacing.uasset" 3351
"../../Plugins/Editor/SpeedTreeImporter/Content/SpeedTree9/SpeedTreeWind.uasset" 3352
"../../Plugins/Editor/SpeedTreeImporter/Content/SpeedTree9/SpeedTreeWindMotion.uasset" 3353
"../../Plugins/Editor/SpeedTreeImporter/Content/SpeedTree9/UnpackDirection.uasset" 3354
"../../Plugins/Editor/SpeedTreeImporter/Content/SpeedTree9/UnpackInteger3.uasset" 3355
"../../Plugins/Editor/SpeedTreeImporter/Content/SpeedTree9/Empty.uasset" 3356
"../../Plugins/Editor/SpeedTreeImporter/Content/SpeedTree9/EmptyNormal.uasset" 3357
"../../Plugins/Editor/SpeedTreeImporter/Content/SpeedTree9/game_wind_noise.uasset" 3358
"/SpeedTreeImporter/SpeedTree9/SpeedTreeBillboardMaster" 3359
"../../Plugins/Editor/SpeedTreeImporter/Content/SpeedTree9/SpeedTreeBillboardMaster.uasset" 3360
"../../Plugins/Editor/SpeedTreeImporter/Content/SpeedTree9/SpeedTreeBillboard.uasset" 3361
"/MediaPlate/SM_MediaPlateScreen" 3362
"../../Plugins/Media/MediaPlate/Content/SM_MediaPlateScreen.uasset" 3363
"/Engine/BasicShapes/BasicShapeMaterial" 3364
"../../../Engine/Content/BasicShapes/BasicShapeMaterial.uasset" 3365
"/Engine/EditorMaterials/Dataflow/DataflowVertexMaterial" 3366
"../../../Engine/Content/EditorMaterials/Dataflow/DataflowVertexMaterial.uasset" 3367
"/Engine/EditorMaterials/Dataflow/DataflowTwoSidedVertexMaterial" 3368
"../../../Engine/Content/EditorMaterials/Dataflow/DataflowTwoSidedVertexMaterial.uasset" 3369
"/Engine/EditorLandscapeResources/LayerVisMaterial" 3370
"../../../Engine/Content/EditorLandscapeResources/LayerVisMaterial.uasset" 3371
"../../../Engine/Content/EditorLandscapeResources/WhiteSquareTexture.uasset" 3372
"/Engine/EditorLandscapeResources/SelectBrushMaterial_Selected" 3373
"../../../Engine/Content/EditorLandscapeResources/SelectBrushMaterial_Selected.uasset" 3374
"../../../Engine/Content/EditorLandscapeResources/SelectBrushMaterial.uasset" 3375
"../../../Engine/Content/Functions/Engine_MaterialFunctions03/Math/WithinRangeFloat2.uasset" 3376
"../../../Engine/Content/EditorLandscapeResources/DefaultAlphaTexture.uasset" 3377
"/Engine/EditorLandscapeResources/SelectBrushMaterial_SelectedRegion" 3378
"../../../Engine/Content/EditorLandscapeResources/SelectBrushMaterial_SelectedRegion.uasset" 3379
"/Engine/EditorLandscapeResources/MaskBrushMaterial_MaskedRegion" 3380
"../../../Engine/Content/EditorLandscapeResources/MaskBrushMaterial_MaskedRegion.uasset" 3381
"../../../Engine/Content/EditorLandscapeResources/MaskBrushMaterial.uasset" 3382
"/Engine/EditorLandscapeResources/ColorMaskBrushMaterial_MaskedRegion" 3383
"../../../Engine/Content/EditorLandscapeResources/ColorMaskBrushMaterial_MaskedRegion.uasset" 3384
"../../../Engine/Content/EditorLandscapeResources/ColorMaskBrushMaterial.uasset" 3385
"/Engine/EditorLandscapeResources/LandscapeDirtyMaterial" 3386
"../../../Engine/Content/EditorLandscapeResources/LandscapeDirtyMaterial.uasset" 3387
"/Engine/EditorLandscapeResources/LandscapeLayerUsageMaterial" 3388
"../../../Engine/Content/EditorLandscapeResources/LandscapeLayerUsageMaterial.uasset" 3389
"../../../Engine/Content/Functions/Engine_MaterialFunctions01/Debug/DebugIntValues.uasset" 3390
"../../../Engine/Content/Functions/Engine_MaterialFunctions01/Texturing/ScaleUVsByCenter.uasset" 3391
"../../../Engine/Content/Functions/Engine_MaterialFunctions02/WorldPositionOffset/LocalPosition.uasset" 3392
"../../../Engine/Content/Functions/Engine_MaterialFunctions01/Texturing/TextureCropping.uasset" 3393
"../../../Engine/Content/Functions/Engine_MaterialFunctions02/ExampleContent/DebugNumberStrip.uasset" 3394
"C:/Users/lucas/AppData/Local/UnrealEngine/Editor/UInteractiveToolsPresetCollectionAsset_DefaultCollection.json" 3395
"/Engine/EngineMaterials/NaniteHiddenSectionMaterial" 3396
"../../../Engine/Content/EngineMaterials/NaniteHiddenSectionMaterial.uasset" 3397
"/Engine/EngineMaterials/RemoveSurfaceMaterial" 3398
"../../../Engine/Content/EngineMaterials/RemoveSurfaceMaterial.uasset" 3399
"/Engine/EngineDebugMaterials/DebugMeshMaterial" 3400
"../../../Engine/Content/EngineDebugMaterials/DebugMeshMaterial.uasset" 3401
"/Engine/EngineMaterials/EmissiveMeshMaterial" 3402
"../../../Engine/Content/EngineMaterials/EmissiveMeshMaterial.uasset" 3403
"../../../Engine/Content/EngineMaterials/DefaultWhiteGrid_Low.uasset" 3404
"/Engine/EngineMaterials/M_InvalidLightmapSettings" 3405
"../../../Engine/Content/EngineMaterials/M_InvalidLightmapSettings.uasset" 3406
"../../../Engine/Content/EngineMaterials/InvalidLightmapSettings.uasset" 3407
"/Engine/EngineMaterials/GizmoMaterial" 3408
"../../../Engine/Content/EngineMaterials/GizmoMaterial.uasset" 3409
"/Engine/EngineMaterials/PhAT_JointLimitMaterial" 3410
"../../../Engine/Content/EngineMaterials/PhAT_JointLimitMaterial.uasset" 3411
"/Engine/EngineMaterials/FlattenMaterial" 3412
"../../../Engine/Content/EngineMaterials/FlattenMaterial.uasset" 3413
"../../../Engine/Content/EngineMaterials/BaseFlattenDiffuseMap.uasset" 3414
"../../../Engine/Content/EngineMaterials/BaseFlattenEmissiveMap.uasset" 3415
"../../../Engine/Content/EngineMaterials/BaseFlattenGrayscaleMap.uasset" 3416
"../../../Engine/Content/EngineMaterials/BaseFlattenLinearColor.uasset" 3417
"../../../Engine/Content/EngineMaterials/BaseFlattenNormalMap.uasset" 3418
"../../../Engine/Content/Functions/Engine_MaterialFunctions02/PivotPainter2/Black_1x1_EXR_Texture.uasset" 3419
"/Engine/EngineMaterials/FlattenMaterial_VT" 3420
"../../../Engine/Content/EngineMaterials/FlattenMaterial_VT.uasset" 3421
"../../../Engine/Content/EngineMaterials/BaseFlattenDiffuseMap_VT.uasset" 3422
"../../../Engine/Content/EngineMaterials/BaseFlattenEmissiveMap_VT.uasset" 3423
"../../../Engine/Content/EngineMaterials/BaseFlattenGrayscaleMap_VT.uasset" 3424
"../../../Engine/Content/EngineMaterials/BaseFlattenLinearColor_VT.uasset" 3425
"../../../Engine/Content/EngineMaterials/BaseFlattenNormalMap_VT.uasset" 3426
"../../../Engine/Content/EngineMaterials/Black_1x1_EXR_Texture_VT.uasset" 3427
"/Engine/EngineMaterials/FlattenMaterial_WS_Normal_VT" 3428
"../../../Engine/Content/EngineMaterials/FlattenMaterial_WS_Normal_VT.uasset" 3429
"/Engine/EngineMaterials/Good64x64TilingNoiseHighFreq" 3430
"../../../Engine/Content/EngineMaterials/Good64x64TilingNoiseHighFreq.uasset" 3431
"/Engine/EngineMaterials/DefaultBokeh" 3432
"../../../Engine/Content/EngineMaterials/DefaultBokeh.uasset" 3433
"/Engine/EngineMaterials/MiniFont" 3434
"../../../Engine/Content/EngineMaterials/MiniFont.uasset" 3435
"/Engine/EngineMaterials/WeightMapPlaceholderTexture" 3436
"../../../Engine/Content/EngineMaterials/WeightMapPlaceholderTexture.uasset" 3437
"/Engine/EngineMaterials/WeightMapArrayPlaceholderTexture" 3438
"../../../Engine/Content/EngineMaterials/WeightMapArrayPlaceholderTexture.uasset" 3439
"/Engine/EngineMaterials/DefaultWhiteGrid" 3440
"../../../Engine/Content/EngineMaterials/DefaultWhiteGrid.uasset" 3441
"/Engine/EngineMaterials/PreintegratedSkinBRDF" 3442
"../../../Engine/Content/EngineMaterials/PreintegratedSkinBRDF.uasset" 3443
"/Engine/EngineMaterials/LTC/GGX_LTCAmp" 3444
"../../../Engine/Content/EngineMaterials/LTC/GGX_LTCAmp.uasset" 3445
"/Engine/EngineMaterials/LTC/GGX_LTCMat" 3446
"../../../Engine/Content/EngineMaterials/LTC/GGX_LTCMat.uasset" 3447
"/Engine/EngineMaterials/EnergyConservation/GGX_ReflectionEnergy" 3448
"../../../Engine/Content/EngineMaterials/EnergyConservation/GGX_ReflectionEnergy.uasset" 3449
"/Engine/EngineMaterials/EnergyConservation/GGX_TransmissionEnergyArray" 3450
"../../../Engine/Content/EngineMaterials/EnergyConservation/GGX_TransmissionEnergyArray.uasset" 3451
"/Engine/EngineMaterials/EnergyConservation/SheenLegacy_Energy" 3452
"../../../Engine/Content/EngineMaterials/EnergyConservation/SheenLegacy_Energy.uasset" 3453
"/Engine/EngineMaterials/DefaultPhysicalMaterial" 3454
"../../../Engine/Content/EngineMaterials/DefaultPhysicalMaterial.uasset" 3455
"/Engine/EngineMaterials/DefaultDestructiblePhysicalMaterial" 3456
"../../../Engine/Content/EngineMaterials/DefaultDestructiblePhysicalMaterial.uasset" 3457
"C:/Users/lucas/AppData/Local/UnrealEngine/Editor/ProjectEditorRecords.json" 3458
"/Niagara/ParameterDefinitions/SpriteRenderer" 3459
"../../Plugins/FX/Niagara/Content/ParameterDefinitions/SpriteRenderer.uasset" 3460
"/Niagara/ParameterDefinitions/RibbonRenderer" 3461
"../../Plugins/FX/Niagara/Content/ParameterDefinitions/RibbonRenderer.uasset" 3462
"/Niagara/ParameterDefinitions/MeshRenderer" 3463
"../../Plugins/FX/Niagara/Content/ParameterDefinitions/MeshRenderer.uasset" 3464
"/Niagara/ParameterDefinitions/LightRenderer" 3465
"../../Plugins/FX/Niagara/Content/ParameterDefinitions/LightRenderer.uasset" 3466
"/Niagara/ParameterDefinitions/DecalRenderer" 3467
"../../Plugins/FX/Niagara/Content/ParameterDefinitions/DecalRenderer.uasset" 3468
"/Niagara/ParameterDefinitions/CoreParameters" 3469
"../../Plugins/FX/Niagara/Content/ParameterDefinitions/CoreParameters.uasset" 3470
"/DeformerGraph/Deformers/DG_LinearBlendSkin_Morph_Cloth" 3471
"../../Plugins/Animation/DeformerGraph/Content/Deformers/DG_LinearBlendSkin_Morph_Cloth.uasset" 3472
"../../Plugins/Animation/DeformerGraph/Content/DeformerFunctions/DG_Function_LinearBlendSkin_Morph_Cloth.uasset" 3473
"/DeformerGraph/Deformers/DG_LinearBlendSkin_Morph_Cloth_RecomputeNormals" 3474
"../../Plugins/Animation/DeformerGraph/Content/Deformers/DG_LinearBlendSkin_Morph_Cloth_RecomputeNormals.uasset" 3475
"../../Plugins/Animation/DeformerGraph/Content/DeformerFunctions/DG_Function_ComputeNormalsTangents.uasset" 3476
"../../Plugins/Animation/DeformerGraph/Content/DeformerFunctions/DG_Function_LinearBlendSkin_Morph_Cloth_PositionOnly.uasset" 3477
"/Engine/BasicShapes/Sphere" 3478
"../../../Engine/Content/BasicShapes/Sphere.uasset" 3479
"../../../Engine/Content/EngineMaterials/DefaultMaterial.uasset" 3480
"/Engine/BasicShapes/Cylinder" 3481
"../../../Engine/Content/BasicShapes/Cylinder.uasset" 3482
"/Engine/BasicShapes/Cone" 3483
"../../../Engine/Content/BasicShapes/Cone.uasset" 3484
"/Engine/BasicShapes/Plane" 3485
"../../../Engine/Content/BasicShapes/Plane.uasset" 3486
"/Engine/EngineFonts/DroidSansMono" 3487
"../../../Engine/Content/EngineFonts/DroidSansMono.uasset" 3488
"../../../Engine/Content/EngineFonts/Faces/DroidSansMono.uasset" 3489
"../../../Engine/Documentation/Source/Shared/Types/ABrush/ABrush.INT.udn" 3490
"../../../Engine/Content/Internationalization/icudt64l/brkitr/pt.res" 3491
"../../../Engine/Content/Internationalization/icudt64l/brkitr/root.res" 3492
"../../../Engine/Content/Internationalization/icudt64l/brkitr/char.brk" 3493
"../../../Engine/Content/Internationalization/icudt64l/brkitr/word.brk" 3494
"/Engine/EditorResources/SequenceRecorder/Countdown" 3495
"../../../Engine/Content/EditorResources/SequenceRecorder/Countdown.uasset" 3496
"/Engine/EditorResources/SequenceRecorder/RecordingIndicator" 3497
"../../../Engine/Content/EditorResources/SequenceRecorder/RecordingIndicator.uasset" 3498
"/Engine/EditorMaterials/PhAT_UnselectedMaterial" 3499
"../../../Engine/Content/EditorMaterials/PhAT_UnselectedMaterial.uasset" 3500
"/Engine/EditorMaterials/PhAT_NoCollisionMaterial" 3501
"../../../Engine/Content/EditorMaterials/PhAT_NoCollisionMaterial.uasset" 3502
"/Engine/EditorResources/S_Terrain" 3503
"../../../Engine/Content/EditorResources/S_Terrain.uasset" 3504
"../../../Engine/Plugins/FX/Niagara/Shaders/Private/NiagaraDataInterfaceTexture2DArrayTemplate.ush" 3505
"../../../Engine/Plugins/FX/Niagara/Shaders/Private/NiagaraDataInterfaceActorComponentTemplate.ush" 3506
"../../../Engine/Plugins/FX/Niagara/Shaders/Private/NiagaraDataInterfaceArrayTemplate.ush" 3507
"../../../Engine/Plugins/FX/Niagara/Shaders/Private/NiagaraDataInterfaceArrayRWTemplate.ush" 3508
"../../../Engine/Plugins/FX/Niagara/Shaders/Private/NiagaraDataInterfaceAsyncGpuTrace.ush" 3509
"../../../Engine/Plugins/FX/Niagara/Shaders/Private/NiagaraDataInterfaceAsyncGpuTraceTemplate.ush" 3510
"../../../Engine/Plugins/FX/Niagara/Shaders/Private/NiagaraDataInterfaceCamera.ush" 3511
"../../../Engine/Plugins/Experimental/ChaosNiagara/Shaders/NiagaraDataInterfaceChaosDestruction.ush" 3512
"../../../Engine/Plugins/FX/Niagara/Shaders/Private/NiagaraDataInterfaceCollisionQuery.ush" 3513
"C:/Users/lucas/OneDrive/Documentos/Unreal Projects/TCC_Optimization/TCC/Intermediate/ShaderAutogen/PCD3D_SM5/AutogenShaderHeaders.ush" 3514
"../../../Engine/Plugins/FX/Niagara/Shaders/Private/NiagaraDataInterfaceCollisionQueryTemplate.ush" 3515
"../../../Engine/Plugins/FX/Niagara/Shaders/Private/NiagaraDataInterfaceCurveTemplate.ush" 3516
"../../../Engine/Plugins/FX/Niagara/Shaders/Private/NiagaraDataInterfaceCubeTextureTemplate.ush" 3517
"../../../Engine/Plugins/FX/Niagara/Shaders/Private/DataChannel/NiagaraDataInterfaceDataChannelCommon.ush" 3518
"../../../Engine/Plugins/FX/Niagara/Shaders/Private/DataChannel/NiagaraDataInterfaceDataChannelTemplateCommon.ush" 3519
"../../../Engine/Plugins/FX/Niagara/Shaders/Private/DataChannel/NiagaraDataInterfaceDataChannelTemplateReadCommon.ush" 3520
"../../../Engine/Plugins/FX/Niagara/Shaders/Private/DataChannel/NiagaraDataInterfaceDataChannelTemplate_Read.ush" 3521
"../../../Engine/Plugins/FX/Niagara/Shaders/Private/DataChannel/NiagaraDataInterfaceDataChannelTemplate_Consume.ush" 3522
"../../../Engine/Plugins/FX/Niagara/Shaders/Private/DataChannel/NiagaraDataInterfaceDataChannelTemplateWriteCommon.ush" 3523
"../../../Engine/Plugins/FX/Niagara/Shaders/Private/DataChannel/NiagaraDataInterfaceDataChannelTemplate_Append.ush" 3524
"../../../Engine/Plugins/FX/Niagara/Shaders/Private/NiagaraDataInterfaceDataTableTemplate.ush" 3525
"../../../Engine/Plugins/FX/Niagara/Shaders/Private/NiagaraDataInterfaceDebugDraw.ush" 3526
"../../../Engine/Plugins/FX/Niagara/Shaders/Private/NiagaraDataInterfaceDebugDrawTemplate.ush" 3527
"../../../Engine/Plugins/FX/Niagara/Shaders/Private/NiagaraDataInterfaceDynamicMeshTemplate.ush" 3528
"../../../Engine/Plugins/FX/Niagara/Shaders/Private/NiagaraDataInterfaceEmitterPropertiesTemplate.ush" 3529
"../../../Engine/Plugins/FX/Niagara/Shaders/Private/NiagaraDataInterfaceExportTemplate.ush" 3530
"../../../Engine/Plugins/FX/Niagara/Shaders/Private/NiagaraDataInterfaceGBufferTemplate.ush" 3531
"../../../Engine/Plugins/Experimental/ChaosNiagara/Shaders/NiagaraDataInterfaceGeometryCollection.ush" 3532
"../../../Engine/Plugins/FX/Niagara/Shaders/Private/NiagaraTransformUtils.ush" 3533
"../../../Engine/Plugins/Runtime/HairStrands/Shaders/Private/NiagaraStrandsExternalForce.ush" 3534
"../../../Engine/Plugins/Runtime/HairStrands/Shaders/Private/NiagaraHookeSpringMaterial.ush" 3535
"../../../Engine/Plugins/Runtime/HairStrands/Shaders/Private/NiagaraAngularSpringMaterial.ush" 3536
"../../../Engine/Plugins/Runtime/HairStrands/Shaders/Private/NiagaraConstantVolumeMaterial.ush" 3537
"../../../Engine/Plugins/Runtime/HairStrands/Shaders/Private/NiagaraCosseratRodMaterial.ush" 3538
"../../../Engine/Plugins/Runtime/HairStrands/Shaders/Private/NiagaraStaticCollisionConstraint.ush" 3539
"../../../Engine/Plugins/Runtime/HairStrands/Shaders/Private/NiagaraDataInterfaceHairStrands.ush" 3540
"../../../Engine/Plugins/Runtime/HairStrands/Shaders/Private/NiagaraDataInterfaceHairStrandsTemplate.ush" 3541
"../../../Engine/Plugins/FX/Niagara/Shaders/Private/NiagaraDataInterfaceIntRenderTarget2D.ush" 3542
"../../../Engine/Plugins/FX/Niagara/Shaders/Private/NiagaraDataInterfaceLandscape.ush" 3543
"../../../Engine/Plugins/FX/Niagara/Shaders/Private/NiagaraDataInterfaceMemoryBufferTemplate.ush" 3544
"../../../Engine/Plugins/FX/Niagara/Shaders/Private/NiagaraDataInterfaceMeshRendererInfoTemplate.ush" 3545
"../../../Engine/Plugins/FX/Niagara/Shaders/Private/NiagaraDataInterfaceOcclusion.ush" 3546
"../../../Engine/Plugins/FX/Niagara/Shaders/Private/NiagaraDataInterfacePhysicsAsset.ush" 3547
"../../../Engine/Plugins/Experimental/ChaosNiagara/Shaders/NiagaraDataInterfacePhysicsField.ush" 3548
"../../../Engine/Plugins/FX/Niagara/Shaders/Private/NiagaraDataInterfacePlatformSetTemplate.ush" 3549
"../../../Engine/Plugins/Runtime/HairStrands/Shaders/Private/NiagaraDataInterfaceVelocityGrid.ush" 3550
"../../../Engine/Plugins/Runtime/HairStrands/Shaders/Private/NiagaraDataInterfaceVelocityGridTemplate.ush" 3551
"../../../Engine/Plugins/Runtime/HairStrands/Shaders/Private/NiagaraDataInterfacePressureGrid.ush" 3552
"../../../Engine/Plugins/Runtime/HairStrands/Shaders/Private/NiagaraDataInterfacePressureGridTemplate.ush" 3553
"../../../Engine/Plugins/FX/Niagara/Shaders/Private/NiagaraDataInterfaceRenderTarget2DTemplate.ush" 3554
"../../../Engine/Plugins/FX/Niagara/Shaders/Private/NiagaraDataInterfaceRenderTarget2DArrayTemplate.ush" 3555
"../../../Engine/Plugins/FX/Niagara/Shaders/Private/NiagaraDataInterfaceRenderTargetCubeTemplate.ush" 3556
"../../../Engine/Plugins/FX/Niagara/Shaders/Private/NiagaraDataInterfaceRenderTargetVolumeTemplate.ush" 3557
"../../../Engine/Plugins/FX/Niagara/Shaders/Private/NiagaraDataInterfaceRigidMeshCollisionQuery.ush" 3558
"../../../Engine/Plugins/FX/Niagara/Shaders/Private/NiagaraDistanceFieldQueries.ush" 3559
"../../../Engine/Plugins/FX/Niagara/Shaders/Private/NiagaraDataInterfaceSceneCapture2DTemplate.ush" 3560
"../../../Engine/Plugins/FX/Niagara/Shaders/Private/NiagaraDataInterfaceSimCacheReaderTemplate.ush" 3561
"../../../Engine/Plugins/FX/Niagara/Shaders/Private/NiagaraDataInterfaceSimpleCounterTemplate.ush" 3562
"../../../Engine/Plugins/FX/Niagara/Shaders/Private/NiagaraDataInterfaceSkeletalMesh.ush" 3563
"../../../Engine/Plugins/FX/Niagara/Shaders/Private/NiagaraBaryCentricUtils.ush" 3564
"../../../Engine/Plugins/FX/Niagara/Shaders/Private/NiagaraDataInterfaceSkeletalMeshTemplate.ush" 3565
"../../../Engine/Plugins/FX/Niagara/Shaders/Private/NiagaraDataInterfaceSocketReaderTemplate.ush" 3566
"../../../Engine/Plugins/FX/Niagara/Shaders/Private/NiagaraDataInterfaceSparseVolumeTextureTemplate.ush" 3567
"../../../Engine/Plugins/FX/Niagara/Shaders/Private/NiagaraDataInterfaceSplineTemplate.ush" 3568
"../../../Engine/Plugins/FX/Niagara/Shaders/Private/NiagaraDataInterfaceSpriteRendererInfoTemplate.ush" 3569
"../../../Engine/Plugins/FX/Niagara/Shaders/Private/NiagaraDataInterfaceStaticMeshTemplate.ush" 3570
"../../../Engine/Plugins/FX/Niagara/Shaders/Private/NiagaraDataInterfaceTextureTemplate.ush" 3571
"../../../Engine/Plugins/FX/Niagara/Shaders/Private/NiagaraDataInterfaceVirtualTexture.ush" 3572
"../../../Engine/Plugins/FX/Niagara/Shaders/Private/NiagaraDataInterfaceVirtualTextureTemplate.ush" 3573
"../../../Engine/Plugins/FX/Niagara/Shaders/Private/NiagaraDataInterfaceVolumeCache.ush" 3574
"../../../Engine/Plugins/FX/Niagara/Shaders/Private/NiagaraDataInterfaceVolumeTextureTemplate.ush" 3575
"../../../../../../Users/lucas/OneDrive/Documentos/Unreal Projects/TCC_Optimization/TCC/Intermediate/ShaderAutogen/PCD3D_SM5/AutogenShaderHeaders.ush" 3576
"../../../Engine/Content/EngineSounds/Submixes/MasterEQEffectPreset.uasset" 3577
"../../../Engine/Content/EngineSounds/Submixes/MasterEQSubmixDefault.uasset" 3578
"../../../Engine/Content/EngineSounds/Submixes/MasterSubmixDefault.uasset" 3579
"../../../Engine/Content/EngineSounds/Submixes/MasterReverbEffectPreset.uasset" 3580
"../../../Engine/Content/EngineSounds/Submixes/MasterReverbSubmixDefault.uasset" 3581
"C:/Users/lucas/OneDrive/Documentos/Unreal Projects/TCC_Optimization/TCC/Content/DeepElderCaves/Meshes/Props/SM_Flower_A.uasset" 3582
"C:/Users/lucas/OneDrive/Documentos/Unreal Projects/TCC_Optimization/TCC/Content/DeepElderCaves/Meshes/Props/SM_Flower_B.uasset" 3583
"C:/Users/lucas/OneDrive/Documentos/Unreal Projects/TCC_Optimization/TCC/Content/DeepElderCaves/Textures/T_Flower_D.uasset" 3584
"C:/Users/lucas/OneDrive/Documentos/Unreal Projects/TCC_Optimization/TCC/Content/DeepElderCaves/Meshes/Props/SM_Flower_C.uasset" 3585
"/Engine/EngineSounds/Submixes/MasterEQEffectPreset" 3586
"C:/Users/lucas/OneDrive/Documentos/Unreal Projects/TCC_Optimization/TCC/Content/DeepElderCaves/Textures/T_Flower_N.uasset" 3587
"C:/Users/lucas/OneDrive/Documentos/Unreal Projects/TCC_Optimization/TCC/Content/DeepElderCaves/Textures/T_Flower_ORM.uasset" 3588
"C:/Users/lucas/OneDrive/Documentos/Unreal Projects/TCC_Optimization/TCC/Content/DeepElderCaves/Materials/MI_Flowers.uasset" 3589
"C:/Users/lucas/OneDrive/Documentos/Unreal Projects/TCC_Optimization/TCC/Content/DeepElderCaves/Meshes/Props/SM_Flower_D.uasset" 3590
"C:/Users/lucas/OneDrive/Documentos/Unreal Projects/TCC_Optimization/TCC/Content/DeepElderCaves/Materials/MI_Mushroom_Green_A.uasset" 3591
"C:/Users/lucas/OneDrive/Documentos/Unreal Projects/TCC_Optimization/TCC/Content/DeepElderCaves/Meshes/Props/SM_Shrub_O.uasset" 3592
"C:/Users/lucas/OneDrive/Documentos/Unreal Projects/TCC_Optimization/TCC/Content/DeepElderCaves/Meshes/Props/SM_Mushroom_Green_A.uasset" 3593
"C:/Users/lucas/OneDrive/Documentos/Unreal Projects/TCC_Optimization/TCC/Content/DeepElderCaves/Meshes/Props/SM_SkeletonFull_01.uasset" 3594
"C:/Users/lucas/OneDrive/Documentos/Unreal Projects/TCC_Optimization/TCC/Content/DeepElderCaves/Maps/Demonstration_BuiltData.uasset" 3595
"C:/Users/lucas/OneDrive/Documentos/Unreal Projects/TCC_Optimization/TCC/Content/DeepElderCaves/Blueprints/BP_Mushroom_SmallGroup_B.uasset" 3596
"C:/Users/lucas/OneDrive/Documentos/Unreal Projects/TCC_Optimization/TCC/Content/DeepElderCaves/Blueprints/BP_Mushroom_SmallGroup_A.uasset" 3597
"C:/Users/lucas/OneDrive/Documentos/Unreal Projects/TCC_Optimization/TCC/Content/DeepElderCaves/Materials/MI_Mushroom_Lit_F.uasset" 3598
"C:/Users/lucas/OneDrive/Documentos/Unreal Projects/TCC_Optimization/TCC/Content/DeepElderCaves/Blueprints/BP_Mushroom_Lit_F.uasset" 3599
"C:/Users/lucas/OneDrive/Documentos/Unreal Projects/TCC_Optimization/TCC/Content/DeepElderCaves/Blueprints/BP_Mushroom_Lit_E.uasset" 3600
"C:/Users/lucas/OneDrive/Documentos/Unreal Projects/TCC_Optimization/TCC/Content/DeepElderCaves/Blueprints/BP_Mushroom_Lit_C.uasset" 3601
"C:/Users/lucas/OneDrive/Documentos/Unreal Projects/TCC_Optimization/TCC/Content/DeepElderCaves/Blueprints/BP_Mushroom_Lit_D.uasset" 3602
"C:/Users/lucas/OneDrive/Documentos/Unreal Projects/TCC_Optimization/TCC/Content/DeepElderCaves/Materials/MI_Mushroom_Lit_B.uasset" 3603
"C:/Users/lucas/OneDrive/Documentos/Unreal Projects/TCC_Optimization/TCC/Content/DeepElderCaves/Blueprints/BP_Mushroom_Lit_B.uasset" 3604
"C:/Users/lucas/OneDrive/Documentos/Unreal Projects/TCC_Optimization/TCC/Content/DeepElderCaves/Materials/MI_Mushroom_Lit_A.uasset" 3605
"C:/Users/lucas/OneDrive/Documentos/Unreal Projects/TCC_Optimization/TCC/Content/DeepElderCaves/Blueprints/BP_Mushroom_Lit_A.uasset" 3606
"/Engine/EngineSounds/Submixes/MasterReverbEffectPreset" 3607
"C:/Users/lucas/OneDrive/Documentos/Unreal Projects/TCC_Optimization/TCC/Content/DeepElderCaves/Blueprints/BP_Mushroom_Green_SmallGroup_C.uasset" 3608
"C:/Users/lucas/OneDrive/Documentos/Unreal Projects/TCC_Optimization/TCC/Content/DeepElderCaves/Blueprints/BP_Mushroom_Green_SmallGroup_B.uasset" 3609
"C:/Users/lucas/OneDrive/Documentos/Unreal Projects/TCC_Optimization/TCC/Content/DeepElderCaves/Blueprints/BP_Mushroom_Green_SmallGroup_A.uasset" 3610
"C:/Users/lucas/OneDrive/Documentos/Unreal Projects/TCC_Optimization/TCC/Content/DeepElderCaves/Materials/MI_Mushroom_Green_F.uasset" 3611
"/Engine/EngineSounds/Submixes/MasterEQSubmixDefault" 3612
"/Game/DeepElderCaves/Meshes/Props/SM_Flower_A" 3613
"../../../../../../Users/lucas/OneDrive/Documentos/Unreal Projects/TCC_Optimization/TCC/Content/DeepElderCaves/Materials/M_Cliffs.uasset" 3614
"../../../../../../Users/lucas/OneDrive/Documentos/Unreal Projects/TCC_Optimization/TCC/Content/DeepElderCaves/Textures/T_Cliff_01_D.uasset" 3615
"../../../../../../Users/lucas/OneDrive/Documentos/Unreal Projects/TCC_Optimization/TCC/Content/DeepElderCaves/Textures/T_Cliff_01_N.uasset" 3616
"../../../../../../Users/lucas/OneDrive/Documentos/Unreal Projects/TCC_Optimization/TCC/Content/DeepElderCaves/Textures/T_Cliff_01_ORM.uasset" 3617
"/Game/DeepElderCaves/Meshes/Props/SM_Flower_B" 3618
"/Game/DeepElderCaves/Meshes/Props/SM_Flower_C" 3619
"/Game/DeepElderCaves/Meshes/Props/SM_Flower_D" 3620
"/Game/DeepElderCaves/Materials/MI_Mushroom_Green_A" 3621
"../../../../../../Users/lucas/OneDrive/Documentos/Unreal Projects/TCC_Optimization/TCC/Content/DeepElderCaves/Materials/M_Mushroom_SSS_01.uasset" 3622
"../../../../../../Users/lucas/OneDrive/Documentos/Unreal Projects/TCC_Optimization/TCC/Content/DeepElderCaves/Textures/T_Mushroom_A_N.uasset" 3623
"../../../../../../Users/lucas/OneDrive/Documentos/Unreal Projects/TCC_Optimization/TCC/Content/DeepElderCaves/Textures/T_Mushroom_A_ORM.uasset" 3624
"../../../Engine/Content/Functions/Engine_MaterialFunctions01/Gradient/LinearGradient.uasset" 3625
"../../../Engine/Content/Functions/Engine_MaterialFunctions01/ImageAdjustment/CheapContrast.uasset" 3626
"../../../Engine/Content/Functions/Engine_MaterialFunctions02/Texturing/HeightLerp.uasset" 3627
"../../../../../../Users/lucas/OneDrive/Documentos/Unreal Projects/TCC_Optimization/TCC/Content/DeepElderCaves/Textures/T_NoiseMap_01_M.uasset" 3628
"/Game/DeepElderCaves/Meshes/Props/SM_Mushroom_Green_A" 3629
"/Game/DeepElderCaves/Meshes/Props/SM_Shrub_O" 3630
"../../../../../../Users/lucas/OneDrive/Documentos/Unreal Projects/TCC_Optimization/TCC/Content/DeepElderCaves/Materials/MI_Shrub.uasset" 3631
"../../../../../../Users/lucas/OneDrive/Documentos/Unreal Projects/TCC_Optimization/TCC/Content/DeepElderCaves/Materials/M_RootAlpha.uasset" 3632
"../../../../../../Users/lucas/OneDrive/Documentos/Unreal Projects/TCC_Optimization/TCC/Content/DeepElderCaves/Textures/T_ShrubAlpha_D.uasset" 3633
"../../../../../../Users/lucas/OneDrive/Documentos/Unreal Projects/TCC_Optimization/TCC/Content/DeepElderCaves/Textures/T_ShrubAlpha_N.uasset" 3634
"../../../../../../Users/lucas/OneDrive/Documentos/Unreal Projects/TCC_Optimization/TCC/Content/DeepElderCaves/Textures/T_ShrubAlpha_ORM.uasset" 3635
"../../../../../../Users/lucas/OneDrive/Documentos/Unreal Projects/TCC_Optimization/TCC/Content/DeepElderCaves/Textures/T_RootsAlpha_D.uasset" 3636
"../../../../../../Users/lucas/OneDrive/Documentos/Unreal Projects/TCC_Optimization/TCC/Content/DeepElderCaves/Textures/T_RootsAlpha_N.uasset" 3637
"../../../../../../Users/lucas/OneDrive/Documentos/Unreal Projects/TCC_Optimization/TCC/Content/DeepElderCaves/Textures/T_RootsAlpha_ORM.uasset" 3638
"/Game/DeepElderCaves/Meshes/Props/SM_SkeletonFull_01" 3639
"../../../../../../Users/lucas/OneDrive/Documentos/Unreal Projects/TCC_Optimization/TCC/Content/DeepElderCaves/Materials/M_SkeletonRaw_01.uasset" 3640
"../../../../../../Users/lucas/OneDrive/Documentos/Unreal Projects/TCC_Optimization/TCC/Content/DeepElderCaves/Textures/T_SkeletonRaw_D.uasset" 3641
"../../../../../../Users/lucas/OneDrive/Documentos/Unreal Projects/TCC_Optimization/TCC/Content/DeepElderCaves/Textures/T_SkeletonRaw_N.uasset" 3642
"../../../../../../Users/lucas/OneDrive/Documentos/Unreal Projects/TCC_Optimization/TCC/Content/DeepElderCaves/Textures/T_SkeletonRaw_ORM.uasset" 3643
"/Game/DeepElderCaves/Maps/Demonstration_BuiltData" 3644
"/Game/DeepElderCaves/Blueprints/BP_Mushroom_SmallGroup_B" 3645
"../../../../../../Users/lucas/OneDrive/Documentos/Unreal Projects/TCC_Optimization/TCC/Content/DeepElderCaves/Meshes/Props/SM_Mushroom_E.uasset" 3646
"../../../../../../Users/lucas/OneDrive/Documentos/Unreal Projects/TCC_Optimization/TCC/Content/DeepElderCaves/Meshes/Props/SM_Mushroom_F.uasset" 3647
"../../../../../../Users/lucas/OneDrive/Documentos/Unreal Projects/TCC_Optimization/TCC/Content/DeepElderCaves/Materials/MI_Mushroom_E.uasset" 3648
"../../../../../../Users/lucas/OneDrive/Documentos/Unreal Projects/TCC_Optimization/TCC/Content/DeepElderCaves/Materials/MI_Mushroom_F.uasset" 3649
"../../../../../../Users/lucas/OneDrive/Documentos/Unreal Projects/TCC_Optimization/TCC/Content/DeepElderCaves/Materials/M_Mushrooms.uasset" 3650
"../../../../../../Users/lucas/OneDrive/Documentos/Unreal Projects/TCC_Optimization/TCC/Content/DeepElderCaves/Textures/T_Mushroom_E_D.uasset" 3651
"../../../../../../Users/lucas/OneDrive/Documentos/Unreal Projects/TCC_Optimization/TCC/Content/DeepElderCaves/Textures/T_Mushroom_E_N.uasset" 3652
"../../../../../../Users/lucas/OneDrive/Documentos/Unreal Projects/TCC_Optimization/TCC/Content/DeepElderCaves/Textures/T_Mushroom_E_ORM.uasset" 3653
"../../../../../../Users/lucas/OneDrive/Documentos/Unreal Projects/TCC_Optimization/TCC/Content/DeepElderCaves/Textures/T_Mushroom_F_D.uasset" 3654
"../../../../../../Users/lucas/OneDrive/Documentos/Unreal Projects/TCC_Optimization/TCC/Content/DeepElderCaves/Textures/T_Mushroom_F_N.uasset" 3655
"../../../../../../Users/lucas/OneDrive/Documentos/Unreal Projects/TCC_Optimization/TCC/Content/DeepElderCaves/Textures/T_Mushroom_F_ORM.uasset" 3656
"../../../../../../Users/lucas/OneDrive/Documentos/Unreal Projects/TCC_Optimization/TCC/Content/DeepElderCaves/Textures/T_Mushroom_A_D.uasset" 3657
"/Game/DeepElderCaves/Blueprints/BP_Mushroom_SmallGroup_A" 3658
"../../../../../../Users/lucas/OneDrive/Documentos/Unreal Projects/TCC_Optimization/TCC/Content/DeepElderCaves/Meshes/Props/SM_Mushroom_D.uasset" 3659
"../../../../../../Users/lucas/OneDrive/Documentos/Unreal Projects/TCC_Optimization/TCC/Content/DeepElderCaves/Materials/MI_Mushroom_D.uasset" 3660
"../../../../../../Users/lucas/OneDrive/Documentos/Unreal Projects/TCC_Optimization/TCC/Content/DeepElderCaves/Textures/T_Mushroom_D_D.uasset" 3661
"../../../../../../Users/lucas/OneDrive/Documentos/Unreal Projects/TCC_Optimization/TCC/Content/DeepElderCaves/Textures/T_Mushroom_D_N.uasset" 3662
"../../../../../../Users/lucas/OneDrive/Documentos/Unreal Projects/TCC_Optimization/TCC/Content/DeepElderCaves/Textures/T_Mushroom_D_ORM.uasset" 3663
"/Game/DeepElderCaves/Materials/MI_Mushroom_Lit_F" 3664
"../../../../../../Users/lucas/OneDrive/Documentos/Unreal Projects/TCC_Optimization/TCC/Content/DeepElderCaves/Materials/M_Mushroom_SSS_02.uasset" 3665
"/Game/DeepElderCaves/Blueprints/BP_Mushroom_Lit_F" 3666
"/Game/DeepElderCaves/Blueprints/BP_Mushroom_Lit_E" 3667
"../../../../../../Users/lucas/OneDrive/Documentos/Unreal Projects/TCC_Optimization/TCC/Content/DeepElderCaves/Materials/MI_Mushroom_Lit_E.uasset" 3668
"/Game/DeepElderCaves/Blueprints/BP_Mushroom_Lit_D" 3669
"../../../../../../Users/lucas/OneDrive/Documentos/Unreal Projects/TCC_Optimization/TCC/Content/DeepElderCaves/Materials/MI_Mushroom_Lit_D.uasset" 3670
"C:/Users/lucas/OneDrive/Documentos/Unreal Projects/TCC_Optimization/TCC/Content/DeepElderCaves/Blueprints/BP_Mushroom_Green_Lit_F.uasset" 3671
"C:/Users/lucas/OneDrive/Documentos/Unreal Projects/TCC_Optimization/TCC/Content/DeepElderCaves/Meshes/Props/SM_Mushroom_Green_E.uasset" 3672
"C:/Users/lucas/OneDrive/Documentos/Unreal Projects/TCC_Optimization/TCC/Content/DeepElderCaves/Blueprints/BP_Mushroom_Green_Lit_E.uasset" 3673
"C:/Users/lucas/OneDrive/Documentos/Unreal Projects/TCC_Optimization/TCC/Content/DeepElderCaves/Materials/MI_Mushroom_Green_E.uasset" 3674
"C:/Users/lucas/OneDrive/Documentos/Unreal Projects/TCC_Optimization/TCC/Content/DeepElderCaves/Meshes/Props/SM_Mushroom_Green_F.uasset" 3675
"C:/Users/lucas/OneDrive/Documentos/Unreal Projects/TCC_Optimization/TCC/Content/DeepElderCaves/Materials/MI_Mushroom_Green_D.uasset" 3676
"C:/Users/lucas/OneDrive/Documentos/Unreal Projects/TCC_Optimization/TCC/Content/DeepElderCaves/Blueprints/BP_Mushroom_Green_Lit_D.uasset" 3677
"C:/Users/lucas/OneDrive/Documentos/Unreal Projects/TCC_Optimization/TCC/Content/DeepElderCaves/Meshes/Props/SM_Mushroom_Green_D.uasset" 3678
"C:/Users/lucas/OneDrive/Documentos/Unreal Projects/TCC_Optimization/TCC/Content/DeepElderCaves/Materials/MI_Mushroom_Green_C.uasset" 3679
"C:/Users/lucas/OneDrive/Documentos/Unreal Projects/TCC_Optimization/TCC/Content/DeepElderCaves/Meshes/Props/SM_Mushroom_Green_C.uasset" 3680
"C:/Users/lucas/OneDrive/Documentos/Unreal Projects/TCC_Optimization/TCC/Content/DeepElderCaves/Materials/MI_Mushroom_Green_B.uasset" 3681
"C:/Users/lucas/OneDrive/Documentos/Unreal Projects/TCC_Optimization/TCC/Content/DeepElderCaves/Blueprints/BP_Mushroom_Green_Lit_C.uasset" 3682
"C:/Users/lucas/OneDrive/Documentos/Unreal Projects/TCC_Optimization/TCC/Content/DeepElderCaves/Meshes/Props/SM_Mushroom_Green_B.uasset" 3683
"C:/Users/lucas/OneDrive/Documentos/Unreal Projects/TCC_Optimization/TCC/Content/DeepElderCaves/Blueprints/BP_Mushroom_Green_Lit_B.uasset" 3684
"C:/Users/lucas/OneDrive/Documentos/Unreal Projects/TCC_Optimization/TCC/Content/DeepElderCaves/Blueprints/BP_GroundLamp_Lit_01.uasset" 3685
"C:/Users/lucas/OneDrive/Documentos/Unreal Projects/TCC_Optimization/TCC/Content/DeepElderCaves/Blueprints/BP_Mushroom_SmallGroup_C.uasset" 3686
"C:/Users/lucas/OneDrive/Documentos/Unreal Projects/TCC_Optimization/TCC/Content/DeepElderCaves/Blueprints/BP_TreasureChest_A.uasset" 3687
"C:/Users/lucas/OneDrive/Documentos/Unreal Projects/TCC_Optimization/TCC/Content/DeepElderCaves/Meshes/Props/SM_TreasureChest_A_02.uasset" 3688
"C:/Users/lucas/OneDrive/Documentos/Unreal Projects/TCC_Optimization/TCC/Content/DeepElderCaves/Textures/T_AncientCoinChest_A_D.uasset" 3689
"C:/Users/lucas/OneDrive/Documentos/Unreal Projects/TCC_Optimization/TCC/Content/DeepElderCaves/Textures/T_AncientCoinChest_A_N.uasset" 3690
"C:/Users/lucas/OneDrive/Documentos/Unreal Projects/TCC_Optimization/TCC/Content/DeepElderCaves/Meshes/Props/SM_AncientCoinChest_01.uasset" 3691
"/Game/DeepElderCaves/Materials/MI_Mushroom_Green_F" 3692
"C:/Users/lucas/OneDrive/Documentos/Unreal Projects/TCC_Optimization/TCC/Content/DeepElderCaves/Textures/T_AncientCoinChest_A_ORM.uasset" 3693
"C:/Users/lucas/OneDrive/Documentos/Unreal Projects/TCC_Optimization/TCC/Content/DeepElderCaves/Materials/MI_AncientCoinChest_A.uasset" 3694
"/Game/DeepElderCaves/Blueprints/BP_Mushroom_Lit_C" 3695
"../../../../../../Users/lucas/OneDrive/Documentos/Unreal Projects/TCC_Optimization/TCC/Content/DeepElderCaves/Materials/MI_Mushroom_Lit_C.uasset" 3696
"../../../../../../Users/lucas/OneDrive/Documentos/Unreal Projects/TCC_Optimization/TCC/Content/DeepElderCaves/Meshes/Props/SM_Mushroom_C.uasset" 3697
"../../../../../../Users/lucas/OneDrive/Documentos/Unreal Projects/TCC_Optimization/TCC/Content/DeepElderCaves/Textures/T_Mushroom_C_D.uasset" 3698
"../../../../../../Users/lucas/OneDrive/Documentos/Unreal Projects/TCC_Optimization/TCC/Content/DeepElderCaves/Textures/T_Mushroom_C_N.uasset" 3699
"../../../../../../Users/lucas/OneDrive/Documentos/Unreal Projects/TCC_Optimization/TCC/Content/DeepElderCaves/Textures/T_Mushroom_C_ORM.uasset" 3700
"../../../../../../Users/lucas/OneDrive/Documentos/Unreal Projects/TCC_Optimization/TCC/Content/DeepElderCaves/Materials/MI_Mushroom_C.uasset" 3701
"/Game/DeepElderCaves/Materials/MI_Mushroom_Lit_B" 3702
"../../../../../../Users/lucas/OneDrive/Documentos/Unreal Projects/TCC_Optimization/TCC/Content/DeepElderCaves/Textures/T_Mushroom_B_D.uasset" 3703
"../../../../../../Users/lucas/OneDrive/Documentos/Unreal Projects/TCC_Optimization/TCC/Content/DeepElderCaves/Textures/T_Mushroom_B_N.uasset" 3704
"../../../../../../Users/lucas/OneDrive/Documentos/Unreal Projects/TCC_Optimization/TCC/Content/DeepElderCaves/Textures/T_Mushroom_B_ORM.uasset" 3705
"/Game/DeepElderCaves/Blueprints/BP_Mushroom_Lit_B" 3706
"../../../../../../Users/lucas/OneDrive/Documentos/Unreal Projects/TCC_Optimization/TCC/Content/DeepElderCaves/Meshes/Props/SM_Mushroom_B.uasset" 3707
"../../../../../../Users/lucas/OneDrive/Documentos/Unreal Projects/TCC_Optimization/TCC/Content/DeepElderCaves/Materials/MI_Mushroom_B.uasset" 3708
"/Game/DeepElderCaves/Materials/MI_Mushroom_Lit_A" 3709
"/Game/DeepElderCaves/Blueprints/BP_Mushroom_Lit_A" 3710
"../../../../../../Users/lucas/OneDrive/Documentos/Unreal Projects/TCC_Optimization/TCC/Content/DeepElderCaves/Meshes/Props/SM_Mushroom_A.uasset" 3711
"../../../../../../Users/lucas/OneDrive/Documentos/Unreal Projects/TCC_Optimization/TCC/Content/DeepElderCaves/Materials/MI_Mushroom_A.uasset" 3712
"C:/Users/lucas/OneDrive/Documentos/Unreal Projects/TCC_Optimization/TCC/Content/DeepElderCaves/Meshes/Props/SM_TreasureChest_Base_A.uasset" 3713
"C:/Users/lucas/OneDrive/Documentos/Unreal Projects/TCC_Optimization/TCC/Content/DeepElderCaves/Textures/T_Bridge_A_N.uasset" 3714
"C:/Users/lucas/OneDrive/Documentos/Unreal Projects/TCC_Optimization/TCC/Content/DeepElderCaves/Blueprints/BP_TreasureChest_B.uasset" 3715
"C:/Users/lucas/OneDrive/Documentos/Unreal Projects/TCC_Optimization/TCC/Content/DeepElderCaves/Materials/MI_Bridge_A.uasset" 3716
"C:/Users/lucas/OneDrive/Documentos/Unreal Projects/TCC_Optimization/TCC/Content/DeepElderCaves/Meshes/Architecture/SM_Bridge_A.uasset" 3717
"C:/Users/lucas/OneDrive/Documentos/Unreal Projects/TCC_Optimization/TCC/Content/DeepElderCaves/Meshes/Props/SM_TreasureChest_B_Lid.uasset" 3718
"/Game/DeepElderCaves/Meshes/Props/SM_AncientCoinChest_01" 3719
"../../../../../../Users/lucas/OneDrive/Documentos/Unreal Projects/TCC_Optimization/TCC/Content/DeepElderCaves/Materials/M_AncientCoins.uasset" 3720
"../../../../../../Users/lucas/OneDrive/Documentos/Unreal Projects/TCC_Optimization/TCC/Content/DeepElderCaves/Textures/T_StoneTile_D_D.uasset" 3721
"../../../../../../Users/lucas/OneDrive/Documentos/Unreal Projects/TCC_Optimization/TCC/Content/DeepElderCaves/Textures/T_StoneTile_D_ORM.uasset" 3722
"../../../../../../Users/lucas/OneDrive/Documentos/Unreal Projects/TCC_Optimization/TCC/Content/DeepElderCaves/Textures/T_AncientCoin_A_D.uasset" 3723
"../../../../../../Users/lucas/OneDrive/Documentos/Unreal Projects/TCC_Optimization/TCC/Content/DeepElderCaves/Textures/T_AncientCoin_A_N.uasset" 3724
"../../../../../../Users/lucas/OneDrive/Documentos/Unreal Projects/TCC_Optimization/TCC/Content/DeepElderCaves/Textures/T_AncientCoin_A_ORM.uasset" 3725
"../../../../../../Users/lucas/OneDrive/Documentos/Unreal Projects/TCC_Optimization/TCC/Content/DeepElderCaves/Textures/T_StoneTile_D_N.uasset" 3726
"/Game/DeepElderCaves/Meshes/Architecture/SM_Bridge_A" 3727
"C:/Users/lucas/OneDrive/Documentos/Unreal Projects/TCC_Optimization/TCC/Content/DeepElderCaves/Meshes/Architecture/SM_Bridge_B.uasset" 3728
"C:/Users/lucas/OneDrive/Documentos/Unreal Projects/TCC_Optimization/TCC/Content/DeepElderCaves/Textures/T_Ceiling_Main_N.uasset" 3729
"C:/Users/lucas/OneDrive/Documentos/Unreal Projects/TCC_Optimization/TCC/Content/DeepElderCaves/Materials/MI_Bridge_B.uasset" 3730
"C:/Users/lucas/OneDrive/Documentos/Unreal Projects/TCC_Optimization/TCC/Content/DeepElderCaves/Textures/T_Bridge_B_N.uasset" 3731
"C:/Users/lucas/OneDrive/Documentos/Unreal Projects/TCC_Optimization/TCC/Content/DeepElderCaves/Materials/MI_Ceiling_Main.uasset" 3732
"../../../../../../Users/lucas/OneDrive/Documentos/Unreal Projects/TCC_Optimization/TCC/Content/DeepElderCaves/Materials/M_StoneTile_Floor_01.uasset" 3733
"../../../../../../Users/lucas/OneDrive/Documentos/Unreal Projects/TCC_Optimization/TCC/Content/DeepElderCaves/Textures/T_StoneTile_C_D.uasset" 3734
"../../../../../../Users/lucas/OneDrive/Documentos/Unreal Projects/TCC_Optimization/TCC/Content/DeepElderCaves/Textures/T_StoneTile_C_H.uasset" 3735
"../../../../../../Users/lucas/OneDrive/Documentos/Unreal Projects/TCC_Optimization/TCC/Content/DeepElderCaves/Textures/T_StoneTile_C_N.uasset" 3736
"../../../../../../Users/lucas/OneDrive/Documentos/Unreal Projects/TCC_Optimization/TCC/Content/DeepElderCaves/Textures/T_StoneTile_C_ORM.uasset" 3737
"../../../../../../Users/lucas/OneDrive/Documentos/Unreal Projects/TCC_Optimization/TCC/Content/DeepElderCaves/Textures/T_Wall_6x6_N.uasset" 3738
"/Game/DeepElderCaves/Materials/MI_Mushroom_Green_B" 3739
"/Game/DeepElderCaves/Materials/MI_Mushroom_Green_C" 3740
"/Game/DeepElderCaves/Materials/MI_Mushroom_Green_D" 3741
"/Game/DeepElderCaves/Materials/MI_Mushroom_Green_E" 3742
"/Game/DeepElderCaves/Meshes/Props/SM_TreasureChest_A_02" 3743
"../../../../../../Users/lucas/OneDrive/Documentos/Unreal Projects/TCC_Optimization/TCC/Content/DeepElderCaves/Materials/MI_TreasureChest_A.uasset" 3744
"../../../../../../Users/lucas/OneDrive/Documentos/Unreal Projects/TCC_Optimization/TCC/Content/DeepElderCaves/Materials/M_TreasureChest.uasset" 3745
"../../../../../../Users/lucas/OneDrive/Documentos/Unreal Projects/TCC_Optimization/TCC/Content/DeepElderCaves/Textures/T_TreasureChest_A_D.uasset" 3746
"../../../../../../Users/lucas/OneDrive/Documentos/Unreal Projects/TCC_Optimization/TCC/Content/DeepElderCaves/Textures/T_TreasureChest_A_N.uasset" 3747
"../../../../../../Users/lucas/OneDrive/Documentos/Unreal Projects/TCC_Optimization/TCC/Content/DeepElderCaves/Textures/T_TreasureChest_A_ORM.uasset" 3748
"/Game/DeepElderCaves/Meshes/Props/SM_TreasureChest_Base_A" 3749
"/Game/DeepElderCaves/Meshes/Props/SM_Mushroom_Green_B" 3750
"/Game/DeepElderCaves/Meshes/Props/SM_Mushroom_Green_C" 3751
"/Game/DeepElderCaves/Meshes/Props/SM_Mushroom_Green_D" 3752
"/Game/DeepElderCaves/Meshes/Props/SM_Mushroom_Green_E" 3753
"/Game/DeepElderCaves/Meshes/Props/SM_Mushroom_Green_F" 3754
"/Game/DeepElderCaves/Blueprints/BP_Mushroom_Green_SmallGroup_C" 3755
"/Game/DeepElderCaves/Blueprints/BP_Mushroom_Green_SmallGroup_B" 3756
"/Game/DeepElderCaves/Blueprints/BP_Mushroom_Green_SmallGroup_A" 3757
"/Game/DeepElderCaves/Blueprints/BP_Mushroom_Green_Lit_F" 3758
"/Game/DeepElderCaves/Blueprints/BP_Mushroom_Green_Lit_E" 3759
"/Game/DeepElderCaves/Blueprints/BP_Mushroom_Green_Lit_D" 3760
"/Game/DeepElderCaves/Blueprints/BP_Mushroom_Green_Lit_C" 3761
"/Game/DeepElderCaves/Blueprints/BP_TreasureChest_B" 3762
"../../../../../../Users/lucas/OneDrive/Documentos/Unreal Projects/TCC_Optimization/TCC/Content/DeepElderCaves/Meshes/Props/SM_AncientCoin_01.uasset" 3763
"../../../../../../Users/lucas/OneDrive/Documentos/Unreal Projects/TCC_Optimization/TCC/Content/DeepElderCaves/Meshes/Props/SM_AncientCoin_02.uasset" 3764
"../../../../../../Users/lucas/OneDrive/Documentos/Unreal Projects/TCC_Optimization/TCC/Content/DeepElderCaves/Meshes/Props/SM_AncientCoin_03.uasset" 3765
"../../../../../../Users/lucas/OneDrive/Documentos/Unreal Projects/TCC_Optimization/TCC/Content/DeepElderCaves/Meshes/Props/SM_AncientCoinChestDress_02.uasset" 3766
"../../../../../../Users/lucas/OneDrive/Documentos/Unreal Projects/TCC_Optimization/TCC/Content/DeepElderCaves/Materials/MI_AncientCoin_A.uasset" 3767
"../../../../../../Users/lucas/OneDrive/Documentos/Unreal Projects/TCC_Optimization/TCC/Content/DeepElderCaves/Materials/MI_TreasureChest_B.uasset" 3768
"../../../../../../Users/lucas/OneDrive/Documentos/Unreal Projects/TCC_Optimization/TCC/Content/DeepElderCaves/Textures/T_TreasureChest_B_D.uasset" 3769
"../../../../../../Users/lucas/OneDrive/Documentos/Unreal Projects/TCC_Optimization/TCC/Content/DeepElderCaves/Textures/T_TreasureChest_B_N.uasset" 3770
"../../../../../../Users/lucas/OneDrive/Documentos/Unreal Projects/TCC_Optimization/TCC/Content/DeepElderCaves/Textures/T_TreasureChest_B_ORM.uasset" 3771
"/Game/DeepElderCaves/Blueprints/BP_Mushroom_Green_Lit_B" 3772
"/Game/DeepElderCaves/Blueprints/BP_GroundLamp_Lit_01" 3773
"../../../../../../Users/lucas/OneDrive/Documentos/Unreal Projects/TCC_Optimization/TCC/Content/DeepElderCaves/Meshes/Props/SM_GroundLamp.uasset" 3774
"../../../../../../Users/lucas/OneDrive/Documentos/Unreal Projects/TCC_Optimization/TCC/Content/DeepElderCaves/Materials/MI_GroundLamp.uasset" 3775
"../../../../../../Users/lucas/OneDrive/Documentos/Unreal Projects/TCC_Optimization/TCC/Content/DeepElderCaves/Textures/T_GroundLamp_D.uasset" 3776
"../../../../../../Users/lucas/OneDrive/Documentos/Unreal Projects/TCC_Optimization/TCC/Content/DeepElderCaves/Textures/T_GroundLamp_N.uasset" 3777
"../../../../../../Users/lucas/OneDrive/Documentos/Unreal Projects/TCC_Optimization/TCC/Content/DeepElderCaves/Textures/T_GroundLamp_ORM.uasset" 3778
"/Game/DeepElderCaves/Blueprints/BP_Mushroom_SmallGroup_C" 3779
"/Game/DeepElderCaves/Blueprints/BP_TreasureChest_A" 3780
"../../../../../../Users/lucas/OneDrive/Documentos/Unreal Projects/TCC_Optimization/TCC/Content/DeepElderCaves/Meshes/Props/SM_AncientCoinChestDress_01.uasset" 3781
"C:/Users/lucas/OneDrive/Documentos/Unreal Projects/TCC_Optimization/TCC/Content/DeepElderCaves/Meshes/Architecture/SM_Ceiling_Main.uasset" 3782
"C:/Users/lucas/OneDrive/Documentos/Unreal Projects/TCC_Optimization/TCC/Content/DeepElderCaves/Textures/T_Floor_3x3_N.uasset" 3783
"C:/Users/lucas/OneDrive/Documentos/Unreal Projects/TCC_Optimization/TCC/Content/DeepElderCaves/Materials/MI_Floor_3x3.uasset" 3784
"/Game/DeepElderCaves/Materials/MI_Bridge_B" 3785
"C:/Users/lucas/OneDrive/Documentos/Unreal Projects/TCC_Optimization/TCC/Content/DeepElderCaves/Meshes/Architecture/SM_Floor_3x3.uasset" 3786
"C:/Users/lucas/OneDrive/Documentos/Unreal Projects/TCC_Optimization/TCC/Content/DeepElderCaves/Meshes/Architecture/SM_Floor_3x6.uasset" 3787
"C:/Users/lucas/OneDrive/Documentos/Unreal Projects/TCC_Optimization/TCC/Content/DeepElderCaves/Textures/T_Floor_6x6_N.uasset" 3788
"C:/Users/lucas/OneDrive/Documentos/Unreal Projects/TCC_Optimization/TCC/Content/DeepElderCaves/Materials/MI_Floor_6x6.uasset" 3789
"C:/Users/lucas/OneDrive/Documentos/Unreal Projects/TCC_Optimization/TCC/Content/DeepElderCaves/Meshes/Architecture/SM_Floor_6x6.uasset" 3790
"C:/Users/lucas/OneDrive/Documentos/Unreal Projects/TCC_Optimization/TCC/Content/DeepElderCaves/Meshes/Architecture/SM_Floor_Piece_A.uasset" 3791
"C:/Users/lucas/OneDrive/Documentos/Unreal Projects/TCC_Optimization/TCC/Content/DeepElderCaves/Meshes/Architecture/SM_Floor_Piece_C.uasset" 3792
"C:/Users/lucas/OneDrive/Documentos/Unreal Projects/TCC_Optimization/TCC/Content/DeepElderCaves/Meshes/Architecture/SM_Floor_Piece_B.uasset" 3793
"C:/Users/lucas/OneDrive/Documentos/Unreal Projects/TCC_Optimization/TCC/Content/DeepElderCaves/Textures/T_Floor_Pieces_N.uasset" 3794
"C:/Users/lucas/OneDrive/Documentos/Unreal Projects/TCC_Optimization/TCC/Content/DeepElderCaves/Materials/MI_Floor_Pieces.uasset" 3795
"C:/Users/lucas/OneDrive/Documentos/Unreal Projects/TCC_Optimization/TCC/Content/DeepElderCaves/Meshes/Architecture/SM_Floor_Piece_D.uasset" 3796
"C:/Users/lucas/OneDrive/Documentos/Unreal Projects/TCC_Optimization/TCC/Content/DeepElderCaves/Materials/MI_Pillar_2x3_A.uasset" 3797
"C:/Users/lucas/OneDrive/Documentos/Unreal Projects/TCC_Optimization/TCC/Content/DeepElderCaves/Meshes/Architecture/SM_Pillar_2x3_A.uasset" 3798
"/Game/DeepElderCaves/Meshes/Architecture/SM_Ceiling_Main" 3799
"C:/Users/lucas/OneDrive/Documentos/Unreal Projects/TCC_Optimization/TCC/Content/DeepElderCaves/Meshes/Architecture/SM_Pillar_2x3_B.uasset" 3800
"C:/Users/lucas/OneDrive/Documentos/Unreal Projects/TCC_Optimization/TCC/Content/DeepElderCaves/Meshes/Architecture/SM_Pillar_2x6.uasset" 3801
"C:/Users/lucas/OneDrive/Documentos/Unreal Projects/TCC_Optimization/TCC/Content/DeepElderCaves/Materials/MI_Pillar_3x6.uasset" 3802
"C:/Users/lucas/OneDrive/Documentos/Unreal Projects/TCC_Optimization/TCC/Content/DeepElderCaves/Meshes/Architecture/SM_Pillar_3x6.uasset" 3803
"C:/Users/lucas/OneDrive/Documentos/Unreal Projects/TCC_Optimization/TCC/Content/DeepElderCaves/Textures/T_WallArchway_6x3_N.uasset" 3804
"C:/Users/lucas/OneDrive/Documentos/Unreal Projects/TCC_Optimization/TCC/Content/DeepElderCaves/Materials/MI_WallArchway_6x3.uasset" 3805
"C:/Users/lucas/OneDrive/Documentos/Unreal Projects/TCC_Optimization/TCC/Content/DeepElderCaves/Meshes/Architecture/SM_WallArchway_12x3.uasset" 3806
"C:/Users/lucas/OneDrive/Documentos/Unreal Projects/TCC_Optimization/TCC/Content/DeepElderCaves/Textures/T_WallArchway_3x3_N.uasset" 3807
"C:/Users/lucas/OneDrive/Documentos/Unreal Projects/TCC_Optimization/TCC/Content/DeepElderCaves/Materials/MI_WallArchway_3x3.uasset" 3808
"C:/Users/lucas/OneDrive/Documentos/Unreal Projects/TCC_Optimization/TCC/Content/DeepElderCaves/Meshes/Architecture/SM_WallArchway_3x3.uasset" 3809
"C:/Users/lucas/OneDrive/Documentos/Unreal Projects/TCC_Optimization/TCC/Content/DeepElderCaves/Textures/T_WallArchway_3x6_N.uasset" 3810
"/Game/DeepElderCaves/Meshes/Architecture/SM_Bridge_B" 3811
"C:/Users/lucas/OneDrive/Documentos/Unreal Projects/TCC_Optimization/TCC/Content/DeepElderCaves/Meshes/Architecture/SM_WallArchway_3x6.uasset" 3812
"C:/Users/lucas/OneDrive/Documentos/Unreal Projects/TCC_Optimization/TCC/Content/DeepElderCaves/Textures/T_WallRock_A_N.uasset" 3813
"/Game/DeepElderCaves/Textures/T_WallArchway_3x6_N" 3814
"C:/Users/lucas/OneDrive/Documentos/Unreal Projects/TCC_Optimization/TCC/Content/DeepElderCaves/Materials/MI_WallRock_A.uasset" 3815
"C:/Users/lucas/OneDrive/Documentos/Unreal Projects/TCC_Optimization/TCC/Content/DeepElderCaves/Materials/MI_WallArchway_3x6.uasset" 3816
"C:/Users/lucas/OneDrive/Documentos/Unreal Projects/TCC_Optimization/TCC/Content/DeepElderCaves/Meshes/Architecture/SM_WallRock_A.uasset" 3817
"C:/Users/lucas/OneDrive/Documentos/Unreal Projects/TCC_Optimization/TCC/Content/DeepElderCaves/Textures/T_WallRock_B_N.uasset" 3818
"/Game/DeepElderCaves/Meshes/Architecture/SM_WallArchway_3x3" 3819
"../../../../../../Users/lucas/OneDrive/Documentos/Unreal Projects/TCC_Optimization/TCC/Content/DeepElderCaves/Materials/M_StoneTile_Main_01.uasset" 3820
"../../../../../../Users/lucas/OneDrive/Documentos/Unreal Projects/TCC_Optimization/TCC/Content/DeepElderCaves/Textures/T_StoneTile_A_D.uasset" 3821
"../../../../../../Users/lucas/OneDrive/Documentos/Unreal Projects/TCC_Optimization/TCC/Content/DeepElderCaves/Textures/T_StoneTile_A_H.uasset" 3822
"../../../../../../Users/lucas/OneDrive/Documentos/Unreal Projects/TCC_Optimization/TCC/Content/DeepElderCaves/Textures/T_StoneTile_A_N.uasset" 3823
"../../../../../../Users/lucas/OneDrive/Documentos/Unreal Projects/TCC_Optimization/TCC/Content/DeepElderCaves/Textures/T_StoneTile_A_ORM.uasset" 3824
"../../../../../../Users/lucas/OneDrive/Documentos/Unreal Projects/TCC_Optimization/TCC/Content/DeepElderCaves/Textures/T_StoneTile_B_D.uasset" 3825
"../../../../../../Users/lucas/OneDrive/Documentos/Unreal Projects/TCC_Optimization/TCC/Content/DeepElderCaves/Textures/T_StoneTile_B_N.uasset" 3826
"../../../../../../Users/lucas/OneDrive/Documentos/Unreal Projects/TCC_Optimization/TCC/Content/DeepElderCaves/Textures/T_StoneTile_B_ORM.uasset" 3827
"/Game/DeepElderCaves/Meshes/Architecture/SM_WallArchway_12x3" 3828
"/Game/DeepElderCaves/Meshes/Architecture/SM_Pillar_3x6" 3829
"../../../../../../Users/lucas/OneDrive/Documentos/Unreal Projects/TCC_Optimization/TCC/Content/DeepElderCaves/Textures/T_Pillar_3x6_N.uasset" 3830
"/Game/DeepElderCaves/Meshes/Architecture/SM_Pillar_2x6" 3831
"../../../../../../Users/lucas/OneDrive/Documentos/Unreal Projects/TCC_Optimization/TCC/Content/DeepElderCaves/Materials/MI_Pillar_2x6.uasset" 3832
"../../../../../../Users/lucas/OneDrive/Documentos/Unreal Projects/TCC_Optimization/TCC/Content/DeepElderCaves/Textures/T_Pillar_2x6_N.uasset" 3833
"/Game/DeepElderCaves/Meshes/Architecture/SM_Pillar_2x3_B" 3834
"../../../../../../Users/lucas/OneDrive/Documentos/Unreal Projects/TCC_Optimization/TCC/Content/DeepElderCaves/Materials/MI_Pillar_2x3_B.uasset" 3835
"../../../../../../Users/lucas/OneDrive/Documentos/Unreal Projects/TCC_Optimization/TCC/Content/DeepElderCaves/Textures/T_Pillar_2x3_B_N.uasset" 3836
"/Game/DeepElderCaves/Meshes/Architecture/SM_Pillar_2x3_A" 3837
"../../../../../../Users/lucas/OneDrive/Documentos/Unreal Projects/TCC_Optimization/TCC/Content/DeepElderCaves/Textures/T_Pillar_2x3_A_N.uasset" 3838
"/Game/DeepElderCaves/Meshes/Architecture/SM_Floor_Piece_D" 3839
"/Game/DeepElderCaves/Meshes/Architecture/SM_Floor_Piece_C" 3840
"/Game/DeepElderCaves/Meshes/Architecture/SM_Floor_Piece_B" 3841
"/Game/DeepElderCaves/Meshes/Architecture/SM_Floor_Piece_A" 3842
"/Game/DeepElderCaves/Meshes/Architecture/SM_Floor_6x6" 3843
"/Game/DeepElderCaves/Meshes/Architecture/SM_Floor_3x6" 3844
"../../../../../../Users/lucas/OneDrive/Documentos/Unreal Projects/TCC_Optimization/TCC/Content/DeepElderCaves/Materials/MI_Floor_3x6.uasset" 3845
"../../../../../../Users/lucas/OneDrive/Documentos/Unreal Projects/TCC_Optimization/TCC/Content/DeepElderCaves/Textures/T_Floor_3x6_N.uasset" 3846
"/Game/DeepElderCaves/Meshes/Architecture/SM_Floor_3x3" 3847
"C:/Users/lucas/OneDrive/Documentos/Unreal Projects/TCC_Optimization/TCC/Content/DeepElderCaves/Materials/MI_WallRock_B.uasset" 3848
"/Game/DeepElderCaves/Textures/T_WallRock_B_N" 3849
"C:/Users/lucas/OneDrive/Documentos/Unreal Projects/TCC_Optimization/TCC/Content/DeepElderCaves/Meshes/Architecture/SM_WallRock_B.uasset" 3850
"C:/Users/lucas/OneDrive/Documentos/Unreal Projects/TCC_Optimization/TCC/Content/DeepElderCaves/Materials/MI_WallRock_C.uasset" 3851
"C:/Users/lucas/OneDrive/Documentos/Unreal Projects/TCC_Optimization/TCC/Content/DeepElderCaves/Meshes/Architecture/SM_WallRock_C.uasset" 3852
"/Game/DeepElderCaves/Meshes/Architecture/SM_WallRock_A" 3853
"C:/Users/lucas/OneDrive/Documentos/Unreal Projects/TCC_Optimization/TCC/Content/DeepElderCaves/Materials/MI_Wall_2x6_A.uasset" 3854
"C:/Users/lucas/OneDrive/Documentos/Unreal Projects/TCC_Optimization/TCC/Content/DeepElderCaves/Meshes/Architecture/SM_Wall_2x6_A.uasset" 3855
"C:/Users/lucas/OneDrive/Documentos/Unreal Projects/TCC_Optimization/TCC/Content/DeepElderCaves/Textures/T_Wall_2x6_B_N.uasset" 3856
"C:/Users/lucas/OneDrive/Documentos/Unreal Projects/TCC_Optimization/TCC/Content/DeepElderCaves/Materials/MI_Wall_2x6_B.uasset" 3857
"C:/Users/lucas/OneDrive/Documentos/Unreal Projects/TCC_Optimization/TCC/Content/DeepElderCaves/Meshes/Architecture/SM_Wall_2x6_B.uasset" 3858
"C:/Users/lucas/OneDrive/Documentos/Unreal Projects/TCC_Optimization/TCC/Content/DeepElderCaves/Meshes/Architecture/SM_Wall_4x3_A.uasset" 3859
"C:/Users/lucas/OneDrive/Documentos/Unreal Projects/TCC_Optimization/TCC/Content/DeepElderCaves/Materials/MI_Wall_4x6.uasset" 3860
"C:/Users/lucas/OneDrive/Documentos/Unreal Projects/TCC_Optimization/TCC/Content/DeepElderCaves/Meshes/Architecture/SM_Wall_4x6.uasset" 3861
"C:/Users/lucas/OneDrive/Documentos/Unreal Projects/TCC_Optimization/TCC/Content/DeepElderCaves/Meshes/Architecture/SM_Wall_6x6.uasset" 3862
"C:/Users/lucas/OneDrive/Documentos/Unreal Projects/TCC_Optimization/TCC/Content/DeepElderCaves/Textures/T_Wall_Corner_N.uasset" 3863
"C:/Users/lucas/OneDrive/Documentos/Unreal Projects/TCC_Optimization/TCC/Content/DeepElderCaves/Materials/MI_Wall_Corner.uasset" 3864
"C:/Users/lucas/OneDrive/Documentos/Unreal Projects/TCC_Optimization/TCC/Content/DeepElderCaves/Meshes/Architecture/SM_Wall_Corner.uasset" 3865
"C:/Users/lucas/OneDrive/Documentos/Unreal Projects/TCC_Optimization/TCC/Content/DeepElderCaves/Meshes/Props/SM_AncientCoin_04.uasset" 3866
"C:/Users/lucas/OneDrive/Documentos/Unreal Projects/TCC_Optimization/TCC/Content/DeepElderCaves/Meshes/Props/SM_AncientCoin_06.uasset" 3867
"C:/Users/lucas/OneDrive/Documentos/Unreal Projects/TCC_Optimization/TCC/Content/DeepElderCaves/Meshes/Props/SM_AncientCoin_07.uasset" 3868
"C:/Users/lucas/OneDrive/Documentos/Unreal Projects/TCC_Optimization/TCC/Content/DeepElderCaves/Materials/MI_Cliff_01.uasset" 3869
"C:/Users/lucas/OneDrive/Documentos/Unreal Projects/TCC_Optimization/TCC/Content/DeepElderCaves/Meshes/Props/SM_Cliff_01.uasset" 3870
"C:/Users/lucas/OneDrive/Documentos/Unreal Projects/TCC_Optimization/TCC/Content/DeepElderCaves/Textures/T_Cliff_02_N.uasset" 3871
"C:/Users/lucas/OneDrive/Documentos/Unreal Projects/TCC_Optimization/TCC/Content/DeepElderCaves/Meshes/Props/SM_AncientCoin_05.uasset" 3872
"C:/Users/lucas/OneDrive/Documentos/Unreal Projects/TCC_Optimization/TCC/Content/DeepElderCaves/Textures/T_Cliff_02_ORM.uasset" 3873
"C:/Users/lucas/OneDrive/Documentos/Unreal Projects/TCC_Optimization/TCC/Content/DeepElderCaves/Materials/MI_Cliff_02.uasset" 3874
"C:/Users/lucas/OneDrive/Documentos/Unreal Projects/TCC_Optimization/TCC/Content/DeepElderCaves/Textures/T_Cliff_02_D.uasset" 3875
"/Game/DeepElderCaves/Meshes/Architecture/SM_WallArchway_3x6" 3876
"/Game/DeepElderCaves/Meshes/Props/SM_AncientCoin_06" 3877
"C:/Users/lucas/OneDrive/Documentos/Unreal Projects/TCC_Optimization/TCC/Content/DeepElderCaves/Meshes/Props/SM_Cliff_02.uasset" 3878
"C:/Users/lucas/OneDrive/Documentos/Unreal Projects/TCC_Optimization/TCC/Content/DeepElderCaves/Textures/T_Cliff_03_D.uasset" 3879
"C:/Users/lucas/OneDrive/Documentos/Unreal Projects/TCC_Optimization/TCC/Content/DeepElderCaves/Textures/T_Cliff_03_ORM.uasset" 3880
"C:/Users/lucas/OneDrive/Documentos/Unreal Projects/TCC_Optimization/TCC/Content/DeepElderCaves/Textures/T_Cliff_03_N.uasset" 3881
"C:/Users/lucas/OneDrive/Documentos/Unreal Projects/TCC_Optimization/TCC/Content/DeepElderCaves/Materials/MI_Cliff_03.uasset" 3882
"C:/Users/lucas/OneDrive/Documentos/Unreal Projects/TCC_Optimization/TCC/Content/DeepElderCaves/Meshes/Props/SM_Cliff_03.uasset" 3883
"/Game/DeepElderCaves/Meshes/Props/SM_AncientCoin_05" 3884
"/Game/DeepElderCaves/Meshes/Props/SM_AncientCoin_04" 3885
"/Game/DeepElderCaves/Meshes/Architecture/SM_Wall_Corner" 3886
"/Game/DeepElderCaves/Meshes/Architecture/SM_Wall_6x6" 3887
"../../../../../../Users/lucas/OneDrive/Documentos/Unreal Projects/TCC_Optimization/TCC/Content/DeepElderCaves/Materials/MI_Wall_6x6.uasset" 3888
"/Game/DeepElderCaves/Meshes/Architecture/SM_Wall_4x6" 3889
"../../../../../../Users/lucas/OneDrive/Documentos/Unreal Projects/TCC_Optimization/TCC/Content/DeepElderCaves/Textures/T_Wall_4x6_N.uasset" 3890
"/Game/DeepElderCaves/Meshes/Architecture/SM_Wall_4x3_A" 3891
"../../../../../../Users/lucas/OneDrive/Documentos/Unreal Projects/TCC_Optimization/TCC/Content/DeepElderCaves/Materials/MI_Wall_4x3_A.uasset" 3892
"../../../../../../Users/lucas/OneDrive/Documentos/Unreal Projects/TCC_Optimization/TCC/Content/DeepElderCaves/Textures/T_Wall_4x3_A_N.uasset" 3893
"/Game/DeepElderCaves/Meshes/Architecture/SM_Wall_2x6_B" 3894
"/Game/DeepElderCaves/Meshes/Architecture/SM_Wall_2x6_A" 3895
"../../../../../../Users/lucas/OneDrive/Documentos/Unreal Projects/TCC_Optimization/TCC/Content/DeepElderCaves/Textures/T_Wall_2x6_A_N.uasset" 3896
"/Game/DeepElderCaves/Meshes/Architecture/SM_WallRock_C" 3897
"../../../../../../Users/lucas/OneDrive/Documentos/Unreal Projects/TCC_Optimization/TCC/Content/DeepElderCaves/Textures/T_WallRock_C_N.uasset" 3898
"/Game/DeepElderCaves/Meshes/Architecture/SM_WallRock_B" 3899
"/Game/DeepElderCaves/Meshes/Props/SM_AncientCoin_07" 3900
"/Game/DeepElderCaves/Materials/MI_Cliff_01" 3901
"/Game/DeepElderCaves/Meshes/Props/SM_Cliff_01" 3902
"/Game/DeepElderCaves/Textures/T_Cliff_02_D" 3903
"/Game/DeepElderCaves/Textures/T_Cliff_02_N" 3904
"/Game/DeepElderCaves/Textures/T_Cliff_02_ORM" 3905
"/Game/DeepElderCaves/Materials/MI_Cliff_02" 3906
"C:/Users/lucas/OneDrive/Documentos/Unreal Projects/TCC_Optimization/TCC/Content/DeepElderCaves/Textures/T_Cliff_04_D.uasset" 3907
"C:/Users/lucas/OneDrive/Documentos/Unreal Projects/TCC_Optimization/TCC/Content/DeepElderCaves/Textures/T_Cliff_04_N.uasset" 3908
"/Game/DeepElderCaves/Meshes/Props/SM_Cliff_03" 3909
"C:/Users/lucas/OneDrive/Documentos/Unreal Projects/TCC_Optimization/TCC/Content/DeepElderCaves/Textures/T_Cliff_04_ORM.uasset" 3910
"C:/Users/lucas/OneDrive/Documentos/Unreal Projects/TCC_Optimization/TCC/Content/DeepElderCaves/Meshes/Props/SM_Cliff_04.uasset" 3911
"C:/Users/lucas/OneDrive/Documentos/Unreal Projects/TCC_Optimization/TCC/Content/DeepElderCaves/Textures/T_Cliff_05_D.uasset" 3912
"C:/Users/lucas/OneDrive/Documentos/Unreal Projects/TCC_Optimization/TCC/Content/DeepElderCaves/Textures/T_Cliff_05_N.uasset" 3913
"C:/Users/lucas/OneDrive/Documentos/Unreal Projects/TCC_Optimization/TCC/Content/DeepElderCaves/Textures/T_Cliff_05_ORM.uasset" 3914
"C:/Users/lucas/OneDrive/Documentos/Unreal Projects/TCC_Optimization/TCC/Content/DeepElderCaves/Materials/MI_Cliff_05.uasset" 3915
"C:/Users/lucas/OneDrive/Documentos/Unreal Projects/TCC_Optimization/TCC/Content/DeepElderCaves/Materials/MI_Cliff_04.uasset" 3916
"C:/Users/lucas/OneDrive/Documentos/Unreal Projects/TCC_Optimization/TCC/Content/DeepElderCaves/Meshes/Props/SM_Cliff_05.uasset" 3917
"C:/Users/lucas/OneDrive/Documentos/Unreal Projects/TCC_Optimization/TCC/Content/DeepElderCaves/Textures/T_Cliff_06_N.uasset" 3918
"C:/Users/lucas/OneDrive/Documentos/Unreal Projects/TCC_Optimization/TCC/Content/DeepElderCaves/Textures/T_Cliff_06_D.uasset" 3919
"C:/Users/lucas/OneDrive/Documentos/Unreal Projects/TCC_Optimization/TCC/Content/DeepElderCaves/Textures/T_Cliff_06_ORM.uasset" 3920
"C:/Users/lucas/OneDrive/Documentos/Unreal Projects/TCC_Optimization/TCC/Content/DeepElderCaves/Materials/MI_Cliff_06.uasset" 3921
"C:/Users/lucas/OneDrive/Documentos/Unreal Projects/TCC_Optimization/TCC/Content/DeepElderCaves/Meshes/Props/SM_Cliff_06.uasset" 3922
"C:/Users/lucas/OneDrive/Documentos/Unreal Projects/TCC_Optimization/TCC/Content/DeepElderCaves/Textures/T_Cliff_07_N.uasset" 3923
"C:/Users/lucas/OneDrive/Documentos/Unreal Projects/TCC_Optimization/TCC/Content/DeepElderCaves/Textures/T_Cliff_07_ORM.uasset" 3924
"C:/Users/lucas/OneDrive/Documentos/Unreal Projects/TCC_Optimization/TCC/Content/DeepElderCaves/Materials/MI_Cliff_07.uasset" 3925
"C:/Users/lucas/OneDrive/Documentos/Unreal Projects/TCC_Optimization/TCC/Content/DeepElderCaves/Meshes/Props/SM_Cliff_07.uasset" 3926
"C:/Users/lucas/OneDrive/Documentos/Unreal Projects/TCC_Optimization/TCC/Content/DeepElderCaves/Meshes/Props/SM_DebrisSmall_A.uasset" 3927
"C:/Users/lucas/OneDrive/Documentos/Unreal Projects/TCC_Optimization/TCC/Content/DeepElderCaves/Meshes/Props/SM_DebrisSmall_B.uasset" 3928
"C:/Users/lucas/OneDrive/Documentos/Unreal Projects/TCC_Optimization/TCC/Content/DeepElderCaves/Meshes/Props/SM_DebrisSmall_C.uasset" 3929
"C:/Users/lucas/OneDrive/Documentos/Unreal Projects/TCC_Optimization/TCC/Content/DeepElderCaves/Meshes/Props/SM_DebrisSmall_D.uasset" 3930
"C:/Users/lucas/OneDrive/Documentos/Unreal Projects/TCC_Optimization/TCC/Content/DeepElderCaves/Meshes/Props/SM_DebrisSmall_E.uasset" 3931
"C:/Users/lucas/OneDrive/Documentos/Unreal Projects/TCC_Optimization/TCC/Content/DeepElderCaves/Meshes/Props/SM_DebrisSmall_F.uasset" 3932
"/Game/DeepElderCaves/Meshes/Props/SM_Cliff_02" 3933
"C:/Users/lucas/OneDrive/Documentos/Unreal Projects/TCC_Optimization/TCC/Content/DeepElderCaves/Textures/T_Cliff_07_D.uasset" 3934
"/Game/DeepElderCaves/Meshes/Props/SM_DebrisSmall_F" 3935
"C:/Users/lucas/OneDrive/Documentos/Unreal Projects/TCC_Optimization/TCC/Content/DeepElderCaves/Meshes/Props/SM_DebrisSmall_G.uasset" 3936
"../../../../../../Users/lucas/OneDrive/Documentos/Unreal Projects/TCC_Optimization/TCC/Content/DeepElderCaves/Materials/MI_DebrisSmall.uasset" 3937
"C:/Users/lucas/OneDrive/Documentos/Unreal Projects/TCC_Optimization/TCC/Content/DeepElderCaves/Meshes/Props/SM_DebrisSmall_H.uasset" 3938
"C:/Users/lucas/OneDrive/Documentos/Unreal Projects/TCC_Optimization/TCC/Content/DeepElderCaves/Meshes/Props/SM_DebrisSmall_I.uasset" 3939
"C:/Users/lucas/OneDrive/Documentos/Unreal Projects/TCC_Optimization/TCC/Content/DeepElderCaves/Meshes/Props/SM_DebrisSmall_J.uasset" 3940
"C:/Users/lucas/OneDrive/Documentos/Unreal Projects/TCC_Optimization/TCC/Content/DeepElderCaves/Textures/T_DecorPillar_A_D.uasset" 3941
"../../../../../../Users/lucas/OneDrive/Documentos/Unreal Projects/TCC_Optimization/TCC/Content/DeepElderCaves/Textures/T_DebrisSmall_D.uasset" 3942
"C:/Users/lucas/OneDrive/Documentos/Unreal Projects/TCC_Optimization/TCC/Content/DeepElderCaves/Textures/T_DecorPillar_A_N.uasset" 3943
"../../../../../../Users/lucas/OneDrive/Documentos/Unreal Projects/TCC_Optimization/TCC/Content/DeepElderCaves/Textures/T_DebrisSmall_N.uasset" 3944
"../../../../../../Users/lucas/OneDrive/Documentos/Unreal Projects/TCC_Optimization/TCC/Content/DeepElderCaves/Textures/T_DebrisSmall_ORM.uasset" 3945
"/Game/DeepElderCaves/Meshes/Props/SM_DebrisSmall_E" 3946
"/Game/DeepElderCaves/Meshes/Props/SM_DebrisSmall_D" 3947
"/Game/DeepElderCaves/Meshes/Props/SM_DebrisSmall_C" 3948
"/Game/DeepElderCaves/Meshes/Props/SM_DebrisSmall_B" 3949
"/Game/DeepElderCaves/Meshes/Props/SM_DebrisSmall_A" 3950
"/Game/DeepElderCaves/Meshes/Props/SM_Cliff_07" 3951
"/Game/DeepElderCaves/Meshes/Props/SM_Cliff_06" 3952
"/Game/DeepElderCaves/Meshes/Props/SM_Cliff_05" 3953
"/Game/DeepElderCaves/Meshes/Props/SM_Cliff_04" 3954
"C:/Users/lucas/OneDrive/Documentos/Unreal Projects/TCC_Optimization/TCC/Content/DeepElderCaves/Textures/T_DecorPillar_A_ORM.uasset" 3955
"/Game/DeepElderCaves/Textures/T_DecorPillar_A_N" 3956
"C:/Users/lucas/OneDrive/Documentos/Unreal Projects/TCC_Optimization/TCC/Content/DeepElderCaves/Materials/MI_DecorPillar_A.uasset" 3957
"C:/Users/lucas/OneDrive/Documentos/Unreal Projects/TCC_Optimization/TCC/Content/DeepElderCaves/Meshes/Props/SM_DecorPillar_A.uasset" 3958
"C:/Users/lucas/OneDrive/Documentos/Unreal Projects/TCC_Optimization/TCC/Content/DeepElderCaves/Textures/T_DecorPillar_B_D.uasset" 3959
"C:/Users/lucas/OneDrive/Documentos/Unreal Projects/TCC_Optimization/TCC/Content/DeepElderCaves/Textures/T_DecorPillar_B_N.uasset" 3960
"C:/Users/lucas/OneDrive/Documentos/Unreal Projects/TCC_Optimization/TCC/Content/DeepElderCaves/Materials/MI_DecorPillar_B.uasset" 3961
"/Game/DeepElderCaves/Textures/T_DecorPillar_A_D" 3962
"C:/Users/lucas/OneDrive/Documentos/Unreal Projects/TCC_Optimization/TCC/Content/DeepElderCaves/Meshes/Props/SM_DecorPillar_B.uasset" 3963
"C:/Users/lucas/OneDrive/Documentos/Unreal Projects/TCC_Optimization/TCC/Content/DeepElderCaves/Textures/T_DecorPillar_B_ORM.uasset" 3964
"C:/Users/lucas/OneDrive/Documentos/Unreal Projects/TCC_Optimization/TCC/Content/DeepElderCaves/Meshes/Props/SM_EntryRock_01.uasset" 3965
"C:/Users/lucas/OneDrive/Documentos/Unreal Projects/TCC_Optimization/TCC/Content/DeepElderCaves/Meshes/Props/SM_EntryDecor.uasset" 3966
"C:/Users/lucas/OneDrive/Documentos/Unreal Projects/TCC_Optimization/TCC/Content/DeepElderCaves/Meshes/Props/SM_EntryRock_02.uasset" 3967
"/Game/DeepElderCaves/Meshes/Props/SM_DebrisSmall_J" 3968
"C:/Users/lucas/OneDrive/Documentos/Unreal Projects/TCC_Optimization/TCC/Content/DeepElderCaves/Meshes/Props/SM_EntryRock_03.uasset" 3969
"C:/Users/lucas/OneDrive/Documentos/Unreal Projects/TCC_Optimization/TCC/Content/DeepElderCaves/Textures/T_EntryTotem_D.uasset" 3970
"C:/Users/lucas/OneDrive/Documentos/Unreal Projects/TCC_Optimization/TCC/Content/DeepElderCaves/Textures/T_EntryTotem_N.uasset" 3971
"C:/Users/lucas/OneDrive/Documentos/Unreal Projects/TCC_Optimization/TCC/Content/DeepElderCaves/Materials/MI_EntryTotem.uasset" 3972
"C:/Users/lucas/OneDrive/Documentos/Unreal Projects/TCC_Optimization/TCC/Content/DeepElderCaves/Meshes/Props/SM_EntryTotem.uasset" 3973
"C:/Users/lucas/OneDrive/Documentos/Unreal Projects/TCC_Optimization/TCC/Content/DeepElderCaves/Meshes/Props/SM_FigureInhabitant_01.uasset" 3974
"C:/Users/lucas/OneDrive/Documentos/Unreal Projects/TCC_Optimization/TCC/Content/DeepElderCaves/Meshes/Props/SM_FigureInhabitant_02.uasset" 3975
"C:/Users/lucas/OneDrive/Documentos/Unreal Projects/TCC_Optimization/TCC/Content/DeepElderCaves/Meshes/Props/SM_FigureInhabitant_03.uasset" 3976
"C:/Users/lucas/OneDrive/Documentos/Unreal Projects/TCC_Optimization/TCC/Content/DeepElderCaves/Meshes/Props/SM_FigureInhabitant_04.uasset" 3977
"/Game/DeepElderCaves/Meshes/Props/SM_DebrisSmall_I" 3978
"C:/Users/lucas/OneDrive/Documentos/Unreal Projects/TCC_Optimization/TCC/Content/DeepElderCaves/Meshes/Props/SM_FigureInhabitant_05.uasset" 3979
"C:/Users/lucas/OneDrive/Documentos/Unreal Projects/TCC_Optimization/TCC/Content/DeepElderCaves/Meshes/Props/SM_FigureInhabitant_06.uasset" 3980
"C:/Users/lucas/OneDrive/Documentos/Unreal Projects/TCC_Optimization/TCC/Content/DeepElderCaves/Textures/T_EntryTotem_ORM.uasset" 3981
"C:/Users/lucas/OneDrive/Documentos/Unreal Projects/TCC_Optimization/TCC/Content/DeepElderCaves/Meshes/Props/SM_FigureInhabitant_08.uasset" 3982
"C:/Users/lucas/OneDrive/Documentos/Unreal Projects/TCC_Optimization/TCC/Content/DeepElderCaves/Meshes/Props/SM_FigureInhabitant_09.uasset" 3983
"C:/Users/lucas/OneDrive/Documentos/Unreal Projects/TCC_Optimization/TCC/Content/DeepElderCaves/Meshes/Props/SM_FigureInhabitant_07.uasset" 3984
"/Game/DeepElderCaves/Meshes/Props/SM_DebrisSmall_H" 3985
"/Game/DeepElderCaves/Meshes/Props/SM_DebrisSmall_G" 3986
"/Game/DeepElderCaves/Meshes/Props/SM_FigureInhabitant_09" 3987
"C:/Users/lucas/OneDrive/Documentos/Unreal Projects/TCC_Optimization/TCC/Content/DeepElderCaves/Meshes/Props/SM_FigureInhabitant_15.uasset" 3988
"C:/Users/lucas/OneDrive/Documentos/Unreal Projects/TCC_Optimization/TCC/Content/DeepElderCaves/Meshes/Props/SM_FigureInhabitant_14.uasset" 3989
"C:/Users/lucas/OneDrive/Documentos/Unreal Projects/TCC_Optimization/TCC/Content/DeepElderCaves/Meshes/Props/SM_FigureInhabitant_13.uasset" 3990
"../../../../../../Users/lucas/OneDrive/Documentos/Unreal Projects/TCC_Optimization/TCC/Content/DeepElderCaves/Materials/MI_FigureInhabitant.uasset" 3991
"C:/Users/lucas/OneDrive/Documentos/Unreal Projects/TCC_Optimization/TCC/Content/DeepElderCaves/Meshes/Props/SM_FigureInhabitant_12.uasset" 3992
"C:/Users/lucas/OneDrive/Documentos/Unreal Projects/TCC_Optimization/TCC/Content/DeepElderCaves/Meshes/Props/SM_FigureInhabitant_11.uasset" 3993
"C:/Users/lucas/OneDrive/Documentos/Unreal Projects/TCC_Optimization/TCC/Content/DeepElderCaves/Meshes/Props/SM_FigureInhabitant_10.uasset" 3994
"../../../../../../Users/lucas/OneDrive/Documentos/Unreal Projects/TCC_Optimization/TCC/Content/DeepElderCaves/Textures/T_FigureInhabitant_D.uasset" 3995
"../../../../../../Users/lucas/OneDrive/Documentos/Unreal Projects/TCC_Optimization/TCC/Content/DeepElderCaves/Textures/T_FigureInhabitant_N.uasset" 3996
"../../../../../../Users/lucas/OneDrive/Documentos/Unreal Projects/TCC_Optimization/TCC/Content/DeepElderCaves/Textures/T_FigureInhabitant_ORM.uasset" 3997
"/Game/DeepElderCaves/Meshes/Props/SM_FigureInhabitant_08" 3998
"/Game/DeepElderCaves/Meshes/Props/SM_FigureInhabitant_07" 3999
"/Game/DeepElderCaves/Meshes/Props/SM_FigureInhabitant_06" 4000
"/Game/DeepElderCaves/Meshes/Props/SM_FigureInhabitant_05" 4001
"/Game/DeepElderCaves/Meshes/Props/SM_FigureInhabitant_04" 4002
"/Game/DeepElderCaves/Meshes/Props/SM_FigureInhabitant_03" 4003
"/Game/DeepElderCaves/Meshes/Props/SM_FigureInhabitant_02" 4004
"/Game/DeepElderCaves/Meshes/Props/SM_FigureInhabitant_01" 4005
"/Game/DeepElderCaves/Meshes/Props/SM_EntryTotem" 4006
"/Game/DeepElderCaves/Meshes/Props/SM_EntryRock_03" 4007
"/Game/DeepElderCaves/Meshes/Props/SM_EntryRock_02" 4008
"/Game/DeepElderCaves/Meshes/Props/SM_EntryRock_01" 4009
"/Game/DeepElderCaves/Meshes/Props/SM_EntryDecor" 4010
"/Game/DeepElderCaves/Meshes/Props/SM_DecorPillar_B" 4011
"/Game/DeepElderCaves/Meshes/Props/SM_DecorPillar_A" 4012
"C:/Users/lucas/OneDrive/Documentos/Unreal Projects/TCC_Optimization/TCC/Content/DeepElderCaves/Meshes/Props/SM_FigureInhabitant_Group_A.uasset" 4013
"C:/Users/lucas/OneDrive/Documentos/Unreal Projects/TCC_Optimization/TCC/Content/DeepElderCaves/Meshes/Props/SM_FigureInhabitant_Group_B.uasset" 4014
"/Game/DeepElderCaves/Meshes/Props/SM_FigureInhabitant_10" 4015
"C:/Users/lucas/OneDrive/Documentos/Unreal Projects/TCC_Optimization/TCC/Content/DeepElderCaves/Meshes/Props/SM_FigureInhabitant_Group_C.uasset" 4016
"C:/Users/lucas/OneDrive/Documentos/Unreal Projects/TCC_Optimization/TCC/Content/DeepElderCaves/Meshes/Props/SM_FigureInhabitant_Group_D.uasset" 4017
"C:/Users/lucas/OneDrive/Documentos/Unreal Projects/TCC_Optimization/TCC/Content/DeepElderCaves/Meshes/Props/SM_FigureInhabitant_Group_E.uasset" 4018
"C:/Users/lucas/OneDrive/Documentos/Unreal Projects/TCC_Optimization/TCC/Content/DeepElderCaves/Meshes/Props/SM_Generic_Rock_A.uasset" 4019
"C:/Users/lucas/OneDrive/Documentos/Unreal Projects/TCC_Optimization/TCC/Content/DeepElderCaves/Meshes/Props/SM_Generic_Rock_B.uasset" 4020
"C:/Users/lucas/OneDrive/Documentos/Unreal Projects/TCC_Optimization/TCC/Content/DeepElderCaves/Meshes/Props/SM_Generic_Rock_C.uasset" 4021
"C:/Users/lucas/OneDrive/Documentos/Unreal Projects/TCC_Optimization/TCC/Content/DeepElderCaves/Meshes/Props/SM_Generic_Rock_D.uasset" 4022
"C:/Users/lucas/OneDrive/Documentos/Unreal Projects/TCC_Optimization/TCC/Content/DeepElderCaves/Meshes/Props/SM_Generic_Rock_E.uasset" 4023
"C:/Users/lucas/OneDrive/Documentos/Unreal Projects/TCC_Optimization/TCC/Content/DeepElderCaves/Textures/T_GiantHead_A_D.uasset" 4024
"C:/Users/lucas/OneDrive/Documentos/Unreal Projects/TCC_Optimization/TCC/Content/DeepElderCaves/Textures/T_GiantHead_A_N.uasset" 4025
"C:/Users/lucas/OneDrive/Documentos/Unreal Projects/TCC_Optimization/TCC/Content/DeepElderCaves/Textures/T_GiantHead_A_ORM.uasset" 4026
"C:/Users/lucas/OneDrive/Documentos/Unreal Projects/TCC_Optimization/TCC/Content/DeepElderCaves/Materials/MI_GiantHead_A.uasset" 4027
"C:/Users/lucas/OneDrive/Documentos/Unreal Projects/TCC_Optimization/TCC/Content/DeepElderCaves/Meshes/Props/SM_GiantHead_A.uasset" 4028
"C:/Users/lucas/OneDrive/Documentos/Unreal Projects/TCC_Optimization/TCC/Content/DeepElderCaves/Textures/T_GiantHead_B_D.uasset" 4029
"C:/Users/lucas/OneDrive/Documentos/Unreal Projects/TCC_Optimization/TCC/Content/DeepElderCaves/Textures/T_GiantHead_B_N.uasset" 4030
"C:/Users/lucas/OneDrive/Documentos/Unreal Projects/TCC_Optimization/TCC/Content/DeepElderCaves/Textures/T_GiantHead_B_ORM.uasset" 4031
"C:/Users/lucas/OneDrive/Documentos/Unreal Projects/TCC_Optimization/TCC/Content/DeepElderCaves/Materials/MI_GiantHead_B.uasset" 4032
"/Game/DeepElderCaves/Meshes/Props/SM_FigureInhabitant_11" 4033
"C:/Users/lucas/OneDrive/Documentos/Unreal Projects/TCC_Optimization/TCC/Content/DeepElderCaves/Meshes/Props/SM_GiantHead_B.uasset" 4034
"C:/Users/lucas/OneDrive/Documentos/Unreal Projects/TCC_Optimization/TCC/Content/DeepElderCaves/Textures/T_GiantHead_C_D.uasset" 4035
"C:/Users/lucas/OneDrive/Documentos/Unreal Projects/TCC_Optimization/TCC/Content/DeepElderCaves/Textures/T_GiantHead_C_N.uasset" 4036
"C:/Users/lucas/OneDrive/Documentos/Unreal Projects/TCC_Optimization/TCC/Content/DeepElderCaves/Textures/T_GiantHead_C_ORM.uasset" 4037
"C:/Users/lucas/OneDrive/Documentos/Unreal Projects/TCC_Optimization/TCC/Content/DeepElderCaves/Materials/MI_GiantHead_C.uasset" 4038
"C:/Users/lucas/OneDrive/Documentos/Unreal Projects/TCC_Optimization/TCC/Content/DeepElderCaves/Meshes/Props/SM_GiantHead_C.uasset" 4039
"C:/Users/lucas/OneDrive/Documentos/Unreal Projects/TCC_Optimization/TCC/Content/DeepElderCaves/Meshes/Props/SM_Giant_Arm.uasset" 4040
"/Game/DeepElderCaves/Meshes/Props/SM_FigureInhabitant_12" 4041
"/Game/DeepElderCaves/Meshes/Props/SM_FigureInhabitant_13" 4042
"/Game/DeepElderCaves/Meshes/Props/SM_FigureInhabitant_14" 4043
"/Game/DeepElderCaves/Meshes/Props/SM_FigureInhabitant_15" 4044
"C:/Users/lucas/OneDrive/Documentos/Unreal Projects/TCC_Optimization/TCC/Content/DeepElderCaves/Textures/T_Generic_Rock_A_N.uasset" 4045
"C:/Users/lucas/OneDrive/Documentos/Unreal Projects/TCC_Optimization/TCC/Content/DeepElderCaves/Textures/T_Generic_Rock_A_ORM.uasset" 4046
"/Game/DeepElderCaves/Meshes/Props/SM_Giant_Arm" 4047
"C:/Users/lucas/OneDrive/Documentos/Unreal Projects/TCC_Optimization/TCC/Content/DeepElderCaves/Materials/MI_Generic_Rock_A.uasset" 4048
"C:/Users/lucas/OneDrive/Documentos/Unreal Projects/TCC_Optimization/TCC/Content/DeepElderCaves/Textures/T_Generic_Rock_B_D.uasset" 4049
"../../../../../../Users/lucas/OneDrive/Documentos/Unreal Projects/TCC_Optimization/TCC/Content/DeepElderCaves/Materials/MI_Giant_Arm.uasset" 4050
"C:/Users/lucas/OneDrive/Documentos/Unreal Projects/TCC_Optimization/TCC/Content/DeepElderCaves/Textures/T_Generic_Rock_B_N.uasset" 4051
"../../../../../../Users/lucas/OneDrive/Documentos/Unreal Projects/TCC_Optimization/TCC/Content/DeepElderCaves/Textures/T_Giant_Arm_D.uasset" 4052
"C:/Users/lucas/OneDrive/Documentos/Unreal Projects/TCC_Optimization/TCC/Content/DeepElderCaves/Textures/T_Generic_Rock_A_D.uasset" 4053
"../../../../../../Users/lucas/OneDrive/Documentos/Unreal Projects/TCC_Optimization/TCC/Content/DeepElderCaves/Textures/T_Giant_Arm_N.uasset" 4054
"../../../../../../Users/lucas/OneDrive/Documentos/Unreal Projects/TCC_Optimization/TCC/Content/DeepElderCaves/Textures/T_Giant_Arm_ORM.uasset" 4055
"/Game/DeepElderCaves/Textures/T_GiantHead_C_N" 4056
"/Game/DeepElderCaves/Textures/T_GiantHead_C_D" 4057
"/Game/DeepElderCaves/Meshes/Props/SM_GiantHead_B" 4058
"/Game/DeepElderCaves/Meshes/Props/SM_GiantHead_C" 4059
"/Game/DeepElderCaves/Meshes/Props/SM_GiantHead_A" 4060
"/Game/DeepElderCaves/Meshes/Props/SM_Generic_Rock_E" 4061
"../../../../../../Users/lucas/OneDrive/Documentos/Unreal Projects/TCC_Optimization/TCC/Content/DeepElderCaves/Materials/MI_Generic_Rock_E.uasset" 4062
"../../../../../../Users/lucas/OneDrive/Documentos/Unreal Projects/TCC_Optimization/TCC/Content/DeepElderCaves/Textures/T_Generic_Rock_E_D.uasset" 4063
"../../../../../../Users/lucas/OneDrive/Documentos/Unreal Projects/TCC_Optimization/TCC/Content/DeepElderCaves/Textures/T_Generic_Rock_E_N.uasset" 4064
"../../../../../../Users/lucas/OneDrive/Documentos/Unreal Projects/TCC_Optimization/TCC/Content/DeepElderCaves/Textures/T_Generic_Rock_E_ORM.uasset" 4065
"/Game/DeepElderCaves/Meshes/Props/SM_Generic_Rock_D" 4066
"../../../../../../Users/lucas/OneDrive/Documentos/Unreal Projects/TCC_Optimization/TCC/Content/DeepElderCaves/Materials/MI_Generic_Rock_D.uasset" 4067
"../../../../../../Users/lucas/OneDrive/Documentos/Unreal Projects/TCC_Optimization/TCC/Content/DeepElderCaves/Textures/T_Generic_Rock_D_D.uasset" 4068
"../../../../../../Users/lucas/OneDrive/Documentos/Unreal Projects/TCC_Optimization/TCC/Content/DeepElderCaves/Textures/T_Generic_Rock_D_N.uasset" 4069
"../../../../../../Users/lucas/OneDrive/Documentos/Unreal Projects/TCC_Optimization/TCC/Content/DeepElderCaves/Textures/T_Generic_Rock_D_ORM.uasset" 4070
"/Game/DeepElderCaves/Meshes/Props/SM_Generic_Rock_C" 4071
"../../../../../../Users/lucas/OneDrive/Documentos/Unreal Projects/TCC_Optimization/TCC/Content/DeepElderCaves/Materials/MI_Generic_Rock_C.uasset" 4072
"../../../../../../Users/lucas/OneDrive/Documentos/Unreal Projects/TCC_Optimization/TCC/Content/DeepElderCaves/Textures/T_Generic_Rock_C_D.uasset" 4073
"../../../../../../Users/lucas/OneDrive/Documentos/Unreal Projects/TCC_Optimization/TCC/Content/DeepElderCaves/Textures/T_Generic_Rock_C_N.uasset" 4074
"../../../../../../Users/lucas/OneDrive/Documentos/Unreal Projects/TCC_Optimization/TCC/Content/DeepElderCaves/Textures/T_Generic_Rock_C_ORM.uasset" 4075
"/Game/DeepElderCaves/Meshes/Props/SM_Generic_Rock_B" 4076
"../../../../../../Users/lucas/OneDrive/Documentos/Unreal Projects/TCC_Optimization/TCC/Content/DeepElderCaves/Materials/MI_Generic_Rock_B.uasset" 4077
"../../../../../../Users/lucas/OneDrive/Documentos/Unreal Projects/TCC_Optimization/TCC/Content/DeepElderCaves/Textures/T_Generic_Rock_B_D.uasset" 4078
"../../../../../../Users/lucas/OneDrive/Documentos/Unreal Projects/TCC_Optimization/TCC/Content/DeepElderCaves/Textures/T_Generic_Rock_B_N.uasset" 4079
"../../../../../../Users/lucas/OneDrive/Documentos/Unreal Projects/TCC_Optimization/TCC/Content/DeepElderCaves/Textures/T_Generic_Rock_B_ORM.uasset" 4080
"/Game/DeepElderCaves/Meshes/Props/SM_FigureInhabitant_Group_E" 4081
"/Game/DeepElderCaves/Meshes/Props/SM_FigureInhabitant_Group_D" 4082
"/Game/DeepElderCaves/Meshes/Props/SM_FigureInhabitant_Group_C" 4083
"/Game/DeepElderCaves/Meshes/Props/SM_FigureInhabitant_Group_B" 4084
"/Game/DeepElderCaves/Meshes/Props/SM_FigureInhabitant_Group_A" 4085
"C:/Users/lucas/OneDrive/Documentos/Unreal Projects/TCC_Optimization/TCC/Content/DeepElderCaves/Meshes/Props/SM_Giant_Arm_Ver_A.uasset" 4086
"C:/Users/lucas/OneDrive/Documentos/Unreal Projects/TCC_Optimization/TCC/Content/DeepElderCaves/Meshes/Props/SM_GroundStone_01.uasset" 4087
"C:/Users/lucas/OneDrive/Documentos/Unreal Projects/TCC_Optimization/TCC/Content/DeepElderCaves/Meshes/Props/SM_GroundStone_02.uasset" 4088
"C:/Users/lucas/OneDrive/Documentos/Unreal Projects/TCC_Optimization/TCC/Content/DeepElderCaves/Meshes/Props/SM_GroundStone_03.uasset" 4089
"C:/Users/lucas/OneDrive/Documentos/Unreal Projects/TCC_Optimization/TCC/Content/DeepElderCaves/Meshes/Props/SM_GroundStone_04.uasset" 4090
"C:/Users/lucas/OneDrive/Documentos/Unreal Projects/TCC_Optimization/TCC/Content/DeepElderCaves/Meshes/Props/SM_GroundStone_05.uasset" 4091
"C:/Users/lucas/OneDrive/Documentos/Unreal Projects/TCC_Optimization/TCC/Content/DeepElderCaves/Meshes/Props/SM_GroundStone_06.uasset" 4092
"C:/Users/lucas/OneDrive/Documentos/Unreal Projects/TCC_Optimization/TCC/Content/DeepElderCaves/Textures/T_GroundStone_D.uasset" 4093
"/Game/DeepElderCaves/Meshes/Props/SM_Generic_Rock_A" 4094
"C:/Users/lucas/OneDrive/Documentos/Unreal Projects/TCC_Optimization/TCC/Content/DeepElderCaves/Textures/T_GroundStone_ORM.uasset" 4095
"C:/Users/lucas/OneDrive/Documentos/Unreal Projects/TCC_Optimization/TCC/Content/DeepElderCaves/Textures/T_GroundStone_N.uasset" 4096
"C:/Users/lucas/OneDrive/Documentos/Unreal Projects/TCC_Optimization/TCC/Content/DeepElderCaves/Meshes/Props/SM_GroundStone_07.uasset" 4097
"C:/Users/lucas/OneDrive/Documentos/Unreal Projects/TCC_Optimization/TCC/Content/DeepElderCaves/Materials/MI_GroundStone.uasset" 4098
"C:/Users/lucas/OneDrive/Documentos/Unreal Projects/TCC_Optimization/TCC/Content/DeepElderCaves/Meshes/Props/SM_MushroomNucleus_A.uasset" 4099
"C:/Users/lucas/OneDrive/Documentos/Unreal Projects/TCC_Optimization/TCC/Content/DeepElderCaves/Meshes/Props/SM_MushroomNucleus_B.uasset" 4100
"C:/Users/lucas/OneDrive/Documentos/Unreal Projects/TCC_Optimization/TCC/Content/DeepElderCaves/Meshes/Props/SM_MushroomNucleus_C.uasset" 4101
"C:/Users/lucas/OneDrive/Documentos/Unreal Projects/TCC_Optimization/TCC/Content/DeepElderCaves/Meshes/Props/SM_MushroomNucleus_E.uasset" 4102
"C:/Users/lucas/OneDrive/Documentos/Unreal Projects/TCC_Optimization/TCC/Content/DeepElderCaves/Meshes/Props/SM_MushroomNucleus_D.uasset" 4103
"C:/Users/lucas/OneDrive/Documentos/Unreal Projects/TCC_Optimization/TCC/Content/DeepElderCaves/Meshes/Props/SM_MushroomNucleus_F.uasset" 4104
"C:/Users/lucas/OneDrive/Documentos/Unreal Projects/TCC_Optimization/TCC/Content/DeepElderCaves/Meshes/Props/SM_MushroomNucleus_G.uasset" 4105
"C:/Users/lucas/OneDrive/Documentos/Unreal Projects/TCC_Optimization/TCC/Content/DeepElderCaves/Meshes/Props/SM_MushroomNucleus_Green_A.uasset" 4106
"C:/Users/lucas/OneDrive/Documentos/Unreal Projects/TCC_Optimization/TCC/Content/DeepElderCaves/Meshes/Props/SM_MushroomNucleus_Green_B.uasset" 4107
"C:/Users/lucas/OneDrive/Documentos/Unreal Projects/TCC_Optimization/TCC/Content/DeepElderCaves/Meshes/Props/SM_MushroomNucleus_Green_C.uasset" 4108
"C:/Users/lucas/OneDrive/Documentos/Unreal Projects/TCC_Optimization/TCC/Content/DeepElderCaves/Meshes/Props/SM_MushroomNucleus_Green_D.uasset" 4109
"C:/Users/lucas/OneDrive/Documentos/Unreal Projects/TCC_Optimization/TCC/Content/DeepElderCaves/Meshes/Props/SM_MushroomNucleus_Green_F.uasset" 4110
"C:/Users/lucas/OneDrive/Documentos/Unreal Projects/TCC_Optimization/TCC/Content/DeepElderCaves/Meshes/Props/SM_MushroomNucleus_Green_E.uasset" 4111
"C:/Users/lucas/OneDrive/Documentos/Unreal Projects/TCC_Optimization/TCC/Content/DeepElderCaves/Meshes/Props/SM_MushroomNucleus_Green_G.uasset" 4112
"C:/Users/lucas/OneDrive/Documentos/Unreal Projects/TCC_Optimization/TCC/Content/DeepElderCaves/Materials/MI_MushroomNucleus_Green_SSS.uasset" 4113
"/Game/DeepElderCaves/Meshes/Props/SM_GroundStone_07" 4114
"C:/Users/lucas/OneDrive/Documentos/Unreal Projects/TCC_Optimization/TCC/Content/DeepElderCaves/Meshes/Props/SM_MushroomNucleus_Green_H.uasset" 4115
"C:/Users/lucas/OneDrive/Documentos/Unreal Projects/TCC_Optimization/TCC/Content/DeepElderCaves/Textures/T_MushroomNucleus_D.uasset" 4116
"C:/Users/lucas/OneDrive/Documentos/Unreal Projects/TCC_Optimization/TCC/Content/DeepElderCaves/Textures/T_MushroomNucleus_N.uasset" 4117
"C:/Users/lucas/OneDrive/Documentos/Unreal Projects/TCC_Optimization/TCC/Content/DeepElderCaves/Textures/T_MushroomNucleus_ORM.uasset" 4118
"C:/Users/lucas/OneDrive/Documentos/Unreal Projects/TCC_Optimization/TCC/Content/DeepElderCaves/Materials/MI_MushroomNucleus_NonSSS.uasset" 4119
"/Game/DeepElderCaves/Meshes/Props/SM_GroundStone_06" 4120
"/Game/DeepElderCaves/Meshes/Props/SM_GroundStone_05" 4121
"/Game/DeepElderCaves/Meshes/Props/SM_GroundStone_04" 4122
"/Game/DeepElderCaves/Meshes/Props/SM_GroundStone_03" 4123
"/Game/DeepElderCaves/Meshes/Props/SM_GroundStone_02" 4124
"/Game/DeepElderCaves/Meshes/Props/SM_GroundStone_01" 4125
"/Game/DeepElderCaves/Meshes/Props/SM_Giant_Arm_Ver_A" 4126
"../../../../../../Users/lucas/OneDrive/Documentos/Unreal Projects/TCC_Optimization/TCC/Content/DeepElderCaves/Materials/MI_Stairs.uasset" 4127
"../../../../../../Users/lucas/OneDrive/Documentos/Unreal Projects/TCC_Optimization/TCC/Content/DeepElderCaves/Textures/T_Stair_Parts_D.uasset" 4128
"../../../../../../Users/lucas/OneDrive/Documentos/Unreal Projects/TCC_Optimization/TCC/Content/DeepElderCaves/Textures/T_Stair_Parts_N.uasset" 4129
"../../../../../../Users/lucas/OneDrive/Documentos/Unreal Projects/TCC_Optimization/TCC/Content/DeepElderCaves/Textures/T_Stair_Parts_ORM.uasset" 4130
"C:/Users/lucas/OneDrive/Documentos/Unreal Projects/TCC_Optimization/TCC/Content/DeepElderCaves/Meshes/Props/SM_MushroomNucleus_H.uasset" 4131
"C:/Users/lucas/OneDrive/Documentos/Unreal Projects/TCC_Optimization/TCC/Content/DeepElderCaves/Meshes/Props/SM_RootAlpha_01.uasset" 4132
"C:/Users/lucas/OneDrive/Documentos/Unreal Projects/TCC_Optimization/TCC/Content/DeepElderCaves/Meshes/Props/SM_RootAlpha_02.uasset" 4133
"C:/Users/lucas/OneDrive/Documentos/Unreal Projects/TCC_Optimization/TCC/Content/DeepElderCaves/Meshes/Props/SM_RootAlpha_03.uasset" 4134
"/Game/DeepElderCaves/Materials/MI_MushroomNucleus_NonSSS" 4135
"C:/Users/lucas/OneDrive/Documentos/Unreal Projects/TCC_Optimization/TCC/Content/DeepElderCaves/Meshes/Props/SM_RootAlpha_04.uasset" 4136
"C:/Users/lucas/OneDrive/Documentos/Unreal Projects/TCC_Optimization/TCC/Content/DeepElderCaves/Meshes/Props/SM_RootAlpha_05.uasset" 4137
"C:/Users/lucas/OneDrive/Documentos/Unreal Projects/TCC_Optimization/TCC/Content/DeepElderCaves/Meshes/Props/SM_RootAlpha_06.uasset" 4138
"C:/Users/lucas/OneDrive/Documentos/Unreal Projects/TCC_Optimization/TCC/Content/DeepElderCaves/Meshes/Props/SM_RootAlpha_07.uasset" 4139
"C:/Users/lucas/OneDrive/Documentos/Unreal Projects/TCC_Optimization/TCC/Content/DeepElderCaves/Meshes/Props/SM_Root_02.uasset" 4140
"C:/Users/lucas/OneDrive/Documentos/Unreal Projects/TCC_Optimization/TCC/Content/DeepElderCaves/Meshes/Props/SM_Root_01.uasset" 4141
"C:/Users/lucas/OneDrive/Documentos/Unreal Projects/TCC_Optimization/TCC/Content/DeepElderCaves/Meshes/Props/SM_Root_03.uasset" 4142
"C:/Users/lucas/OneDrive/Documentos/Unreal Projects/TCC_Optimization/TCC/Content/DeepElderCaves/Meshes/Props/SM_Root_04.uasset" 4143
"/Game/DeepElderCaves/Meshes/Props/SM_MushroomNucleus_Green_H" 4144
"/Game/DeepElderCaves/Meshes/Props/SM_MushroomNucleus_Green_G" 4145
"/Game/DeepElderCaves/Meshes/Props/SM_MushroomNucleus_A" 4146
"/Game/DeepElderCaves/Meshes/Props/SM_MushroomNucleus_B" 4147
"/Game/DeepElderCaves/Meshes/Props/SM_MushroomNucleus_C" 4148
"/Game/DeepElderCaves/Meshes/Props/SM_MushroomNucleus_D" 4149
"/Game/DeepElderCaves/Meshes/Props/SM_MushroomNucleus_E" 4150
"/Game/DeepElderCaves/Meshes/Props/SM_MushroomNucleus_F" 4151
"/Game/DeepElderCaves/Meshes/Props/SM_MushroomNucleus_G" 4152
"/Game/DeepElderCaves/Meshes/Props/SM_MushroomNucleus_Green_A" 4153
"/Game/DeepElderCaves/Meshes/Props/SM_MushroomNucleus_Green_B" 4154
"/Game/DeepElderCaves/Meshes/Props/SM_MushroomNucleus_Green_C" 4155
"/Game/DeepElderCaves/Meshes/Props/SM_MushroomNucleus_Green_D" 4156
"/Game/DeepElderCaves/Meshes/Props/SM_MushroomNucleus_Green_E" 4157
"/Game/DeepElderCaves/Meshes/Props/SM_MushroomNucleus_Green_F" 4158
"C:/Users/lucas/OneDrive/Documentos/Unreal Projects/TCC_Optimization/TCC/Content/DeepElderCaves/Meshes/Props/SM_Root_05.uasset" 4159
"C:/Users/lucas/OneDrive/Documentos/Unreal Projects/TCC_Optimization/TCC/Content/DeepElderCaves/Meshes/Props/SM_Root_06.uasset" 4160
"/Game/DeepElderCaves/Meshes/Props/SM_RootAlpha_07" 4161
"C:/Users/lucas/OneDrive/Documentos/Unreal Projects/TCC_Optimization/TCC/Content/DeepElderCaves/Meshes/Props/SM_Root_07.uasset" 4162
"C:/Users/lucas/OneDrive/Documentos/Unreal Projects/TCC_Optimization/TCC/Content/DeepElderCaves/Materials/M_Roots_Anim.uasset" 4163
"C:/Users/lucas/OneDrive/Documentos/Unreal Projects/TCC_Optimization/TCC/Content/DeepElderCaves/Textures/T_RootsMesh_D.uasset" 4164
"C:/Users/lucas/OneDrive/Documentos/Unreal Projects/TCC_Optimization/TCC/Content/DeepElderCaves/Textures/T_RootsMesh_ORM.uasset" 4165
"C:/Users/lucas/OneDrive/Documentos/Unreal Projects/TCC_Optimization/TCC/Content/DeepElderCaves/Textures/T_RootsMesh_N.uasset" 4166
"C:/Users/lucas/OneDrive/Documentos/Unreal Projects/TCC_Optimization/TCC/Content/DeepElderCaves/Materials/MI_Roots.uasset" 4167
"C:/Users/lucas/OneDrive/Documentos/Unreal Projects/TCC_Optimization/TCC/Content/DeepElderCaves/Meshes/Props/SM_Root_08.uasset" 4168
"/Game/DeepElderCaves/Meshes/Props/SM_RootAlpha_06" 4169
"C:/Users/lucas/OneDrive/Documentos/Unreal Projects/TCC_Optimization/TCC/Content/DeepElderCaves/Meshes/Props/SM_Shrub_A.uasset" 4170
"C:/Users/lucas/OneDrive/Documentos/Unreal Projects/TCC_Optimization/TCC/Content/DeepElderCaves/Meshes/Props/SM_Shrub_B.uasset" 4171
"C:/Users/lucas/OneDrive/Documentos/Unreal Projects/TCC_Optimization/TCC/Content/DeepElderCaves/Meshes/Props/SM_Shrub_C.uasset" 4172
"C:/Users/lucas/OneDrive/Documentos/Unreal Projects/TCC_Optimization/TCC/Content/DeepElderCaves/Meshes/Props/SM_Shrub_D.uasset" 4173
"/Game/DeepElderCaves/Meshes/Props/SM_RootAlpha_05" 4174
"C:/Users/lucas/OneDrive/Documentos/Unreal Projects/TCC_Optimization/TCC/Content/DeepElderCaves/Meshes/Props/SM_Shrub_G.uasset" 4175
"C:/Users/lucas/OneDrive/Documentos/Unreal Projects/TCC_Optimization/TCC/Content/DeepElderCaves/Meshes/Props/SM_Shrub_E.uasset" 4176
"C:/Users/lucas/OneDrive/Documentos/Unreal Projects/TCC_Optimization/TCC/Content/DeepElderCaves/Meshes/Props/SM_Shrub_H.uasset" 4177
"/Game/DeepElderCaves/Meshes/Props/SM_RootAlpha_04" 4178
"C:/Users/lucas/OneDrive/Documentos/Unreal Projects/TCC_Optimization/TCC/Content/DeepElderCaves/Meshes/Props/SM_Shrub_I.uasset" 4179
"C:/Users/lucas/OneDrive/Documentos/Unreal Projects/TCC_Optimization/TCC/Content/DeepElderCaves/Meshes/Props/SM_Shrub_J.uasset" 4180
"C:/Users/lucas/OneDrive/Documentos/Unreal Projects/TCC_Optimization/TCC/Content/DeepElderCaves/Meshes/Props/SM_Shrub_F.uasset" 4181
"C:/Users/lucas/OneDrive/Documentos/Unreal Projects/TCC_Optimization/TCC/Content/DeepElderCaves/Meshes/Props/SM_Shrub_K.uasset" 4182
"/Game/DeepElderCaves/Meshes/Props/SM_RootAlpha_03" 4183
"/Game/DeepElderCaves/Meshes/Props/SM_RootAlpha_02" 4184
"/Game/DeepElderCaves/Meshes/Props/SM_RootAlpha_01" 4185
"/Game/DeepElderCaves/Meshes/Props/SM_MushroomNucleus_H" 4186
"C:/Users/lucas/OneDrive/Documentos/Unreal Projects/TCC_Optimization/TCC/Content/DeepElderCaves/Meshes/Props/SM_Shrub_M.uasset" 4187
"C:/Users/lucas/OneDrive/Documentos/Unreal Projects/TCC_Optimization/TCC/Content/DeepElderCaves/Meshes/Props/SM_Shrub_N.uasset" 4188
"C:/Users/lucas/OneDrive/Documentos/Unreal Projects/TCC_Optimization/TCC/Content/DeepElderCaves/Meshes/Props/SM_Shrub_L.uasset" 4189
"/Game/DeepElderCaves/Meshes/Props/SM_Root_04" 4190
"C:/Users/lucas/OneDrive/Documentos/Unreal Projects/TCC_Optimization/TCC/Content/DeepElderCaves/Meshes/Props/SM_Skeleton_Pile_02.uasset" 4191
"C:/Users/lucas/OneDrive/Documentos/Unreal Projects/TCC_Optimization/TCC/Content/DeepElderCaves/Meshes/Props/SM_Skeleton_Pile_03.uasset" 4192
"C:/Users/lucas/OneDrive/Documentos/Unreal Projects/TCC_Optimization/TCC/Content/DeepElderCaves/Meshes/Props/SM_Skeleton_Pile_04.uasset" 4193
"C:/Users/lucas/OneDrive/Documentos/Unreal Projects/TCC_Optimization/TCC/Content/DeepElderCaves/Meshes/Props/SM_Skeleton_Pile_05.uasset" 4194
"C:/Users/lucas/OneDrive/Documentos/Unreal Projects/TCC_Optimization/TCC/Content/DeepElderCaves/Meshes/Props/SM_Skeleton_Pile_01.uasset" 4195
"/Game/DeepElderCaves/Meshes/Props/SM_Root_03" 4196
"/Game/DeepElderCaves/Meshes/Props/SM_Root_02" 4197
"/Game/DeepElderCaves/Meshes/Props/SM_Root_01" 4198
"/Game/DeepElderCaves/Meshes/Props/SM_Shrub_K" 4199
"/Game/DeepElderCaves/Meshes/Props/SM_Shrub_J" 4200
"/Game/DeepElderCaves/Meshes/Props/SM_Shrub_I" 4201
"/Game/DeepElderCaves/Meshes/Props/SM_Shrub_H" 4202
"/Game/DeepElderCaves/Meshes/Props/SM_Shrub_G" 4203
"/Game/DeepElderCaves/Meshes/Props/SM_Shrub_F" 4204
"/Game/DeepElderCaves/Meshes/Props/SM_Shrub_E" 4205
"/Game/DeepElderCaves/Meshes/Props/SM_Shrub_D" 4206
"/Game/DeepElderCaves/Meshes/Props/SM_Shrub_C" 4207
"/Game/DeepElderCaves/Meshes/Props/SM_Shrub_B" 4208
"/Game/DeepElderCaves/Meshes/Props/SM_Shrub_A" 4209
"/Game/DeepElderCaves/Meshes/Props/SM_Root_08" 4210
"/Game/DeepElderCaves/Meshes/Props/SM_Root_07" 4211
"/Game/DeepElderCaves/Meshes/Props/SM_Root_06" 4212
"/Game/DeepElderCaves/Meshes/Props/SM_Root_05" 4213
"C:/Users/lucas/OneDrive/Documentos/Unreal Projects/TCC_Optimization/TCC/Content/DeepElderCaves/Meshes/Props/SM_Skeleton_Pile_08.uasset" 4214
"C:/Users/lucas/OneDrive/Documentos/Unreal Projects/TCC_Optimization/TCC/Content/DeepElderCaves/Meshes/Props/SM_Skeleton_Pile_07.uasset" 4215
"C:/Users/lucas/OneDrive/Documentos/Unreal Projects/TCC_Optimization/TCC/Content/DeepElderCaves/Meshes/Props/SM_Skeleton_Pile_06.uasset" 4216
"C:/Users/lucas/OneDrive/Documentos/Unreal Projects/TCC_Optimization/TCC/Content/DeepElderCaves/Meshes/Props/SM_Skeleton_Pose_01.uasset" 4217
"C:/Users/lucas/OneDrive/Documentos/Unreal Projects/TCC_Optimization/TCC/Content/DeepElderCaves/Meshes/Props/SM_Skeleton_Pose_02.uasset" 4218
"C:/Users/lucas/OneDrive/Documentos/Unreal Projects/TCC_Optimization/TCC/Content/DeepElderCaves/Meshes/Props/SM_Skeleton_Pose_04.uasset" 4219
"C:/Users/lucas/OneDrive/Documentos/Unreal Projects/TCC_Optimization/TCC/Content/DeepElderCaves/Meshes/Props/SM_Skeleton_Pose_03.uasset" 4220
"/Game/DeepElderCaves/Meshes/Props/SM_Skeleton_Pile_05" 4221
"C:/Users/lucas/OneDrive/Documentos/Unreal Projects/TCC_Optimization/TCC/Content/DeepElderCaves/Meshes/Props/SM_Skeleton_Skull_01.uasset" 4222
"C:/Users/lucas/OneDrive/Documentos/Unreal Projects/TCC_Optimization/TCC/Content/DeepElderCaves/Meshes/Props/SM_Skeleton_Skull_02.uasset" 4223
"C:/Users/lucas/OneDrive/Documentos/Unreal Projects/TCC_Optimization/TCC/Content/DeepElderCaves/Meshes/Props/SM_Skeleton_Skull_03.uasset" 4224
"C:/Users/lucas/OneDrive/Documentos/Unreal Projects/TCC_Optimization/TCC/Content/DeepElderCaves/Meshes/Props/SM_Skeleton_Skull_04.uasset" 4225
"C:/Users/lucas/OneDrive/Documentos/Unreal Projects/TCC_Optimization/TCC/Content/DeepElderCaves/Meshes/Props/SM_TreasureChest_A_01.uasset" 4226
"C:/Users/lucas/OneDrive/Documentos/Unreal Projects/TCC_Optimization/TCC/Content/DeepElderCaves/Meshes/Props/SM_Stair_Part_10.uasset" 4227
"C:/Users/lucas/OneDrive/Documentos/Unreal Projects/TCC_Optimization/TCC/Content/DeepElderCaves/Meshes/Props/SM_TreasureChest_A_Lid.uasset" 4228
"C:/Users/lucas/OneDrive/Documentos/Unreal Projects/TCC_Optimization/TCC/Content/DeepElderCaves/Materials/MI_GreenStain_01.uasset" 4229
"C:/Users/lucas/OneDrive/Documentos/Unreal Projects/TCC_Optimization/TCC/Content/DeepElderCaves/Meshes/Props/SM_TreasureChest_B_01.uasset" 4230
"C:/Users/lucas/OneDrive/Documentos/Unreal Projects/TCC_Optimization/TCC/Content/DeepElderCaves/Textures/T_DirtStain_03_D.uasset" 4231
"C:/Users/lucas/OneDrive/Documentos/Unreal Projects/TCC_Optimization/TCC/Content/DeepElderCaves/Materials/MI_GreenStain_03.uasset" 4232
"C:/Users/lucas/OneDrive/Documentos/Unreal Projects/TCC_Optimization/TCC/Content/DeepElderCaves/Materials/MI_GreenStain_04.uasset" 4233
"C:/Users/lucas/OneDrive/Documentos/Unreal Projects/TCC_Optimization/TCC/Content/DeepElderCaves/Materials/MI_MushroomNucleusDecal_A.uasset" 4234
"C:/Users/lucas/OneDrive/Documentos/Unreal Projects/TCC_Optimization/TCC/Content/DeepElderCaves/Textures/T_DirtStain_04_D.uasset" 4235
"C:/Users/lucas/OneDrive/Documentos/Unreal Projects/TCC_Optimization/TCC/Content/DeepElderCaves/Materials/MI_MushroomNucleusDecal_B.uasset" 4236
"C:/Users/lucas/OneDrive/Documentos/Unreal Projects/TCC_Optimization/TCC/Content/DeepElderCaves/Materials/MI_MushroomNucleusDecal_Green_A.uasset" 4237
"C:/Users/lucas/OneDrive/Documentos/Unreal Projects/TCC_Optimization/TCC/Content/DeepElderCaves/Textures/T_MushroomNucleusDecal_A_D.uasset" 4238
"/Game/DeepElderCaves/Meshes/Props/SM_Shrub_M" 4239
"/Game/DeepElderCaves/Meshes/Props/SM_Skeleton_Pile_04" 4240
"/Game/DeepElderCaves/Meshes/Props/SM_Skeleton_Pile_03" 4241
"/Game/DeepElderCaves/Meshes/Props/SM_Skeleton_Pile_02" 4242
"/Game/DeepElderCaves/Meshes/Props/SM_Skeleton_Pile_01" 4243
"/Game/DeepElderCaves/Meshes/Props/SM_Shrub_N" 4244
"/Game/DeepElderCaves/Meshes/Props/SM_Shrub_L" 4245
"/Game/DeepElderCaves/Meshes/Props/SM_Skeleton_Pile_08" 4246
"C:/Users/lucas/OneDrive/Documentos/Unreal Projects/TCC_Optimization/TCC/Content/DeepElderCaves/Textures/T_MushroomNucleusDecal_A_ORM.uasset" 4247
"C:/Users/lucas/OneDrive/Documentos/Unreal Projects/TCC_Optimization/TCC/Content/DeepElderCaves/Textures/T_MushroomNucleusDecal_A_N.uasset" 4248
"/Game/DeepElderCaves/Meshes/Props/SM_TreasureChest_B_01" 4249
"C:/Users/lucas/OneDrive/Documentos/Unreal Projects/TCC_Optimization/TCC/Content/DeepElderCaves/Textures/T_MushroomNucleusDecal_B_D.uasset" 4250
"C:/Users/lucas/OneDrive/Documentos/Unreal Projects/TCC_Optimization/TCC/Content/DeepElderCaves/Textures/T_MushroomNucleusDecal_B_N.uasset" 4251
"C:/Users/lucas/OneDrive/Documentos/Unreal Projects/TCC_Optimization/TCC/Content/DeepElderCaves/Textures/T_MushroomNucleusDecal_B_ORM.uasset" 4252
"C:/Users/lucas/OneDrive/Documentos/Unreal Projects/TCC_Optimization/TCC/Content/DeepElderCaves/Materials/M_MushroomNucleusDecal.uasset" 4253
"C:/Users/lucas/OneDrive/Documentos/Unreal Projects/TCC_Optimization/TCC/Content/DeepElderCaves/Materials/MI_MushroomNucleusDecal_Green_B.uasset" 4254
"C:/Users/lucas/OneDrive/Documentos/Unreal Projects/TCC_Optimization/TCC/Content/DeepElderCaves/Materials/MI_Pillar_2x3_A_Scale_01.uasset" 4255
"C:/Users/lucas/OneDrive/Documentos/Unreal Projects/TCC_Optimization/TCC/Content/DeepElderCaves/Materials/MI_Pillar_2x6_Scale_01.uasset" 4256
"/Game/DeepElderCaves/Materials/MI_GreenStain_01" 4257
"../../../../../../Users/lucas/OneDrive/Documentos/Unreal Projects/TCC_Optimization/TCC/Content/DeepElderCaves/Materials/M_DirtStain.uasset" 4258
"../../../../../../Users/lucas/OneDrive/Documentos/Unreal Projects/TCC_Optimization/TCC/Content/DeepElderCaves/Textures/T_DirtStain_01_D.uasset" 4259
"/Game/DeepElderCaves/Meshes/Props/SM_TreasureChest_A_Lid" 4260
"/Game/DeepElderCaves/Meshes/Props/SM_TreasureChest_A_01" 4261
"/Game/DeepElderCaves/Meshes/Props/SM_Stair_Part_10" 4262
"/Game/DeepElderCaves/Meshes/Props/SM_Skeleton_Skull_04" 4263
"/Game/DeepElderCaves/Meshes/Props/SM_Skeleton_Skull_03" 4264
"/Game/DeepElderCaves/Meshes/Props/SM_Skeleton_Skull_02" 4265
"/Game/DeepElderCaves/Meshes/Props/SM_Skeleton_Skull_01" 4266
"/Game/DeepElderCaves/Meshes/Props/SM_Skeleton_Pose_04" 4267
"/Game/DeepElderCaves/Meshes/Props/SM_Skeleton_Pose_03" 4268
"/Game/DeepElderCaves/Meshes/Props/SM_Skeleton_Pose_02" 4269
"/Game/DeepElderCaves/Meshes/Props/SM_Skeleton_Pose_01" 4270
"/Game/DeepElderCaves/Meshes/Props/SM_Skeleton_Pile_07" 4271
"/Game/DeepElderCaves/Meshes/Props/SM_Skeleton_Pile_06" 4272
"/Game/DeepElderCaves/Textures/T_DirtStain_03_D" 4273
"/Game/DeepElderCaves/Materials/MI_GreenStain_03" 4274
"/Game/DeepElderCaves/Textures/T_DirtStain_04_D" 4275
"/Game/DeepElderCaves/Materials/MI_GreenStain_04" 4276
"/Game/DeepElderCaves/Textures/T_MushroomNucleusDecal_A_D" 4277
"/Game/DeepElderCaves/Materials/MI_Pillar_2x6_Scale_01" 4278
"C:/Users/lucas/OneDrive/Documentos/Unreal Projects/TCC_Optimization/TCC/Content/DeepElderCaves/Materials/MI_Pillar_3x6_Scale_01.uasset" 4279
"/Game/DeepElderCaves/Materials/MI_Pillar_2x3_A_Scale_01" 4280
"C:/Users/lucas/OneDrive/Documentos/Unreal Projects/TCC_Optimization/TCC/Content/DeepElderCaves/Materials/MI_WallRock_C_Scale_01.uasset" 4281
"C:/Users/lucas/OneDrive/Documentos/Unreal Projects/TCC_Optimization/TCC/Content/DeepElderCaves/Materials/MI_Wall_2x6_A_Scale.uasset" 4282
"C:/Users/lucas/OneDrive/Documentos/Unreal Projects/TCC_Optimization/TCC/Content/DeepElderCaves/Materials/MI_Wall_4x6_Scale_01.uasset" 4283
"/Game/DeepElderCaves/Materials/MI_MushroomNucleusDecal_Green_B" 4284
"C:/Users/lucas/OneDrive/Documentos/Unreal Projects/TCC_Optimization/TCC/Content/DeepElderCaves/Materials/MI_Wall_4x6_Scale_02.uasset" 4285
"C:/Users/lucas/OneDrive/Documentos/Unreal Projects/TCC_Optimization/TCC/Content/DeepElderCaves/Materials/MI_Wall_6x6_Scale_01.uasset" 4286
"C:/Users/lucas/OneDrive/Documentos/Unreal Projects/TCC_Optimization/TCC/Content/DeepElderCaves/Materials/MI_Wall_6x6_Scale_02.uasset" 4287
"C:/Users/lucas/OneDrive/Documentos/Unreal Projects/TCC_Optimization/TCC/Content/DeepElderCaves/Materials/MI_WetStain_01.uasset" 4288
"../../../Engine/Content/Functions/Engine_MaterialFunctions03/Particles/Distance_Blend.uasset" 4289
"C:/Users/lucas/OneDrive/Documentos/Unreal Projects/TCC_Optimization/TCC/Content/DeepElderCaves/Textures/T_DustFloating_01_M.uasset" 4290
"C:/Users/lucas/OneDrive/Documentos/Unreal Projects/TCC_Optimization/TCC/Content/DeepElderCaves/Materials/M_DustFloatingFX.uasset" 4291
"C:/Users/lucas/OneDrive/Documentos/Unreal Projects/TCC_Optimization/TCC/Content/DeepElderCaves/Particles/PS_DustFloating_01.uasset" 4292
"C:/Users/lucas/OneDrive/Documentos/Unreal Projects/TCC_Optimization/TCC/Content/DeepElderCaves/Textures/T_DropSubUV_A.uasset" 4293
"C:/Users/lucas/OneDrive/Documentos/Unreal Projects/TCC_Optimization/TCC/Content/DeepElderCaves/Textures/T_DropSubUV_N.uasset" 4294
"C:/Users/lucas/OneDrive/Documentos/Unreal Projects/TCC_Optimization/TCC/Content/DeepElderCaves/Materials/M_WaterDrop.uasset" 4295
"C:/Users/lucas/OneDrive/Documentos/Unreal Projects/TCC_Optimization/TCC/Content/DeepElderCaves/Particles/PS_WaterDrops_01.uasset" 4296
"C:/Users/lucas/OneDrive/Documentos/Unreal Projects/TCC_Optimization/TCC/Content/DeepElderCaves/Textures/LUTDeepElderCaves_01.uasset" 4297
"../../../Engine/Content/EngineSky/C_Sky_Cloud_Color.uasset" 4298
"../../../Engine/Content/EngineSky/C_Sky_Horizon_Color.uasset" 4299
"../../../Engine/Content/EngineSky/C_Sky_Zenith_Color.uasset" 4300
"/Game/DeepElderCaves/Materials/MI_MushroomNucleusDecal_A" 4301
"/Game/DeepElderCaves/Materials/MI_MushroomNucleusDecal_B" 4302
"/Game/DeepElderCaves/Materials/MI_MushroomNucleusDecal_Green_A" 4303
"../../../Engine/Content/EngineSky/T_Sky_Blue.uasset" 4304
"/Engine/EngineSky/C_Sky_Zenith_Color" 4305
"../../../Engine/Content/EngineSky/T_Sky_Clouds_M.uasset" 4306
"../../../Engine/Content/EngineSky/T_Sky_Stars.uasset" 4307
"../../../Engine/Content/EngineSky/M_Sky_Panning_Clouds2.uasset" 4308
"/Engine/EngineSky/C_Sky_Horizon_Color" 4309
"../../../Engine/Content/EngineSky/SM_SkySphere.uasset" 4310
"../../../Engine/Content/EditorBlueprintResources/StandardMacros.uasset" 4311
"/Engine/EngineSky/C_Sky_Cloud_Color" 4312
"../../../Engine/Content/EngineSky/BP_Sky_Sphere.uasset" 4313
"C:/Users/lucas/OneDrive/Documentos/Unreal Projects/TCC_Optimization/TCC/Content/DeepElderCaves/Maps/Demonstration.umap" 4314
"../../../Engine/Content/Functions/Engine_MaterialFunctions01/Texturing/FlattenNormal.uasset" 4315
"/Game/DeepElderCaves/Textures/LUTDeepElderCaves_01" 4316
"../../../Engine/Plugins/Interchange/Assets/Content/gltf/MaterialFunctions/MF_Clearcoat.uasset" 4317
"../../../Engine/Plugins/Interchange/Assets/Content/gltf/MaterialBodies/MF_ClearCoat_Body.uasset" 4318
"/Game/DeepElderCaves/Particles/PS_WaterDrops_01" 4319
"../../../Engine/Plugins/Interchange/Assets/Content/gltf/MaterialFunctions/MF_Emissive.uasset" 4320
"/Game/DeepElderCaves/Particles/PS_DustFloating_01" 4321
"/Game/DeepElderCaves/Materials/MI_WetStain_01" 4322
"/Game/DeepElderCaves/Materials/MI_Wall_6x6_Scale_02" 4323
"/Game/DeepElderCaves/Materials/MI_Wall_6x6_Scale_01" 4324
"/Game/DeepElderCaves/Materials/MI_Wall_4x6_Scale_02" 4325
"/Game/DeepElderCaves/Materials/MI_Wall_4x6_Scale_01" 4326
"/Game/DeepElderCaves/Materials/MI_Wall_2x6_A_Scale" 4327
"/Game/DeepElderCaves/Materials/MI_WallRock_C_Scale_01" 4328
"/Game/DeepElderCaves/Materials/MI_Pillar_3x6_Scale_01" 4329
"../../../Engine/Plugins/Interchange/Assets/Content/gltf/Textures/T_Anisotropy_Direction_Linear.uasset" 4330
"../../../Engine/Plugins/Interchange/Assets/Content/gltf/MaterialFunctions/MF_SpecularAnisotropy.uasset" 4331
"/Engine/Functions/Engine_MaterialFunctions01/Texturing/FlattenNormal" 4332
"../../../Engine/Plugins/Interchange/Assets/Content/gltf/MaterialFunctions/MF_Specular.uasset" 4333
"../../../Engine/Plugins/Interchange/Assets/Content/gltf/Textures/T_Generic_N.uasset" 4334
"../../../Engine/Plugins/Interchange/Assets/Content/gltf/MaterialFunctions/MF_Occlusion.uasset" 4335
"../../../Engine/Plugins/Interchange/Assets/Content/gltf/MaterialFunctions/MF_ScaleNormal.uasset" 4336
"../../../Engine/Plugins/Interchange/Assets/Content/gltf/MaterialFunctions/MF_RotateNormals_TS.uasset" 4337
"../../../Engine/Plugins/Interchange/Assets/Content/gltf/MaterialFunctions/MF_Normals.uasset" 4338
"../../../Engine/Plugins/Interchange/Assets/Content/gltf/Textures/T_White_Linear.uasset" 4339
"../../../Engine/Plugins/Interchange/Assets/Content/gltf/MaterialFunctions/MF_MetallicRoughness.uasset" 4340
"../../../Engine/Plugins/Interchange/Assets/Content/Functions/MF_IridescenceNoLUT.uasset" 4341
"../../../Engine/Plugins/Interchange/Assets/Content/gltf/MaterialFunctions/MF_Iridescence.uasset" 4342
"../../../Engine/Plugins/Interchange/Assets/Content/gltf/MaterialFunctions/MF_IOR.uasset" 4343
"../../../Engine/Plugins/Interchange/Assets/Content/gltf/MaterialFunctions/MF_TransformUVs.uasset" 4344
"../../../Engine/Plugins/Interchange/Assets/Content/gltf/MaterialFunctions/MF_RotateV2.uasset" 4345
"/Game/DeepElderCaves/Maps/Demonstration" 4346
"../../../Engine/Plugins/Interchange/Assets/Content/gltf/Textures/T_White_srgb.uasset" 4347
"../../../Engine/Plugins/Interchange/Assets/Content/gltf/MaterialFunctions/MF_BaseColor.uasset" 4348
"../../../Engine/Content/Functions/Engine_MaterialFunctions03/Math/RemapValueRange.uasset" 4349
"../../../Engine/Plugins/Interchange/Assets/Content/Functions/MF_Iridescence.uasset" 4350
"../../../Engine/Plugins/Interchange/Assets/Content/Utilities/New_LUT.uasset" 4351
"../../../../../../Users/lucas/OneDrive/Documentos/Unreal Projects/TCC_Optimization/TCC/Content/DeepElderCaves/Maps/Demonstration.umap" 4352
"../../../Engine/Plugins/Interchange/Assets/Content/gltf/MaterialInstances/MI_ClearCoat_Opaque.uasset" 4353
"../../../Engine/Plugins/Interchange/Assets/Content/gltf/M_ClearCoat.uasset" 4354
"../../../Engine/Plugins/Interchange/Assets/Content/gltf/MaterialInstances/MI_ClearCoat_Blend.uasset" 4355
"../../../Engine/Plugins/Interchange/Assets/Content/gltf/MaterialInstances/MI_ClearCoat_Mask.uasset" 4356
"/InterchangeAssets/Utilities/New_LUT" 4357
"../../../Engine/Plugins/Interchange/Assets/Content/gltf/MaterialInstances/MI_ClearCoat_Mask_DS.uasset" 4358
"../../../Engine/Plugins/Interchange/Assets/Content/gltf/MaterialInstances/MI_ClearCoat_Blend_DS.uasset" 4359
"../../../Engine/Plugins/Interchange/Assets/Content/gltf/MaterialBodies/MF_Default_Body.uasset" 4360
"../../../Engine/Plugins/Interchange/Assets/Content/gltf/M_Default.uasset" 4361
"../../../Engine/Plugins/Interchange/Assets/Content/gltf/MaterialInstances/MI_ClearCoat_Opaque_DS.uasset" 4362
"/InterchangeAssets/Functions/MF_Iridescence" 4363
"/InterchangeAssets/gltf/MaterialFunctions/MF_BaseColor" 4364
"/InterchangeAssets/gltf/MaterialFunctions/MF_RotateV2" 4365
"/InterchangeAssets/gltf/MaterialFunctions/MF_TransformUVs" 4366
"/InterchangeAssets/gltf/MaterialFunctions/MF_IOR" 4367
"/InterchangeAssets/gltf/MaterialFunctions/MF_Iridescence" 4368
"/InterchangeAssets/gltf/MaterialFunctions/MF_MetallicRoughness" 4369
"/InterchangeAssets/gltf/MaterialFunctions/MF_Normals" 4370
"/InterchangeAssets/gltf/MaterialFunctions/MF_Emissive" 4371
"/InterchangeAssets/gltf/MaterialBodies/MF_ClearCoat_Body" 4372
"../../../Engine/Plugins/Interchange/Assets/Content/gltf/MaterialInstances/MI_Default_Blend.uasset" 4373
"../../../Engine/Plugins/Interchange/Assets/Content/gltf/MaterialInstances/MI_Default_Mask_DS.uasset" 4374
"../../../Engine/Plugins/Interchange/Assets/Content/gltf/MaterialInstances/MI_Default_Opaque_DS.uasset" 4375
"../../../Engine/Plugins/Interchange/Assets/Content/gltf/MaterialInstances/MI_Default_Opaque.uasset" 4376
"/InterchangeAssets/gltf/M_Default" 4377
"../../../Engine/Plugins/Interchange/Assets/Content/gltf/MaterialInstances/MI_Default_Mask.uasset" 4378
"../../../Engine/Plugins/Interchange/Assets/Content/gltf/MaterialInstances/MI_Default_Blend_DS.uasset" 4379
"../../../Engine/Plugins/Interchange/Assets/Content/gltf/MaterialFunctions/MF_Sheen.uasset" 4380
"../../../Engine/Plugins/Interchange/Assets/Content/gltf/MaterialBodies/MF_Sheen_Body.uasset" 4381
"../../../Engine/Plugins/Interchange/Assets/Content/gltf/M_Sheen.uasset" 4382
"../../../Engine/Plugins/Interchange/Assets/Content/gltf/MaterialInstances/MI_Sheen_Opaque.uasset" 4383
"../../../Engine/Plugins/Interchange/Assets/Content/gltf/MaterialInstances/MI_Sheen_Mask.uasset" 4384
"../../../Engine/Plugins/Interchange/Assets/Content/gltf/MaterialInstances/MI_Sheen_Blend.uasset" 4385
"../../../Engine/Plugins/Interchange/Assets/Content/gltf/MaterialInstances/MI_Sheen_Opaque_DS.uasset" 4386
"../../../Engine/Plugins/Interchange/Assets/Content/gltf/MaterialInstances/MI_Sheen_Mask_DS.uasset" 4387
"../../../Engine/Plugins/Interchange/Assets/Content/gltf/MaterialInstances/MI_Sheen_Blend_DS.uasset" 4388
"../../../Engine/Plugins/Interchange/Assets/Content/gltf/MaterialFunctions/MF_Transmission.uasset" 4389
"../../../Engine/Plugins/Interchange/Assets/Content/gltf/MaterialFunctions/MF_Temporal_Blur.uasset" 4390
"../../../Engine/Plugins/Interchange/Assets/Content/gltf/MaterialFunctions/MF_Fresnel_DS.uasset" 4391
"../../../Engine/Plugins/Interchange/Assets/Content/gltf/MaterialBodies/MF_Transmission_Body.uasset" 4392
"../../../Engine/Plugins/Interchange/Assets/Content/gltf/M_Transmission.uasset" 4393
"../../../Engine/Content/Functions/Engine_MaterialFunctions02/Texturing/ScreenAlignedPixelToPixelUVs.uasset" 4394
"../../../Engine/Plugins/Interchange/Assets/Content/gltf/MaterialInstances/MI_Transmission.uasset" 4395
"../../../Engine/Plugins/Interchange/Assets/Content/gltf/MaterialInstances/MI_Transmission_DS.uasset" 4396
"/InterchangeAssets/gltf/MaterialInstances/MI_ClearCoat_Blend_DS" 4397
"/InterchangeAssets/gltf/MaterialInstances/MI_ClearCoat_Mask_DS" 4398
"/InterchangeAssets/gltf/MaterialInstances/MI_ClearCoat_Opaque_DS" 4399
"/InterchangeAssets/gltf/MaterialInstances/MI_ClearCoat_Blend" 4400
"/InterchangeAssets/gltf/MaterialInstances/MI_ClearCoat_Mask" 4401
"/InterchangeAssets/gltf/MaterialInstances/MI_ClearCoat_Opaque" 4402
"../../../Engine/Plugins/Interchange/Assets/Content/gltf/MaterialFunctions/MF_SpecGlossToMetalRoughness.uasset" 4403
"../../../Engine/Plugins/Interchange/Assets/Content/gltf/MaterialFunctions/MF_PerceivedBrightness.uasset" 4404
"/InterchangeAssets/gltf/MaterialInstances/MI_Transmission_DS" 4405
"../../../Engine/Plugins/Interchange/Assets/Content/gltf/MaterialFunctions/MF_MaxComponentValue.uasset" 4406
"../../../Engine/Plugins/Interchange/Assets/Content/gltf/MaterialFunctions/MF_DiffuseSpecGloss.uasset" 4407
"../../../Engine/Plugins/Interchange/Assets/Content/gltf/MaterialBodies/MF_SpecularGlossiness_Body.uasset" 4408
"../../../Engine/Content/Functions/Engine_MaterialFunctions02/Math/AddComponents.uasset" 4409
"../../../Engine/Plugins/Interchange/Assets/Content/gltf/M_SpecularGlossiness.uasset" 4410
"../../../Engine/Plugins/Interchange/Assets/Content/gltf/MaterialInstances/MI_SpecularGlossiness_Opaque.uasset" 4411
"../../../Engine/Plugins/Interchange/Assets/Content/gltf/MaterialInstances/MI_SpecularGlossiness_Mask.uasset" 4412
"/InterchangeAssets/gltf/MaterialInstances/MI_Transmission" 4413
"/InterchangeAssets/gltf/MaterialInstances/MI_Sheen_Blend_DS" 4414
"/InterchangeAssets/gltf/MaterialInstances/MI_Sheen_Mask_DS" 4415
"/InterchangeAssets/gltf/MaterialInstances/MI_Sheen_Opaque_DS" 4416
"/InterchangeAssets/gltf/MaterialInstances/MI_Sheen_Blend" 4417
"../../../Engine/Plugins/Interchange/Assets/Shaders/ThinFilmFunctions.usf" 4418
"/InterchangeAssets/gltf/MaterialInstances/MI_Sheen_Mask" 4419
"/InterchangeAssets/gltf/MaterialInstances/MI_Sheen_Opaque" 4420
"/InterchangeAssets/gltf/MaterialInstances/MI_Default_Blend_DS" 4421
"/InterchangeAssets/gltf/MaterialInstances/MI_Default_Mask_DS" 4422
"/InterchangeAssets/gltf/MaterialInstances/MI_Default_Opaque_DS" 4423
"/InterchangeAssets/gltf/MaterialInstances/MI_Default_Blend" 4424
"/InterchangeAssets/gltf/MaterialInstances/MI_Default_Mask" 4425
"/InterchangeAssets/gltf/MaterialInstances/MI_Default_Opaque" 4426
"../../../Engine/Plugins/Interchange/Assets/Content/gltf/MaterialInstances/MI_SpecularGlossiness_Opaque_DS.uasset" 4427
"../../../Engine/Plugins/Interchange/Assets/Content/gltf/MaterialInstances/MI_SpecularGlossiness_Mask_DS.uasset" 4428
"../../../Engine/Plugins/Interchange/Assets/Content/gltf/MaterialInstances/MI_SpecularGlossiness_Blend.uasset" 4429
"../../../Engine/Plugins/Interchange/Assets/Content/gltf/MaterialInstances/MI_SpecularGlossiness_Blend_DS.uasset" 4430
"../../../Engine/Content/Functions/Engine_MaterialFunctions01/Volumetrics/BeersLaw.uasset" 4431
"../../../Engine/Plugins/Interchange/Assets/Content/Functions/MX_Transmission.uasset" 4432
"../../../Engine/Content/Functions/Substrate/MF_SchlickInternal.uasset" 4433
"../../../Engine/Plugins/Interchange/Assets/Content/Functions/MF_OrenNayerView.uasset" 4434
"../../../Engine/Plugins/Interchange/Assets/Content/Functions/MX_StandardSurface.uasset" 4435
"../../../Engine/Plugins/Interchange/Assets/Content/Functions/MX_TransmissionSurface.uasset" 4436
"../../../Engine/Plugins/Interchange/Assets/Content/Functions/MX_OpenPBR_Translucent.uasset" 4437
"../../../Engine/Plugins/Interchange/Assets/Content/gltf/MaterialBodies/MF_Unlit_Body.uasset" 4438
"../../../Engine/Plugins/Interchange/Assets/Content/gltf/M_Unlit.uasset" 4439
"../../../Engine/Plugins/Interchange/Assets/Content/gltf/MaterialInstances/MI_Unlit_Opaque.uasset" 4440
"../../../Engine/Plugins/Interchange/Assets/Content/gltf/MaterialInstances/MI_Unlit_Mask.uasset" 4441
"../../../Engine/Plugins/Interchange/Assets/Content/gltf/MaterialInstances/MI_Unlit_Blend.uasset" 4442
"../../../Engine/Plugins/Interchange/Assets/Content/gltf/MaterialInstances/MI_Unlit_Opaque_DS.uasset" 4443
"/InterchangeAssets/gltf/MaterialInstances/MI_SpecularGlossiness_Mask" 4444
"/InterchangeAssets/gltf/MaterialInstances/MI_SpecularGlossiness_Opaque" 4445
"/InterchangeAssets/gltf/MaterialInstances/MI_Unlit_Opaque_DS" 4446
"/InterchangeAssets/gltf/MaterialInstances/MI_Unlit_Blend" 4447
"/InterchangeAssets/gltf/MaterialInstances/MI_Unlit_Mask" 4448
"/InterchangeAssets/gltf/MaterialInstances/MI_Unlit_Opaque" 4449
"/InterchangeAssets/Functions/MX_OpenPBR_Translucent" 4450
"/InterchangeAssets/gltf/MaterialInstances/MI_SpecularGlossiness_Blend_DS" 4451
"/InterchangeAssets/gltf/MaterialInstances/MI_SpecularGlossiness_Mask_DS" 4452
"/InterchangeAssets/gltf/MaterialInstances/MI_SpecularGlossiness_Opaque_DS" 4453
"/InterchangeAssets/gltf/MaterialInstances/MI_SpecularGlossiness_Blend" 4454
"../../../Engine/Plugins/Interchange/Assets/Content/gltf/MaterialInstances/MI_Unlit_Blend_DS.uasset" 4455
"../../../Engine/Plugins/Interchange/Assets/Content/gltf/MaterialInstances/MI_Unlit_Mask_DS.uasset" 4456
"/Engine/EditorResources/EmptyActor" 4457
"../../../Engine/Content/EditorResources/EmptyActor.uasset" 4458
"/Engine/EditorResources/LightIcons/S_LightError" 4459
"../../../Engine/Content/EditorResources/LightIcons/S_LightError.uasset" 4460
"/InterchangeAssets/gltf/MaterialInstances/MI_Unlit_Blend_DS" 4461
"/InterchangeAssets/gltf/MaterialInstances/MI_Unlit_Mask_DS" 4462
"C:/Users/lucas/OneDrive/Documentos/Unreal Projects/TCC_Optimization/TCC/Content/Player/BP_Controller.uasset" 4463
"C:/Users/lucas/OneDrive/Documentos/Unreal Projects/TCC_Optimization/TCC/Content/helperBlueprints/PerformanceUtils/WBP_Performance.uasset" 4464
"C:/Users/lucas/OneDrive/Documentos/Unreal Projects/TCC_Optimization/TCC/Content/Player/Input/IA_DebugPerf.uasset" 4465
"C:/Users/lucas/OneDrive/Documentos/Unreal Projects/TCC_Optimization/TCC/Content/Player/Input/IA_DebugToggleFly.uasset" 4466
"C:/Users/lucas/OneDrive/Documentos/Unreal Projects/TCC_Optimization/TCC/Content/Player/Input/IA_Jump.uasset" 4467
"C:/Users/lucas/OneDrive/Documentos/Unreal Projects/TCC_Optimization/TCC/Content/Player/Input/MC_Ground.uasset" 4468
"C:/Users/lucas/OneDrive/Documentos/Unreal Projects/TCC_Optimization/TCC/Content/Player/Input/IA_Look.uasset" 4469
"C:/Users/lucas/OneDrive/Documentos/Unreal Projects/TCC_Optimization/TCC/Content/Player/Input/IA_Walk.uasset" 4470
"C:/Users/lucas/OneDrive/Documentos/Unreal Projects/TCC_Optimization/TCC/Content/Player/BP_Player.uasset" 4471
"C:/Users/lucas/OneDrive/Documentos/Unreal Projects/TCC_Optimization/TCC/Content/Player/BP_GameMode.uasset" 4472
"/Game/Player/BP_GameMode" 4473
"../../../Engine/Plugins/Interchange/Assets/Content/Functions/MX_OpenPBR_Opaque.uasset" 4474
"../../../Engine/Plugins/Animation/ControlRig/Content/Controls/ControlRig_Sphere_solid.uasset" 4475
"../../../Engine/Plugins/Animation/ControlRig/Content/Controls/ControlRig_Arrow2_1mm.uasset" 4476
"../../../Engine/Plugins/Animation/ControlRig/Content/Controls/ControlRig_Arrow2_3mm.uasset" 4477
"../../../Engine/Plugins/Animation/ControlRig/Content/Controls/ControlRig_Arrow2_solid.uasset" 4478
"../../../Engine/Plugins/Animation/ControlRig/Content/Controls/ControlRig_Arrow4_1mm.uasset" 4479
"../../../Engine/Plugins/Animation/ControlRig/Content/Controls/ControlRig_Arrow4_3mm.uasset" 4480
"../../../Engine/Plugins/Animation/ControlRig/Content/Controls/ControlRig_Arrow4_solid.uasset" 4481
"/ControlRig/Controls/ControlRig_Arrow4_1mm" 4482
"../../../Engine/Plugins/Animation/ControlRig/Content/Controls/ControlRig_Arrow_1mm.uasset" 4483
"../../../Engine/Plugins/Animation/ControlRig/Content/Controls/ControlRig_Arrow_3mm.uasset" 4484
"../../../Engine/Plugins/Animation/ControlRig/Content/Controls/ControlRig_Arrow_solid.uasset" 4485
"../../../Engine/Plugins/Animation/ControlRig/Content/Controls/ControlRig_Box_1mm.uasset" 4486
"../../../Engine/Plugins/Animation/ControlRig/Content/Controls/ControlRig_Box_3mm.uasset" 4487
"../../../Engine/Plugins/Animation/ControlRig/Content/Controls/ControlRig_Box_solid.uasset" 4488
"../../../Engine/Plugins/Animation/ControlRig/Content/Controls/ControlRig_Circle_1mm.uasset" 4489
"../../../Engine/Plugins/Animation/ControlRig/Content/Controls/ControlRig_Circle_3mm.uasset" 4490
"../../../Engine/Plugins/Animation/ControlRig/Content/Controls/ControlRig_Circle_solid.uasset" 4491
"../../../Engine/Plugins/Animation/ControlRig/Content/Controls/ControlRig_Diamond_1mm.uasset" 4492
"../../../Engine/Plugins/Animation/ControlRig/Content/Controls/ControlRig_Diamond_3mm.uasset" 4493
"../../../Engine/Plugins/Animation/ControlRig/Content/Controls/ControlRig_Diamond_solid.uasset" 4494
"/ControlRig/Controls/ControlRig_Arrow2_solid" 4495
"../../../Engine/Plugins/Animation/ControlRig/Content/Controls/ControlRig_HalfCircle_1mm.uasset" 4496
"../../../Engine/Plugins/Animation/ControlRig/Content/Controls/ControlRig_HalfCircle_3mm.uasset" 4497
"../../../Engine/Plugins/Animation/ControlRig/Content/Controls/ControlRig_HalfCircle_solid.uasset" 4498
"../../../Engine/Plugins/Animation/ControlRig/Content/Controls/ControlRig_Hexagon_1mm.uasset" 4499
"../../../Engine/Plugins/Animation/ControlRig/Content/Controls/ControlRig_Hexagon_3mm.uasset" 4500
"../../../Engine/Plugins/Animation/ControlRig/Content/Controls/ControlRig_Hexagon_solid.uasset" 4501
"../../../Engine/Plugins/Animation/ControlRig/Content/Controls/ControlRig_Octagon_1mm.uasset" 4502
"../../../Engine/Plugins/Animation/ControlRig/Content/Controls/ControlRig_Octagon_3mm.uasset" 4503
"/ControlRig/Controls/ControlRig_Arrow2_3mm" 4504
"../../../Engine/Plugins/Animation/ControlRig/Content/Controls/ControlRig_Octagon_solid.uasset" 4505
"../../../Engine/Plugins/Animation/ControlRig/Content/Controls/ControlRig_Pyramid_1mm.uasset" 4506
"../../../Engine/Plugins/Animation/ControlRig/Content/Controls/ControlRig_Pyramid_3mm.uasset" 4507
"../../../Engine/Plugins/Animation/ControlRig/Content/Controls/ControlRig_Pyramid_solid.uasset" 4508
"/ControlRig/Controls/ControlRig_Arrow2_1mm" 4509
"/ControlRig/Controls/ControlRig_Sphere_solid" 4510
"/InterchangeAssets/Functions/MX_OpenPBR_Opaque" 4511
"../../../Engine/Plugins/Animation/ControlRig/Content/Controls/ControlRig_QuarterCircle_1mm.uasset" 4512
"/ControlRig/Controls/ControlRig_Pyramid_solid" 4513
"../../../Engine/Plugins/Animation/ControlRig/Content/Controls/ControlRig_QuarterCircle_3mm.uasset" 4514
"../../../Engine/Plugins/Animation/ControlRig/Content/Controls/ControlRig_QuarterCircle_solid.uasset" 4515
"../../../Engine/Plugins/Animation/ControlRig/Content/Controls/ControlRig_RoundedSquare_1mm.uasset" 4516
"../../../Engine/Plugins/Animation/ControlRig/Content/Controls/ControlRig_RoundedSquare_3mm.uasset" 4517
"../../../Engine/Plugins/Animation/ControlRig/Content/Controls/ControlRig_RoundedSquare_solid.uasset" 4518
"/ControlRig/Controls/ControlRig_Pyramid_3mm" 4519
"/ControlRig/Controls/ControlRig_Pyramid_1mm" 4520
"/ControlRig/Controls/ControlRig_Octagon_solid" 4521
"/ControlRig/Controls/ControlRig_Octagon_3mm" 4522
"/ControlRig/Controls/ControlRig_Octagon_1mm" 4523
"/ControlRig/Controls/ControlRig_Circle_solid" 4524
"/ControlRig/Controls/ControlRig_Circle_3mm" 4525
"/ControlRig/Controls/ControlRig_Circle_1mm" 4526
"/ControlRig/Controls/ControlRig_Box_solid" 4527
"/ControlRig/Controls/ControlRig_Box_3mm" 4528
"/ControlRig/Controls/ControlRig_Box_1mm" 4529
"/ControlRig/Controls/ControlRig_Arrow_solid" 4530
"/ControlRig/Controls/ControlRig_Arrow_3mm" 4531
"/ControlRig/Controls/ControlRig_Arrow_1mm" 4532
"/ControlRig/Controls/ControlRig_Arrow4_solid" 4533
"/ControlRig/Controls/ControlRig_Arrow4_3mm" 4534
"/ControlRig/Controls/ControlRig_Hexagon_solid" 4535
"/ControlRig/Controls/ControlRig_Hexagon_3mm" 4536
"/ControlRig/Controls/ControlRig_Hexagon_1mm" 4537
"/ControlRig/Controls/ControlRig_HalfCircle_solid" 4538
"/ControlRig/Controls/ControlRig_HalfCircle_3mm" 4539
"/ControlRig/Controls/ControlRig_HalfCircle_1mm" 4540
"/ControlRig/Controls/ControlRig_Diamond_solid" 4541
"/ControlRig/Controls/ControlRig_Diamond_3mm" 4542
"/ControlRig/Controls/ControlRig_Diamond_1mm" 4543
"../../../Engine/Plugins/Animation/ControlRig/Content/Controls/ControlRig_RoundedTriangle_1mm.uasset" 4544
"../../../Engine/Plugins/Animation/ControlRig/Content/Controls/ControlRig_RoundedTriangle_3mm.uasset" 4545
"../../../Engine/Plugins/Animation/ControlRig/Content/Controls/ControlRig_Sphere_1mm.uasset" 4546
"../../../Engine/Plugins/Animation/ControlRig/Content/Controls/ControlRig_RoundedTriangle_solid.uasset" 4547
"../../../Engine/Plugins/Animation/ControlRig/Content/Controls/ControlRig_Sphere_3mm.uasset" 4548
"../../../Engine/Plugins/Animation/ControlRig/Content/Controls/ControlRig_Square_1mm.uasset" 4549
"../../../Engine/Plugins/Animation/ControlRig/Content/Controls/ControlRig_Square_3mm.uasset" 4550
"../../../Engine/Plugins/Animation/ControlRig/Content/Controls/ControlRig_Square_solid.uasset" 4551
"../../../Engine/Plugins/Animation/ControlRig/Content/Controls/ControlRig_Star4_1mm.uasset" 4552
"../../../Engine/Plugins/Animation/ControlRig/Content/Controls/ControlRig_Star4_3mm.uasset" 4553
"../../../Engine/Plugins/Animation/ControlRig/Content/Controls/ControlRig_Star4_solid.uasset" 4554
"../../../Engine/Plugins/Animation/ControlRig/Content/Controls/ControlRig_Triangle_1mm.uasset" 4555
"../../../Engine/Plugins/Animation/ControlRig/Content/Controls/ControlRig_Triangle_3mm.uasset" 4556
"../../../Engine/Plugins/Animation/ControlRig/Content/Controls/ControlRig_Triangle_solid.uasset" 4557
"../../../Engine/Plugins/Animation/ControlRig/Content/Controls/ControlRig_Wedge_1mm.uasset" 4558
"../../../Engine/Plugins/Animation/ControlRig/Content/Controls/ControlRig_Wedge_3mm.uasset" 4559
"../../../Engine/Plugins/Animation/ControlRig/Content/Controls/ControlRig_Wedge_solid.uasset" 4560
"../../../Engine/Content/Maps/Entry_BuiltData.uasset" 4561
"../../../Engine/Content/Maps/Entry.umap" 4562
"/ControlRig/Controls/ControlRig_RoundedSquare_solid" 4563
"/ControlRig/Controls/ControlRig_RoundedSquare_3mm" 4564
"/ControlRig/Controls/ControlRig_RoundedSquare_1mm" 4565
"/ControlRig/Controls/ControlRig_QuarterCircle_solid" 4566
"/ControlRig/Controls/ControlRig_QuarterCircle_3mm" 4567
"/ControlRig/Controls/ControlRig_QuarterCircle_1mm" 4568
"/Engine/Maps/Entry" 4569
"/ControlRig/Controls/ControlRig_Wedge_solid" 4570
"/ControlRig/Controls/ControlRig_Wedge_3mm" 4571
"/ControlRig/Controls/ControlRig_Wedge_1mm" 4572
"/ControlRig/Controls/ControlRig_Triangle_solid" 4573
"/ControlRig/Controls/ControlRig_Triangle_3mm" 4574
"/ControlRig/Controls/ControlRig_Triangle_1mm" 4575
"/ControlRig/Controls/ControlRig_Star4_solid" 4576
"/ControlRig/Controls/ControlRig_Star4_3mm" 4577
"/ControlRig/Controls/ControlRig_Star4_1mm" 4578
"/ControlRig/Controls/ControlRig_Square_solid" 4579
"/ControlRig/Controls/ControlRig_Square_3mm" 4580
"/ControlRig/Controls/ControlRig_Square_1mm" 4581
"/ControlRig/Controls/ControlRig_Sphere_3mm" 4582
"/ControlRig/Controls/ControlRig_Sphere_1mm" 4583
"/ControlRig/Controls/ControlRig_RoundedTriangle_solid" 4584
"/ControlRig/Controls/ControlRig_RoundedTriangle_3mm" 4585
"/ControlRig/Controls/ControlRig_RoundedTriangle_1mm" 4586
"../../../Engine/Content/EditorMaterials/PreviewShadowIndicatorMaterial.uasset" 4587
"../../../Engine/Content/EditorMaterials/PreviewShadowIndicator.uasset" 4588
"../../../Engine/Content/EngineMaterials/Substrate/GLints/dict_16_192_64_0p5_0p02_0000_0000.uasset" 4589
"../../../Engine/Content/EngineMaterials/Substrate/GLints/dict_16_192_64_0p5_0p02_0000_0001.uasset" 4590
"../../../Engine/Content/EngineMaterials/Substrate/GLints/dict_16_192_64_0p5_0p02_0000_0003.uasset" 4591
"../../../Engine/Content/EngineMaterials/Substrate/GLints/dict_16_192_64_0p5_0p02_0000_0002.uasset" 4592
"../../../Engine/Content/EngineMaterials/Substrate/GLints/dict_16_192_64_0p5_0p02_0000_0004.uasset" 4593
"../../../Engine/Content/EngineMaterials/Substrate/GLints/dict_16_192_64_0p5_0p02_0000_0005.uasset" 4594
"../../../Engine/Content/EngineMaterials/Substrate/GLints/dict_16_192_64_0p5_0p02_0000_0006.uasset" 4595
"../../../Engine/Content/EngineMaterials/Substrate/GLints/dict_16_192_64_0p5_0p02_0000_0007.uasset" 4596
"../../../Engine/Content/EngineMaterials/Substrate/GLints/dict_16_192_64_0p5_0p02_0000_0008.uasset" 4597
"../../../Engine/Content/EngineMaterials/Substrate/GLints/dict_16_192_64_0p5_0p02_0000_0009.uasset" 4598
"../../../Engine/Content/EngineMaterials/Substrate/GLints/dict_16_192_64_0p5_0p02_0000_0010.uasset" 4599
"../../../Engine/Content/EngineMaterials/Substrate/GLints/dict_16_192_64_0p5_0p02_0000_0011.uasset" 4600
"../../../Engine/Content/EngineMaterials/Substrate/GLints/dict_16_192_64_0p5_0p02_0000_0012.uasset" 4601
"../../../Engine/Content/EngineMaterials/Substrate/GLints/dict_16_192_64_0p5_0p02_0000_0013.uasset" 4602
"../../../Engine/Content/EngineMaterials/Substrate/GLints/dict_16_192_64_0p5_0p02_0000_0014.uasset" 4603
"../../../Engine/Content/EngineMaterials/Substrate/GLints/dict_16_192_64_0p5_0p02_0000_0015.uasset" 4604
"../../../Engine/Content/EngineMaterials/Substrate/GLints/dict_16_192_64_0p5_0p02_0001_0000.uasset" 4605
"../../../Engine/Content/EngineMaterials/Substrate/GLints/dict_16_192_64_0p5_0p02_0001_0001.uasset" 4606
"../../../Engine/Content/EngineMaterials/Substrate/GLints/dict_16_192_64_0p5_0p02_0001_0002.uasset" 4607
"../../../Engine/Content/EngineMaterials/Substrate/GLints/dict_16_192_64_0p5_0p02_0001_0003.uasset" 4608
"../../../Engine/Content/EngineMaterials/Substrate/GLints/dict_16_192_64_0p5_0p02_0001_0004.uasset" 4609
"../../../Engine/Content/EngineMaterials/Substrate/GLints/dict_16_192_64_0p5_0p02_0001_0005.uasset" 4610
"../../../Engine/Content/EngineMaterials/Substrate/GLints/dict_16_192_64_0p5_0p02_0001_0006.uasset" 4611
"../../../Engine/Content/EngineMaterials/Substrate/GLints/dict_16_192_64_0p5_0p02_0001_0007.uasset" 4612
"../../../Engine/Content/EngineMaterials/Substrate/GLints/dict_16_192_64_0p5_0p02_0001_0008.uasset" 4613
"../../../Engine/Content/EngineMaterials/Substrate/GLints/dict_16_192_64_0p5_0p02_0001_0009.uasset" 4614
"../../../Engine/Content/EngineMaterials/Substrate/GLints/dict_16_192_64_0p5_0p02_0001_0011.uasset" 4615
"../../../Engine/Content/EngineMaterials/Substrate/GLints/dict_16_192_64_0p5_0p02_0001_0010.uasset" 4616
"../../../Engine/Content/EngineMaterials/Substrate/GLints/dict_16_192_64_0p5_0p02_0001_0012.uasset" 4617
"../../../Engine/Content/EngineMaterials/Substrate/GLints/dict_16_192_64_0p5_0p02_0001_0013.uasset" 4618
"/Engine/EngineMaterials/Substrate/GLints/dict_16_192_64_0p5_0p02_0001_0013" 4619
"/Engine/EngineMaterials/Substrate/GLints/dict_16_192_64_0p5_0p02_0001_0012" 4620
"/Engine/EngineMaterials/Substrate/GLints/dict_16_192_64_0p5_0p02_0001_0011" 4621
"/Engine/EngineMaterials/Substrate/GLints/dict_16_192_64_0p5_0p02_0001_0010" 4622
"/Engine/EngineMaterials/Substrate/GLints/dict_16_192_64_0p5_0p02_0001_0009" 4623
"/Engine/EngineMaterials/Substrate/GLints/dict_16_192_64_0p5_0p02_0001_0008" 4624
"/Engine/EngineMaterials/Substrate/GLints/dict_16_192_64_0p5_0p02_0001_0007" 4625
"/Engine/EngineMaterials/Substrate/GLints/dict_16_192_64_0p5_0p02_0001_0000" 4626
"/Engine/EngineMaterials/Substrate/GLints/dict_16_192_64_0p5_0p02_0000_0015" 4627
"/Engine/EngineMaterials/Substrate/GLints/dict_16_192_64_0p5_0p02_0000_0014" 4628
"/Engine/EngineMaterials/Substrate/GLints/dict_16_192_64_0p5_0p02_0000_0013" 4629
"/Engine/EngineMaterials/Substrate/GLints/dict_16_192_64_0p5_0p02_0000_0012" 4630
"/Engine/EngineMaterials/Substrate/GLints/dict_16_192_64_0p5_0p02_0000_0011" 4631
"/Engine/EngineMaterials/Substrate/GLints/dict_16_192_64_0p5_0p02_0000_0010" 4632
"/Engine/EngineMaterials/Substrate/GLints/dict_16_192_64_0p5_0p02_0000_0009" 4633
"/Engine/EngineMaterials/Substrate/GLints/dict_16_192_64_0p5_0p02_0000_0008" 4634
"/Engine/EngineMaterials/Substrate/GLints/dict_16_192_64_0p5_0p02_0000_0007" 4635
"/Engine/EngineMaterials/Substrate/GLints/dict_16_192_64_0p5_0p02_0001_0006" 4636
"/Engine/EngineMaterials/Substrate/GLints/dict_16_192_64_0p5_0p02_0001_0005" 4637
"/Engine/EngineMaterials/Substrate/GLints/dict_16_192_64_0p5_0p02_0001_0004" 4638
"/Engine/EngineMaterials/Substrate/GLints/dict_16_192_64_0p5_0p02_0000_0006" 4639
"/Engine/EngineMaterials/Substrate/GLints/dict_16_192_64_0p5_0p02_0000_0005" 4640
"/Engine/EngineMaterials/Substrate/GLints/dict_16_192_64_0p5_0p02_0000_0004" 4641
"/Engine/EngineMaterials/Substrate/GLints/dict_16_192_64_0p5_0p02_0001_0003" 4642
"/Engine/EngineMaterials/Substrate/GLints/dict_16_192_64_0p5_0p02_0000_0003" 4643
"/Engine/EngineMaterials/Substrate/GLints/dict_16_192_64_0p5_0p02_0001_0002" 4644
"/Engine/EngineMaterials/Substrate/GLints/dict_16_192_64_0p5_0p02_0000_0002" 4645
"/Engine/EngineMaterials/Substrate/GLints/dict_16_192_64_0p5_0p02_0001_0001" 4646
"/Engine/EngineMaterials/Substrate/GLints/dict_16_192_64_0p5_0p02_0000_0001" 4647
"/Engine/EngineMaterials/Substrate/GLints/dict_16_192_64_0p5_0p02_0000_0000" 4648
"/Engine/EditorMaterials/PreviewShadowIndicatorMaterial" 4649
"../../../Engine/Content/EngineMaterials/Substrate/GLints/dict_16_192_64_0p5_0p02_0001_0015.uasset" 4650
"../../../Engine/Content/EngineMaterials/Substrate/GLints/dict_16_192_64_0p5_0p02_0001_0014.uasset" 4651
"../../../Engine/Content/EngineMaterials/Substrate/GLints/dict_16_192_64_0p5_0p02_0002_0000.uasset" 4652
"../../../Engine/Content/EngineMaterials/Substrate/GLints/dict_16_192_64_0p5_0p02_0002_0001.uasset" 4653
"../../../Engine/Content/EngineMaterials/Substrate/GLints/dict_16_192_64_0p5_0p02_0002_0002.uasset" 4654
"../../../Engine/Content/EngineMaterials/Substrate/GLints/dict_16_192_64_0p5_0p02_0002_0003.uasset" 4655
"../../../Engine/Content/EngineMaterials/Substrate/GLints/dict_16_192_64_0p5_0p02_0002_0004.uasset" 4656
"../../../Engine/Content/EngineMaterials/Substrate/GLints/dict_16_192_64_0p5_0p02_0002_0005.uasset" 4657
"../../../Engine/Content/EngineMaterials/Substrate/GLints/dict_16_192_64_0p5_0p02_0002_0006.uasset" 4658
"../../../Engine/Content/EngineMaterials/Substrate/GLints/dict_16_192_64_0p5_0p02_0002_0007.uasset" 4659
"../../../Engine/Content/EngineMaterials/Substrate/GLints/dict_16_192_64_0p5_0p02_0002_0008.uasset" 4660
"../../../Engine/Content/EngineMaterials/Substrate/GLints/dict_16_192_64_0p5_0p02_0002_0009.uasset" 4661
"../../../Engine/Content/EngineMaterials/Substrate/GLints/dict_16_192_64_0p5_0p02_0002_0010.uasset" 4662
"../../../Engine/Content/EngineMaterials/Substrate/GLints/dict_16_192_64_0p5_0p02_0002_0011.uasset" 4663
"../../../Engine/Content/EngineMaterials/Substrate/GLints/dict_16_192_64_0p5_0p02_0002_0012.uasset" 4664
"../../../Engine/Content/EngineMaterials/Substrate/GLints/dict_16_192_64_0p5_0p02_0002_0013.uasset" 4665
"../../../Engine/Content/EngineMaterials/Substrate/GLints/dict_16_192_64_0p5_0p02_0002_0014.uasset" 4666
"../../../Engine/Content/EngineMaterials/Substrate/GLints/dict_16_192_64_0p5_0p02_0002_0015.uasset" 4667
"../../../Engine/Content/EngineMaterials/Substrate/GLints/dict_16_192_64_0p5_0p02_0003_0000.uasset" 4668
"../../../Engine/Content/EngineMaterials/Substrate/GLints/dict_16_192_64_0p5_0p02_0003_0002.uasset" 4669
"../../../Engine/Content/EngineMaterials/Substrate/GLints/dict_16_192_64_0p5_0p02_0003_0001.uasset" 4670
"../../../Engine/Content/EngineMaterials/Substrate/GLints/dict_16_192_64_0p5_0p02_0003_0003.uasset" 4671
"../../../Engine/Content/EngineMaterials/Substrate/GLints/dict_16_192_64_0p5_0p02_0003_0004.uasset" 4672
"../../../Engine/Content/EngineMaterials/Substrate/GLints/dict_16_192_64_0p5_0p02_0003_0005.uasset" 4673
"../../../Engine/Content/EngineMaterials/Substrate/GLints/dict_16_192_64_0p5_0p02_0003_0006.uasset" 4674
"../../../Engine/Content/EngineMaterials/Substrate/GLints/dict_16_192_64_0p5_0p02_0003_0007.uasset" 4675
"../../../Engine/Content/EngineMaterials/Substrate/GLints/dict_16_192_64_0p5_0p02_0003_0008.uasset" 4676
"../../../Engine/Content/EngineMaterials/Substrate/GLints/dict_16_192_64_0p5_0p02_0003_0009.uasset" 4677
"../../../Engine/Content/EngineMaterials/Substrate/GLints/dict_16_192_64_0p5_0p02_0003_0010.uasset" 4678
"../../../Engine/Content/EngineMaterials/Substrate/GLints/dict_16_192_64_0p5_0p02_0003_0011.uasset" 4679
"../../../Engine/Content/EngineMaterials/Substrate/GLints/dict_16_192_64_0p5_0p02_0003_0012.uasset" 4680
"../../../Engine/Content/EngineMaterials/Substrate/GLints/dict_16_192_64_0p5_0p02_0003_0013.uasset" 4681
"/Engine/EngineMaterials/Substrate/GLints/dict_16_192_64_0p5_0p02_0003_0013" 4682
"/Engine/EngineMaterials/Substrate/GLints/dict_16_192_64_0p5_0p02_0003_0012" 4683
"/Engine/EngineMaterials/Substrate/GLints/dict_16_192_64_0p5_0p02_0003_0011" 4684
"/Engine/EngineMaterials/Substrate/GLints/dict_16_192_64_0p5_0p02_0003_0010" 4685
"/Engine/EngineMaterials/Substrate/GLints/dict_16_192_64_0p5_0p02_0003_0009" 4686
"/Engine/EngineMaterials/Substrate/GLints/dict_16_192_64_0p5_0p02_0003_0008" 4687
"/Engine/EngineMaterials/Substrate/GLints/dict_16_192_64_0p5_0p02_0003_0007" 4688
"/Engine/EngineMaterials/Substrate/GLints/dict_16_192_64_0p5_0p02_0003_0006" 4689
"/Engine/EngineMaterials/Substrate/GLints/dict_16_192_64_0p5_0p02_0003_0005" 4690
"/Engine/EngineMaterials/Substrate/GLints/dict_16_192_64_0p5_0p02_0003_0004" 4691
"/Engine/EngineMaterials/Substrate/GLints/dict_16_192_64_0p5_0p02_0003_0003" 4692
"/Engine/EngineMaterials/Substrate/GLints/dict_16_192_64_0p5_0p02_0003_0002" 4693
"/Engine/EngineMaterials/Substrate/GLints/dict_16_192_64_0p5_0p02_0003_0001" 4694
"/Engine/EngineMaterials/Substrate/GLints/dict_16_192_64_0p5_0p02_0003_0000" 4695
"/Engine/EngineMaterials/Substrate/GLints/dict_16_192_64_0p5_0p02_0002_0015" 4696
"/Engine/EngineMaterials/Substrate/GLints/dict_16_192_64_0p5_0p02_0002_0014" 4697
"/Engine/EngineMaterials/Substrate/GLints/dict_16_192_64_0p5_0p02_0002_0013" 4698
"/Engine/EngineMaterials/Substrate/GLints/dict_16_192_64_0p5_0p02_0002_0012" 4699
"/Engine/EngineMaterials/Substrate/GLints/dict_16_192_64_0p5_0p02_0002_0011" 4700
"/Engine/EngineMaterials/Substrate/GLints/dict_16_192_64_0p5_0p02_0002_0010" 4701
"/Engine/EngineMaterials/Substrate/GLints/dict_16_192_64_0p5_0p02_0002_0009" 4702
"/Engine/EngineMaterials/Substrate/GLints/dict_16_192_64_0p5_0p02_0002_0008" 4703
"/Engine/EngineMaterials/Substrate/GLints/dict_16_192_64_0p5_0p02_0002_0007" 4704
"/Engine/EngineMaterials/Substrate/GLints/dict_16_192_64_0p5_0p02_0002_0006" 4705
"/Engine/EngineMaterials/Substrate/GLints/dict_16_192_64_0p5_0p02_0002_0005" 4706
"/Engine/EngineMaterials/Substrate/GLints/dict_16_192_64_0p5_0p02_0002_0004" 4707
"/Engine/EngineMaterials/Substrate/GLints/dict_16_192_64_0p5_0p02_0002_0003" 4708
"/Engine/EngineMaterials/Substrate/GLints/dict_16_192_64_0p5_0p02_0002_0002" 4709
"/Engine/EngineMaterials/Substrate/GLints/dict_16_192_64_0p5_0p02_0002_0001" 4710
"/Engine/EngineMaterials/Substrate/GLints/dict_16_192_64_0p5_0p02_0002_0000" 4711
"/Engine/EngineMaterials/Substrate/GLints/dict_16_192_64_0p5_0p02_0001_0015" 4712
"/Engine/EngineMaterials/Substrate/GLints/dict_16_192_64_0p5_0p02_0001_0014" 4713
"../../../Engine/Content/EngineMaterials/Substrate/GLints/dict_16_192_64_0p5_0p02_0003_0014.uasset" 4714
"../../../Engine/Content/EngineMaterials/Substrate/GLints/dict_16_192_64_0p5_0p02_0003_0015.uasset" 4715
"../../../Engine/Content/EngineMaterials/Substrate/GLints/dict_16_192_64_0p5_0p02_0004_0000.uasset" 4716
"/Engine/EngineMaterials/Substrate/GLints/dict_16_192_64_0p5_0p02_0003_0015" 4717
"../../../Engine/Content/EngineMaterials/Substrate/GLints/dict_16_192_64_0p5_0p02_0004_0001.uasset" 4718
"../../../Engine/Content/EngineMaterials/Substrate/GLints/dict_16_192_64_0p5_0p02_0004_0002.uasset" 4719
"../../../Engine/Content/EngineMaterials/Substrate/GLints/dict_16_192_64_0p5_0p02_0004_0003.uasset" 4720
"../../../Engine/Content/EngineMaterials/Substrate/GLints/dict_16_192_64_0p5_0p02_0004_0004.uasset" 4721
"../../../Engine/Content/EngineMaterials/Substrate/GLints/dict_16_192_64_0p5_0p02_0004_0005.uasset" 4722
"../../../Engine/Content/EngineMaterials/Substrate/GLints/dict_16_192_64_0p5_0p02_0004_0006.uasset" 4723
"../../../Engine/Content/EngineMaterials/Substrate/GLints/dict_16_192_64_0p5_0p02_0004_0007.uasset" 4724
"/Engine/EngineMaterials/Substrate/GLints/dict_16_192_64_0p5_0p02_0003_0014" 4725
"../../../Engine/Content/EngineMaterials/Substrate/GLints/dict_16_192_64_0p5_0p02_0004_0008.uasset" 4726
"../../../Engine/Content/EngineMaterials/Substrate/GLints/dict_16_192_64_0p5_0p02_0004_0009.uasset" 4727
"../../../Engine/Content/EngineMaterials/Substrate/GLints/dict_16_192_64_0p5_0p02_0004_0010.uasset" 4728
"../../../Engine/Content/EngineMaterials/Substrate/GLints/dict_16_192_64_0p5_0p02_0004_0011.uasset" 4729
"../../../Engine/Content/EngineMaterials/Substrate/GLints/dict_16_192_64_0p5_0p02_0004_0012.uasset" 4730
"../../../Engine/Content/EngineMaterials/Substrate/GLints/dict_16_192_64_0p5_0p02_0004_0014.uasset" 4731
"../../../Engine/Content/EngineMaterials/Substrate/GLints/dict_16_192_64_0p5_0p02_0004_0013.uasset" 4732
"../../../Engine/Content/EngineMaterials/Substrate/GLints/dict_16_192_64_0p5_0p02_0004_0015.uasset" 4733
"../../../Engine/Content/EngineMaterials/Substrate/GLints/dict_16_192_64_0p5_0p02_0005_0000.uasset" 4734
"../../../Engine/Content/EngineMaterials/Substrate/GLints/dict_16_192_64_0p5_0p02_0005_0001.uasset" 4735
"../../../Engine/Content/EngineMaterials/Substrate/GLints/dict_16_192_64_0p5_0p02_0005_0002.uasset" 4736
"../../../Engine/Content/EngineMaterials/Substrate/GLints/dict_16_192_64_0p5_0p02_0005_0003.uasset" 4737
"../../../Engine/Content/EngineMaterials/Substrate/GLints/dict_16_192_64_0p5_0p02_0005_0004.uasset" 4738
"../../../Engine/Content/EngineMaterials/Substrate/GLints/dict_16_192_64_0p5_0p02_0005_0005.uasset" 4739
"../../../Engine/Content/EngineMaterials/Substrate/GLints/dict_16_192_64_0p5_0p02_0005_0006.uasset" 4740
"../../../Engine/Content/EngineMaterials/Substrate/GLints/dict_16_192_64_0p5_0p02_0005_0007.uasset" 4741
"../../../Engine/Content/EngineMaterials/Substrate/GLints/dict_16_192_64_0p5_0p02_0005_0009.uasset" 4742
"../../../Engine/Content/EngineMaterials/Substrate/GLints/dict_16_192_64_0p5_0p02_0005_0008.uasset" 4743
"../../../Engine/Content/EngineMaterials/Substrate/GLints/dict_16_192_64_0p5_0p02_0005_0010.uasset" 4744
"../../../Engine/Content/EngineMaterials/Substrate/GLints/dict_16_192_64_0p5_0p02_0005_0011.uasset" 4745
"../../../Engine/Content/EngineMaterials/Substrate/GLints/dict_16_192_64_0p5_0p02_0005_0012.uasset" 4746
"../../../Engine/Content/EngineMaterials/Substrate/GLints/dict_16_192_64_0p5_0p02_0005_0013.uasset" 4747
"../../../Engine/Content/EngineMaterials/Substrate/GLints/dict_16_192_64_0p5_0p02_0005_0014.uasset" 4748
"/Engine/EngineMaterials/Substrate/GLints/dict_16_192_64_0p5_0p02_0005_0012" 4749
"../../../Engine/Content/EngineMaterials/Substrate/GLints/dict_16_192_64_0p5_0p02_0005_0015.uasset" 4750
"/Engine/EngineMaterials/Substrate/GLints/dict_16_192_64_0p5_0p02_0005_0011" 4751
"/Engine/EngineMaterials/Substrate/GLints/dict_16_192_64_0p5_0p02_0005_0010" 4752
"/Engine/EngineMaterials/Substrate/GLints/dict_16_192_64_0p5_0p02_0005_0009" 4753
"/Engine/EngineMaterials/Substrate/GLints/dict_16_192_64_0p5_0p02_0005_0008" 4754
"/Engine/EngineMaterials/Substrate/GLints/dict_16_192_64_0p5_0p02_0005_0007" 4755
"/Engine/EngineMaterials/Substrate/GLints/dict_16_192_64_0p5_0p02_0005_0006" 4756
"/Engine/EngineMaterials/Substrate/GLints/dict_16_192_64_0p5_0p02_0005_0005" 4757
"/Engine/EngineMaterials/Substrate/GLints/dict_16_192_64_0p5_0p02_0005_0004" 4758
"/Engine/EngineMaterials/Substrate/GLints/dict_16_192_64_0p5_0p02_0005_0003" 4759
"/Engine/EngineMaterials/Substrate/GLints/dict_16_192_64_0p5_0p02_0005_0002" 4760
"/Engine/EngineMaterials/Substrate/GLints/dict_16_192_64_0p5_0p02_0005_0001" 4761
"/Engine/EngineMaterials/Substrate/GLints/dict_16_192_64_0p5_0p02_0005_0000" 4762
"/Engine/EngineMaterials/Substrate/GLints/dict_16_192_64_0p5_0p02_0004_0015" 4763
"/Engine/EngineMaterials/Substrate/GLints/dict_16_192_64_0p5_0p02_0004_0014" 4764
"/Engine/EngineMaterials/Substrate/GLints/dict_16_192_64_0p5_0p02_0004_0013" 4765
"/Engine/EngineMaterials/Substrate/GLints/dict_16_192_64_0p5_0p02_0004_0012" 4766
"/Engine/EngineMaterials/Substrate/GLints/dict_16_192_64_0p5_0p02_0004_0011" 4767
"/Engine/EngineMaterials/Substrate/GLints/dict_16_192_64_0p5_0p02_0004_0010" 4768
"/Engine/EngineMaterials/Substrate/GLints/dict_16_192_64_0p5_0p02_0004_0009" 4769
"/Engine/EngineMaterials/Substrate/GLints/dict_16_192_64_0p5_0p02_0004_0008" 4770
"/Engine/EngineMaterials/Substrate/GLints/dict_16_192_64_0p5_0p02_0004_0007" 4771
"/Engine/EngineMaterials/Substrate/GLints/dict_16_192_64_0p5_0p02_0004_0006" 4772
"/Engine/EngineMaterials/Substrate/GLints/dict_16_192_64_0p5_0p02_0004_0005" 4773
"/Engine/EngineMaterials/Substrate/GLints/dict_16_192_64_0p5_0p02_0004_0004" 4774
"/Engine/EngineMaterials/Substrate/GLints/dict_16_192_64_0p5_0p02_0004_0003" 4775
"/Engine/EngineMaterials/Substrate/GLints/dict_16_192_64_0p5_0p02_0004_0002" 4776
"/Engine/EngineMaterials/Substrate/GLints/dict_16_192_64_0p5_0p02_0004_0001" 4777
"/Engine/EngineMaterials/Substrate/GLints/dict_16_192_64_0p5_0p02_0004_0000" 4778
"/Engine/EngineMaterials/Substrate/GLints/dict_16_192_64_0p5_0p02_0005_0014" 4779
"/Engine/EngineMaterials/Substrate/GLints/dict_16_192_64_0p5_0p02_0005_0013" 4780
"../../../Engine/Content/EngineMaterials/Substrate/GLints/dict_16_192_64_0p5_0p02_0006_0000.uasset" 4781
"/Engine/EngineMaterials/Substrate/GLints/dict_16_192_64_0p5_0p02_0005_0015" 4782
"../../../Engine/Content/EngineMaterials/Substrate/GLints/dict_16_192_64_0p5_0p02_0006_0001.uasset" 4783
"../../../Engine/Content/EngineMaterials/Substrate/GLints/dict_16_192_64_0p5_0p02_0006_0002.uasset" 4784
"../../../Engine/Content/EngineMaterials/Substrate/GLints/dict_16_192_64_0p5_0p02_0006_0003.uasset" 4785
"../../../Engine/Content/EngineMaterials/Substrate/GLints/dict_16_192_64_0p5_0p02_0006_0004.uasset" 4786
"/Engine/EngineMaterials/Substrate/GLints/dict_16_192_64_0p5_0p02_0006_0003" 4787
"../../../Engine/Content/EngineMaterials/Substrate/GLints/dict_16_192_64_0p5_0p02_0006_0005.uasset" 4788
"../../../Engine/Content/EngineMaterials/Substrate/GLints/dict_16_192_64_0p5_0p02_0006_0006.uasset" 4789
"../../../Engine/Content/EngineMaterials/Substrate/GLints/dict_16_192_64_0p5_0p02_0006_0007.uasset" 4790
"/Engine/EngineMaterials/Substrate/GLints/dict_16_192_64_0p5_0p02_0006_0002" 4791
"../../../Engine/Content/EngineMaterials/Substrate/GLints/dict_16_192_64_0p5_0p02_0006_0008.uasset" 4792
"../../../Engine/Content/EngineMaterials/Substrate/GLints/dict_16_192_64_0p5_0p02_0006_0009.uasset" 4793
"/Engine/EngineMaterials/Substrate/GLints/dict_16_192_64_0p5_0p02_0006_0001" 4794
"../../../Engine/Content/EngineMaterials/Substrate/GLints/dict_16_192_64_0p5_0p02_0006_0010.uasset" 4795
"../../../Engine/Content/EngineMaterials/Substrate/GLints/dict_16_192_64_0p5_0p02_0006_0011.uasset" 4796
"/Engine/EngineMaterials/Substrate/GLints/dict_16_192_64_0p5_0p02_0006_0000" 4797
"../../../Engine/Content/EngineMaterials/Substrate/GLints/dict_16_192_64_0p5_0p02_0006_0012.uasset" 4798
"../../../Engine/Content/EngineMaterials/Substrate/GLints/dict_16_192_64_0p5_0p02_0006_0013.uasset" 4799
"../../../Engine/Content/EngineMaterials/Substrate/GLints/dict_16_192_64_0p5_0p02_0006_0014.uasset" 4800
"/Engine/EngineMaterials/Substrate/GLints/dict_16_192_64_0p5_0p02_0006_0013" 4801
"../../../Engine/Content/EngineMaterials/Substrate/GLints/dict_16_192_64_0p5_0p02_0006_0015.uasset" 4802
"../../../Engine/Content/EngineMaterials/Substrate/GLints/dict_16_192_64_0p5_0p02_0007_0000.uasset" 4803
"/Engine/EngineMaterials/Substrate/GLints/dict_16_192_64_0p5_0p02_0006_0012" 4804
"../../../Engine/Content/EngineMaterials/Substrate/GLints/dict_16_192_64_0p5_0p02_0007_0001.uasset" 4805
"../../../Engine/Content/EngineMaterials/Substrate/GLints/dict_16_192_64_0p5_0p02_0007_0002.uasset" 4806
"../../../Engine/Content/EngineMaterials/Substrate/GLints/dict_16_192_64_0p5_0p02_0007_0003.uasset" 4807
"../../../Engine/Content/EngineMaterials/Substrate/GLints/dict_16_192_64_0p5_0p02_0007_0004.uasset" 4808
"/Engine/EngineMaterials/Substrate/GLints/dict_16_192_64_0p5_0p02_0006_0011" 4809
"../../../Engine/Content/EngineMaterials/Substrate/GLints/dict_16_192_64_0p5_0p02_0007_0005.uasset" 4810
"../../../Engine/Content/EngineMaterials/Substrate/GLints/dict_16_192_64_0p5_0p02_0007_0006.uasset" 4811
"../../../Engine/Content/EngineMaterials/Substrate/GLints/dict_16_192_64_0p5_0p02_0007_0007.uasset" 4812
"/Engine/EngineMaterials/Substrate/GLints/dict_16_192_64_0p5_0p02_0006_0010" 4813
"../../../Engine/Content/EngineMaterials/Substrate/GLints/dict_16_192_64_0p5_0p02_0007_0008.uasset" 4814
"../../../Engine/Content/EngineMaterials/Substrate/GLints/dict_16_192_64_0p5_0p02_0007_0009.uasset" 4815
"../../../Engine/Content/EngineMaterials/Substrate/GLints/dict_16_192_64_0p5_0p02_0007_0010.uasset" 4816
"../../../Engine/Content/EngineMaterials/Substrate/GLints/dict_16_192_64_0p5_0p02_0007_0011.uasset" 4817
"/Engine/EngineMaterials/Substrate/GLints/dict_16_192_64_0p5_0p02_0006_0009" 4818
"../../../Engine/Content/EngineMaterials/Substrate/GLints/dict_16_192_64_0p5_0p02_0007_0012.uasset" 4819
"../../../Engine/Content/EngineMaterials/Substrate/GLints/dict_16_192_64_0p5_0p02_0007_0013.uasset" 4820
"../../../Engine/Content/EngineMaterials/Substrate/GLints/dict_16_192_64_0p5_0p02_0007_0014.uasset" 4821
"../../../Engine/Content/EngineMaterials/Substrate/GLints/dict_16_192_64_0p5_0p02_0007_0015.uasset" 4822
"/Engine/EngineMaterials/Substrate/GLints/dict_16_192_64_0p5_0p02_0006_0008" 4823
"../../../Engine/Content/EngineMaterials/Substrate/GLints/dict_16_192_64_0p5_0p02_0008_0000.uasset" 4824
"../../../Engine/Content/EngineMaterials/Substrate/GLints/dict_16_192_64_0p5_0p02_0008_0002.uasset" 4825
"../../../Engine/Content/EngineMaterials/Substrate/GLints/dict_16_192_64_0p5_0p02_0008_0001.uasset" 4826
"/Engine/EngineMaterials/Substrate/GLints/dict_16_192_64_0p5_0p02_0006_0007" 4827
"../../../Engine/Content/EngineMaterials/Substrate/GLints/dict_16_192_64_0p5_0p02_0008_0003.uasset" 4828
"/Engine/EngineMaterials/Substrate/GLints/dict_16_192_64_0p5_0p02_0006_0006" 4829
"/Engine/EngineMaterials/Substrate/GLints/dict_16_192_64_0p5_0p02_0006_0005" 4830
"/Engine/EngineMaterials/Substrate/GLints/dict_16_192_64_0p5_0p02_0006_0004" 4831
"/Engine/EngineMaterials/Substrate/GLints/dict_16_192_64_0p5_0p02_0007_0015" 4832
"../../../Engine/Content/EngineMaterials/Substrate/GLints/dict_16_192_64_0p5_0p02_0008_0004.uasset" 4833
"../../../Engine/Content/EngineMaterials/Substrate/GLints/dict_16_192_64_0p5_0p02_0008_0005.uasset" 4834
"../../../Engine/Content/EngineMaterials/Substrate/GLints/dict_16_192_64_0p5_0p02_0008_0006.uasset" 4835
"../../../Engine/Content/EngineMaterials/Substrate/GLints/dict_16_192_64_0p5_0p02_0008_0007.uasset" 4836
"/Engine/EngineMaterials/Substrate/GLints/dict_16_192_64_0p5_0p02_0007_0013" 4837
"../../../Engine/Content/EngineMaterials/Substrate/GLints/dict_16_192_64_0p5_0p02_0008_0008.uasset" 4838
"../../../Engine/Content/EngineMaterials/Substrate/GLints/dict_16_192_64_0p5_0p02_0008_0009.uasset" 4839
"../../../Engine/Content/EngineMaterials/Substrate/GLints/dict_16_192_64_0p5_0p02_0008_0010.uasset" 4840
"../../../Engine/Content/EngineMaterials/Substrate/GLints/dict_16_192_64_0p5_0p02_0008_0011.uasset" 4841
"../../../Engine/Content/EngineMaterials/Substrate/GLints/dict_16_192_64_0p5_0p02_0008_0012.uasset" 4842
"/Engine/EngineMaterials/Substrate/GLints/dict_16_192_64_0p5_0p02_0007_0012" 4843
"../../../Engine/Content/EngineMaterials/Substrate/GLints/dict_16_192_64_0p5_0p02_0008_0013.uasset" 4844
"/Engine/EngineMaterials/Substrate/GLints/dict_16_192_64_0p5_0p02_0007_0011" 4845
"/Engine/EngineMaterials/Substrate/GLints/dict_16_192_64_0p5_0p02_0007_0010" 4846
"/Engine/EngineMaterials/Substrate/GLints/dict_16_192_64_0p5_0p02_0007_0009" 4847
"/Engine/EngineMaterials/Substrate/GLints/dict_16_192_64_0p5_0p02_0007_0008" 4848
"/Engine/EngineMaterials/Substrate/GLints/dict_16_192_64_0p5_0p02_0007_0007" 4849
"/Engine/EngineMaterials/Substrate/GLints/dict_16_192_64_0p5_0p02_0007_0006" 4850
"/Engine/EngineMaterials/Substrate/GLints/dict_16_192_64_0p5_0p02_0007_0005" 4851
"/Engine/EngineMaterials/Substrate/GLints/dict_16_192_64_0p5_0p02_0007_0004" 4852
"/Engine/EngineMaterials/Substrate/GLints/dict_16_192_64_0p5_0p02_0007_0003" 4853
"/Engine/EngineMaterials/Substrate/GLints/dict_16_192_64_0p5_0p02_0007_0002" 4854
"/Engine/EngineMaterials/Substrate/GLints/dict_16_192_64_0p5_0p02_0007_0001" 4855
"/Engine/EngineMaterials/Substrate/GLints/dict_16_192_64_0p5_0p02_0007_0000" 4856
"/Engine/EngineMaterials/Substrate/GLints/dict_16_192_64_0p5_0p02_0006_0015" 4857
"/Engine/EngineMaterials/Substrate/GLints/dict_16_192_64_0p5_0p02_0006_0014" 4858
"/Engine/EngineMaterials/Substrate/GLints/dict_16_192_64_0p5_0p02_0008_0003" 4859
"/Engine/EngineMaterials/Substrate/GLints/dict_16_192_64_0p5_0p02_0008_0002" 4860
"/Engine/EngineMaterials/Substrate/GLints/dict_16_192_64_0p5_0p02_0008_0001" 4861
"/Engine/EngineMaterials/Substrate/GLints/dict_16_192_64_0p5_0p02_0007_0014" 4862
"/Engine/EngineMaterials/Substrate/GLints/dict_16_192_64_0p5_0p02_0008_0000" 4863
"/Engine/EngineMaterials/Substrate/GLints/dict_16_192_64_0p5_0p02_0008_0013" 4864
"../../../Engine/Content/EngineMaterials/Substrate/GLints/dict_16_192_64_0p5_0p02_0008_0014.uasset" 4865
"../../../Engine/Content/EngineMaterials/Substrate/GLints/dict_16_192_64_0p5_0p02_0009_0000.uasset" 4866
"../../../Engine/Content/EngineMaterials/Substrate/GLints/dict_16_192_64_0p5_0p02_0008_0015.uasset" 4867
"/Engine/EngineMaterials/Substrate/GLints/dict_16_192_64_0p5_0p02_0008_0012" 4868
"../../../Engine/Content/EngineMaterials/Substrate/GLints/dict_16_192_64_0p5_0p02_0009_0001.uasset" 4869
"../../../Engine/Content/EngineMaterials/Substrate/GLints/dict_16_192_64_0p5_0p02_0009_0002.uasset" 4870
"../../../Engine/Content/EngineMaterials/Substrate/GLints/dict_16_192_64_0p5_0p02_0009_0003.uasset" 4871
"../../../Engine/Content/EngineMaterials/Substrate/GLints/dict_16_192_64_0p5_0p02_0009_0004.uasset" 4872
"../../../Engine/Content/EngineMaterials/Substrate/GLints/dict_16_192_64_0p5_0p02_0009_0005.uasset" 4873
"../../../Engine/Content/EngineMaterials/Substrate/GLints/dict_16_192_64_0p5_0p02_0009_0006.uasset" 4874
"../../../Engine/Content/EngineMaterials/Substrate/GLints/dict_16_192_64_0p5_0p02_0009_0007.uasset" 4875
"/Engine/EngineMaterials/Substrate/GLints/dict_16_192_64_0p5_0p02_0008_0011" 4876
"../../../Engine/Content/EngineMaterials/Substrate/GLints/dict_16_192_64_0p5_0p02_0009_0008.uasset" 4877
"../../../Engine/Content/EngineMaterials/Substrate/GLints/dict_16_192_64_0p5_0p02_0009_0009.uasset" 4878
"../../../Engine/Content/EngineMaterials/Substrate/GLints/dict_16_192_64_0p5_0p02_0009_0010.uasset" 4879
"../../../Engine/Content/EngineMaterials/Substrate/GLints/dict_16_192_64_0p5_0p02_0009_0011.uasset" 4880
"/Engine/EngineMaterials/Substrate/GLints/dict_16_192_64_0p5_0p02_0008_0010" 4881
"../../../Engine/Content/EngineMaterials/Substrate/GLints/dict_16_192_64_0p5_0p02_0009_0012.uasset" 4882
"../../../Engine/Content/EngineMaterials/Substrate/GLints/dict_16_192_64_0p5_0p02_0009_0013.uasset" 4883
"../../../Engine/Content/EngineMaterials/Substrate/GLints/dict_16_192_64_0p5_0p02_0009_0014.uasset" 4884
"../../../Engine/Content/EngineMaterials/Substrate/GLints/dict_16_192_64_0p5_0p02_0009_0015.uasset" 4885
"/Engine/EngineMaterials/Substrate/GLints/dict_16_192_64_0p5_0p02_0008_0009" 4886
"../../../Engine/Content/EngineMaterials/Substrate/GLints/dict_16_192_64_0p5_0p02_0010_0001.uasset" 4887
"../../../Engine/Content/EngineMaterials/Substrate/GLints/dict_16_192_64_0p5_0p02_0010_0000.uasset" 4888
"../../../Engine/Content/EngineMaterials/Substrate/GLints/dict_16_192_64_0p5_0p02_0010_0002.uasset" 4889
"../../../Engine/Content/EngineMaterials/Substrate/GLints/dict_16_192_64_0p5_0p02_0010_0003.uasset" 4890
"/Engine/EngineMaterials/Substrate/GLints/dict_16_192_64_0p5_0p02_0008_0008" 4891
"/Engine/EngineMaterials/Substrate/GLints/dict_16_192_64_0p5_0p02_0008_0007" 4892
"/Engine/EngineMaterials/Substrate/GLints/dict_16_192_64_0p5_0p02_0008_0006" 4893
"/Engine/EngineMaterials/Substrate/GLints/dict_16_192_64_0p5_0p02_0008_0005" 4894
"/Engine/EngineMaterials/Substrate/GLints/dict_16_192_64_0p5_0p02_0008_0004" 4895
"../../../Engine/Content/EngineMaterials/Substrate/GLints/dict_16_192_64_0p5_0p02_0010_0005.uasset" 4896
"../../../Engine/Content/EngineMaterials/Substrate/GLints/dict_16_192_64_0p5_0p02_0010_0004.uasset" 4897
"/Engine/EngineMaterials/Substrate/GLints/dict_16_192_64_0p5_0p02_0010_0003" 4898
"../../../Engine/Content/EngineMaterials/Substrate/GLints/dict_16_192_64_0p5_0p02_0010_0006.uasset" 4899
"../../../Engine/Content/EngineMaterials/Substrate/GLints/dict_16_192_64_0p5_0p02_0010_0007.uasset" 4900
"../../../Engine/Content/EngineMaterials/Substrate/GLints/dict_16_192_64_0p5_0p02_0010_0008.uasset" 4901
"../../../Engine/Content/EngineMaterials/Substrate/GLints/dict_16_192_64_0p5_0p02_0010_0009.uasset" 4902
"../../../Engine/Content/EngineMaterials/Substrate/GLints/dict_16_192_64_0p5_0p02_0010_0010.uasset" 4903
"../../../Engine/Content/EngineMaterials/Substrate/GLints/dict_16_192_64_0p5_0p02_0010_0011.uasset" 4904
"/Engine/EngineMaterials/Substrate/GLints/dict_16_192_64_0p5_0p02_0010_0002" 4905
"../../../Engine/Content/EngineMaterials/Substrate/GLints/dict_16_192_64_0p5_0p02_0010_0013.uasset" 4906
"../../../Engine/Content/EngineMaterials/Substrate/GLints/dict_16_192_64_0p5_0p02_0010_0012.uasset" 4907
"/Engine/EngineMaterials/Substrate/GLints/dict_16_192_64_0p5_0p02_0010_0001" 4908
"/Engine/EngineMaterials/Substrate/GLints/dict_16_192_64_0p5_0p02_0010_0000" 4909
"/Engine/EngineMaterials/Substrate/GLints/dict_16_192_64_0p5_0p02_0009_0015" 4910
"/Engine/EngineMaterials/Substrate/GLints/dict_16_192_64_0p5_0p02_0009_0014" 4911
"/Engine/EngineMaterials/Substrate/GLints/dict_16_192_64_0p5_0p02_0009_0013" 4912
"/Engine/EngineMaterials/Substrate/GLints/dict_16_192_64_0p5_0p02_0009_0012" 4913
"/Engine/EngineMaterials/Substrate/GLints/dict_16_192_64_0p5_0p02_0009_0011" 4914
"/Engine/EngineMaterials/Substrate/GLints/dict_16_192_64_0p5_0p02_0009_0010" 4915
"/Engine/EngineMaterials/Substrate/GLints/dict_16_192_64_0p5_0p02_0009_0009" 4916
"/Engine/EngineMaterials/Substrate/GLints/dict_16_192_64_0p5_0p02_0009_0008" 4917
"/Engine/EngineMaterials/Substrate/GLints/dict_16_192_64_0p5_0p02_0009_0007" 4918
"/Engine/EngineMaterials/Substrate/GLints/dict_16_192_64_0p5_0p02_0009_0006" 4919
"/Engine/EngineMaterials/Substrate/GLints/dict_16_192_64_0p5_0p02_0009_0005" 4920
"/Engine/EngineMaterials/Substrate/GLints/dict_16_192_64_0p5_0p02_0009_0004" 4921
"/Engine/EngineMaterials/Substrate/GLints/dict_16_192_64_0p5_0p02_0009_0003" 4922
"/Engine/EngineMaterials/Substrate/GLints/dict_16_192_64_0p5_0p02_0009_0002" 4923
"/Engine/EngineMaterials/Substrate/GLints/dict_16_192_64_0p5_0p02_0009_0001" 4924
"/Engine/EngineMaterials/Substrate/GLints/dict_16_192_64_0p5_0p02_0009_0000" 4925
"/Engine/EngineMaterials/Substrate/GLints/dict_16_192_64_0p5_0p02_0008_0015" 4926
"/Engine/EngineMaterials/Substrate/GLints/dict_16_192_64_0p5_0p02_0008_0014" 4927
"../../../Engine/Content/EngineMaterials/Substrate/GLints/dict_16_192_64_0p5_0p02_0010_0014.uasset" 4928
"../../../Engine/Content/EngineMaterials/Substrate/GLints/dict_16_192_64_0p5_0p02_0010_0015.uasset" 4929
"/Engine/EngineMaterials/Substrate/GLints/dict_16_192_64_0p5_0p02_0010_0013" 4930
"../../../Engine/Content/EngineMaterials/Substrate/GLints/dict_16_192_64_0p5_0p02_0011_0000.uasset" 4931
"../../../Engine/Content/EngineMaterials/Substrate/GLints/dict_16_192_64_0p5_0p02_0011_0001.uasset" 4932
"../../../Engine/Content/EngineMaterials/Substrate/GLints/dict_16_192_64_0p5_0p02_0011_0002.uasset" 4933
"../../../Engine/Content/EngineMaterials/Substrate/GLints/dict_16_192_64_0p5_0p02_0011_0003.uasset" 4934
"../../../Engine/Content/EngineMaterials/Substrate/GLints/dict_16_192_64_0p5_0p02_0011_0004.uasset" 4935
"../../../Engine/Content/EngineMaterials/Substrate/GLints/dict_16_192_64_0p5_0p02_0011_0005.uasset" 4936
"/Engine/EngineMaterials/Substrate/GLints/dict_16_192_64_0p5_0p02_0010_0012" 4937
"../../../Engine/Content/EngineMaterials/Substrate/GLints/dict_16_192_64_0p5_0p02_0011_0006.uasset" 4938
"../../../Engine/Content/EngineMaterials/Substrate/GLints/dict_16_192_64_0p5_0p02_0011_0007.uasset" 4939
"../../../Engine/Content/EngineMaterials/Substrate/GLints/dict_16_192_64_0p5_0p02_0011_0008.uasset" 4940
"../../../Engine/Content/EngineMaterials/Substrate/GLints/dict_16_192_64_0p5_0p02_0011_0009.uasset" 4941
"../../../Engine/Content/EngineMaterials/Substrate/GLints/dict_16_192_64_0p5_0p02_0011_0010.uasset" 4942
"../../../Engine/Content/EngineMaterials/Substrate/GLints/dict_16_192_64_0p5_0p02_0011_0011.uasset" 4943
"../../../Engine/Content/EngineMaterials/Substrate/GLints/dict_16_192_64_0p5_0p02_0011_0012.uasset" 4944
"../../../Engine/Content/EngineMaterials/Substrate/GLints/dict_16_192_64_0p5_0p02_0011_0013.uasset" 4945
"/Engine/EngineMaterials/Substrate/GLints/dict_16_192_64_0p5_0p02_0010_0011" 4946
"../../../Engine/Content/EngineMaterials/Substrate/GLints/dict_16_192_64_0p5_0p02_0011_0014.uasset" 4947
"../../../Engine/Content/EngineMaterials/Substrate/GLints/dict_16_192_64_0p5_0p02_0011_0015.uasset" 4948
"../../../Engine/Content/EngineMaterials/Substrate/GLints/dict_16_192_64_0p5_0p02_0012_0000.uasset" 4949
"../../../Engine/Content/EngineMaterials/Substrate/GLints/dict_16_192_64_0p5_0p02_0012_0001.uasset" 4950
"../../../Engine/Content/EngineMaterials/Substrate/GLints/dict_16_192_64_0p5_0p02_0012_0002.uasset" 4951
"../../../Engine/Content/EngineMaterials/Substrate/GLints/dict_16_192_64_0p5_0p02_0012_0003.uasset" 4952
"/Engine/EngineMaterials/Substrate/GLints/dict_16_192_64_0p5_0p02_0010_0010" 4953
"/Engine/EngineMaterials/Substrate/GLints/dict_16_192_64_0p5_0p02_0010_0009" 4954
"/Engine/EngineMaterials/Substrate/GLints/dict_16_192_64_0p5_0p02_0010_0008" 4955
"/Engine/EngineMaterials/Substrate/GLints/dict_16_192_64_0p5_0p02_0010_0007" 4956
"/Engine/EngineMaterials/Substrate/GLints/dict_16_192_64_0p5_0p02_0010_0006" 4957
"/Engine/EngineMaterials/Substrate/GLints/dict_16_192_64_0p5_0p02_0010_0005" 4958
"/Engine/EngineMaterials/Substrate/GLints/dict_16_192_64_0p5_0p02_0010_0004" 4959
"../../../Engine/Content/EngineMaterials/Substrate/GLints/dict_16_192_64_0p5_0p02_0012_0005.uasset" 4960
"../../../Engine/Content/EngineMaterials/Substrate/GLints/dict_16_192_64_0p5_0p02_0012_0004.uasset" 4961
"/Engine/EngineMaterials/Substrate/GLints/dict_16_192_64_0p5_0p02_0012_0003" 4962
"../../../Engine/Content/EngineMaterials/Substrate/GLints/dict_16_192_64_0p5_0p02_0012_0006.uasset" 4963
"../../../Engine/Content/EngineMaterials/Substrate/GLints/dict_16_192_64_0p5_0p02_0012_0007.uasset" 4964
"../../../Engine/Content/EngineMaterials/Substrate/GLints/dict_16_192_64_0p5_0p02_0012_0008.uasset" 4965
"../../../Engine/Content/EngineMaterials/Substrate/GLints/dict_16_192_64_0p5_0p02_0012_0009.uasset" 4966
"../../../Engine/Content/EngineMaterials/Substrate/GLints/dict_16_192_64_0p5_0p02_0012_0010.uasset" 4967
"../../../Engine/Content/EngineMaterials/Substrate/GLints/dict_16_192_64_0p5_0p02_0012_0011.uasset" 4968
"../../../Engine/Content/EngineMaterials/Substrate/GLints/dict_16_192_64_0p5_0p02_0012_0012.uasset" 4969
"../../../Engine/Content/EngineMaterials/Substrate/GLints/dict_16_192_64_0p5_0p02_0012_0013.uasset" 4970
"/Engine/EngineMaterials/Substrate/GLints/dict_16_192_64_0p5_0p02_0012_0002" 4971
"/Engine/EngineMaterials/Substrate/GLints/dict_16_192_64_0p5_0p02_0012_0001" 4972
"/Engine/EngineMaterials/Substrate/GLints/dict_16_192_64_0p5_0p02_0012_0000" 4973
"/Engine/EngineMaterials/Substrate/GLints/dict_16_192_64_0p5_0p02_0011_0015" 4974
"/Engine/EngineMaterials/Substrate/GLints/dict_16_192_64_0p5_0p02_0011_0014" 4975
"/Engine/EngineMaterials/Substrate/GLints/dict_16_192_64_0p5_0p02_0011_0013" 4976
"/Engine/EngineMaterials/Substrate/GLints/dict_16_192_64_0p5_0p02_0011_0012" 4977
"/Engine/EngineMaterials/Substrate/GLints/dict_16_192_64_0p5_0p02_0011_0011" 4978
"/Engine/EngineMaterials/Substrate/GLints/dict_16_192_64_0p5_0p02_0011_0010" 4979
"/Engine/EngineMaterials/Substrate/GLints/dict_16_192_64_0p5_0p02_0011_0009" 4980
"/Engine/EngineMaterials/Substrate/GLints/dict_16_192_64_0p5_0p02_0011_0008" 4981
"/Engine/EngineMaterials/Substrate/GLints/dict_16_192_64_0p5_0p02_0011_0007" 4982
"/Engine/EngineMaterials/Substrate/GLints/dict_16_192_64_0p5_0p02_0011_0006" 4983
"/Engine/EngineMaterials/Substrate/GLints/dict_16_192_64_0p5_0p02_0011_0005" 4984
"/Engine/EngineMaterials/Substrate/GLints/dict_16_192_64_0p5_0p02_0011_0004" 4985
"/Engine/EngineMaterials/Substrate/GLints/dict_16_192_64_0p5_0p02_0011_0003" 4986
"/Engine/EngineMaterials/Substrate/GLints/dict_16_192_64_0p5_0p02_0011_0002" 4987
"/Engine/EngineMaterials/Substrate/GLints/dict_16_192_64_0p5_0p02_0011_0001" 4988
"/Engine/EngineMaterials/Substrate/GLints/dict_16_192_64_0p5_0p02_0011_0000" 4989
"/Engine/EngineMaterials/Substrate/GLints/dict_16_192_64_0p5_0p02_0010_0015" 4990
"/Engine/EngineMaterials/Substrate/GLints/dict_16_192_64_0p5_0p02_0010_0014" 4991
"../../../Engine/Content/EngineMaterials/Substrate/GLints/dict_16_192_64_0p5_0p02_0012_0014.uasset" 4992
"/Engine/EngineMaterials/Substrate/GLints/dict_16_192_64_0p5_0p02_0012_0013" 4993
"../../../Engine/Content/EngineMaterials/Substrate/GLints/dict_16_192_64_0p5_0p02_0012_0015.uasset" 4994
"../../../Engine/Content/EngineMaterials/Substrate/GLints/dict_16_192_64_0p5_0p02_0013_0000.uasset" 4995
"/Engine/EngineMaterials/Substrate/GLints/dict_16_192_64_0p5_0p02_0012_0012" 4996
"../../../Engine/Content/EngineMaterials/Substrate/GLints/dict_16_192_64_0p5_0p02_0013_0001.uasset" 4997
"../../../Engine/Content/EngineMaterials/Substrate/GLints/dict_16_192_64_0p5_0p02_0013_0002.uasset" 4998
"../../../Engine/Content/EngineMaterials/Substrate/GLints/dict_16_192_64_0p5_0p02_0013_0003.uasset" 4999
"../../../Engine/Content/EngineMaterials/Substrate/GLints/dict_16_192_64_0p5_0p02_0013_0004.uasset" 5000
"/Engine/EngineMaterials/Substrate/GLints/dict_16_192_64_0p5_0p02_0012_0011" 5001
"../../../Engine/Content/EngineMaterials/Substrate/GLints/dict_16_192_64_0p5_0p02_0013_0005.uasset" 5002
"../../../Engine/Content/EngineMaterials/Substrate/GLints/dict_16_192_64_0p5_0p02_0013_0007.uasset" 5003
"../../../Engine/Content/EngineMaterials/Substrate/GLints/dict_16_192_64_0p5_0p02_0013_0006.uasset" 5004
"../../../Engine/Content/EngineMaterials/Substrate/GLints/dict_16_192_64_0p5_0p02_0013_0009.uasset" 5005
"../../../Engine/Content/EngineMaterials/Substrate/GLints/dict_16_192_64_0p5_0p02_0013_0008.uasset" 5006
"../../../Engine/Content/EngineMaterials/Substrate/GLints/dict_16_192_64_0p5_0p02_0013_0010.uasset" 5007
"../../../Engine/Content/EngineMaterials/Substrate/GLints/dict_16_192_64_0p5_0p02_0013_0011.uasset" 5008
"../../../Engine/Content/EngineMaterials/Substrate/GLints/dict_16_192_64_0p5_0p02_0013_0012.uasset" 5009
"../../../Engine/Content/EngineMaterials/Substrate/GLints/dict_16_192_64_0p5_0p02_0013_0013.uasset" 5010
"../../../Engine/Content/EngineMaterials/Substrate/GLints/dict_16_192_64_0p5_0p02_0013_0014.uasset" 5011
"../../../Engine/Content/EngineMaterials/Substrate/GLints/dict_16_192_64_0p5_0p02_0013_0015.uasset" 5012
"../../../Engine/Content/EngineMaterials/Substrate/GLints/dict_16_192_64_0p5_0p02_0014_0000.uasset" 5013
"/Engine/EngineMaterials/Substrate/GLints/dict_16_192_64_0p5_0p02_0012_0010" 5014
"../../../Engine/Content/EngineMaterials/Substrate/GLints/dict_16_192_64_0p5_0p02_0014_0001.uasset" 5015
"../../../Engine/Content/EngineMaterials/Substrate/GLints/dict_16_192_64_0p5_0p02_0014_0002.uasset" 5016
"../../../Engine/Content/EngineMaterials/Substrate/GLints/dict_16_192_64_0p5_0p02_0014_0003.uasset" 5017
"/Engine/EngineMaterials/Substrate/GLints/dict_16_192_64_0p5_0p02_0012_0009" 5018
"/Engine/EngineMaterials/Substrate/GLints/dict_16_192_64_0p5_0p02_0012_0008" 5019
"/Engine/EngineMaterials/Substrate/GLints/dict_16_192_64_0p5_0p02_0012_0007" 5020
"/Engine/EngineMaterials/Substrate/GLints/dict_16_192_64_0p5_0p02_0012_0006" 5021
"/Engine/EngineMaterials/Substrate/GLints/dict_16_192_64_0p5_0p02_0012_0005" 5022
"/Engine/EngineMaterials/Substrate/GLints/dict_16_192_64_0p5_0p02_0012_0004" 5023
"../../../Engine/Content/EngineMaterials/Substrate/GLints/dict_16_192_64_0p5_0p02_0014_0004.uasset" 5024
"../../../Engine/Content/EngineMaterials/Substrate/GLints/dict_16_192_64_0p5_0p02_0014_0005.uasset" 5025
"/Engine/EngineMaterials/Substrate/GLints/dict_16_192_64_0p5_0p02_0014_0003" 5026
"../../../Engine/Content/EngineMaterials/Substrate/GLints/dict_16_192_64_0p5_0p02_0014_0006.uasset" 5027
"../../../Engine/Content/EngineMaterials/Substrate/GLints/dict_16_192_64_0p5_0p02_0014_0007.uasset" 5028
"../../../Engine/Content/EngineMaterials/Substrate/GLints/dict_16_192_64_0p5_0p02_0014_0008.uasset" 5029
"../../../Engine/Content/EngineMaterials/Substrate/GLints/dict_16_192_64_0p5_0p02_0014_0009.uasset" 5030
"../../../Engine/Content/EngineMaterials/Substrate/GLints/dict_16_192_64_0p5_0p02_0014_0010.uasset" 5031
"../../../Engine/Content/EngineMaterials/Substrate/GLints/dict_16_192_64_0p5_0p02_0014_0011.uasset" 5032
"/Engine/EngineMaterials/Substrate/GLints/dict_16_192_64_0p5_0p02_0014_0002" 5033
"../../../Engine/Content/EngineMaterials/Substrate/GLints/dict_16_192_64_0p5_0p02_0014_0012.uasset" 5034
"../../../Engine/Content/EngineMaterials/Substrate/GLints/dict_16_192_64_0p5_0p02_0014_0013.uasset" 5035
"/Engine/EngineMaterials/Substrate/GLints/dict_16_192_64_0p5_0p02_0014_0001" 5036
"/Engine/EngineMaterials/Substrate/GLints/dict_16_192_64_0p5_0p02_0014_0000" 5037
"/Engine/EngineMaterials/Substrate/GLints/dict_16_192_64_0p5_0p02_0013_0015" 5038
"/Engine/EngineMaterials/Substrate/GLints/dict_16_192_64_0p5_0p02_0013_0014" 5039
"/Engine/EngineMaterials/Substrate/GLints/dict_16_192_64_0p5_0p02_0013_0013" 5040
"/Engine/EngineMaterials/Substrate/GLints/dict_16_192_64_0p5_0p02_0013_0012" 5041
"/Engine/EngineMaterials/Substrate/GLints/dict_16_192_64_0p5_0p02_0013_0011" 5042
"/Engine/EngineMaterials/Substrate/GLints/dict_16_192_64_0p5_0p02_0013_0010" 5043
"/Engine/EngineMaterials/Substrate/GLints/dict_16_192_64_0p5_0p02_0013_0009" 5044
"/Engine/EngineMaterials/Substrate/GLints/dict_16_192_64_0p5_0p02_0013_0008" 5045
"/Engine/EngineMaterials/Substrate/GLints/dict_16_192_64_0p5_0p02_0013_0007" 5046
"/Engine/EngineMaterials/Substrate/GLints/dict_16_192_64_0p5_0p02_0013_0006" 5047
"/Engine/EngineMaterials/Substrate/GLints/dict_16_192_64_0p5_0p02_0013_0005" 5048
"/Engine/EngineMaterials/Substrate/GLints/dict_16_192_64_0p5_0p02_0013_0004" 5049
"/Engine/EngineMaterials/Substrate/GLints/dict_16_192_64_0p5_0p02_0013_0003" 5050
"/Engine/EngineMaterials/Substrate/GLints/dict_16_192_64_0p5_0p02_0013_0002" 5051
"/Engine/EngineMaterials/Substrate/GLints/dict_16_192_64_0p5_0p02_0013_0001" 5052
"/Engine/EngineMaterials/Substrate/GLints/dict_16_192_64_0p5_0p02_0013_0000" 5053
"/Engine/EngineMaterials/Substrate/GLints/dict_16_192_64_0p5_0p02_0012_0015" 5054
"/Engine/EngineMaterials/Substrate/GLints/dict_16_192_64_0p5_0p02_0012_0014" 5055
"../../../Engine/Content/EngineMaterials/Substrate/GLints/dict_16_192_64_0p5_0p02_0014_0015.uasset" 5056
"/Engine/EngineMaterials/Substrate/GLints/dict_16_192_64_0p5_0p02_0014_0013" 5057
"../../../Engine/Content/EngineMaterials/Substrate/GLints/dict_16_192_64_0p5_0p02_0014_0014.uasset" 5058
"../../../Engine/Content/EngineMaterials/Substrate/GLints/dict_16_192_64_0p5_0p02_0015_0000.uasset" 5059
"../../../Engine/Content/EngineMaterials/Substrate/GLints/dict_16_192_64_0p5_0p02_0015_0001.uasset" 5060
"../../../Engine/Content/EngineMaterials/Substrate/GLints/dict_16_192_64_0p5_0p02_0015_0002.uasset" 5061
"../../../Engine/Content/EngineMaterials/Substrate/GLints/dict_16_192_64_0p5_0p02_0015_0003.uasset" 5062
"../../../Engine/Content/EngineMaterials/Substrate/GLints/dict_16_192_64_0p5_0p02_0015_0004.uasset" 5063
"/Engine/EngineMaterials/Substrate/GLints/dict_16_192_64_0p5_0p02_0014_0012" 5064
"../../../Engine/Content/EngineMaterials/Substrate/GLints/dict_16_192_64_0p5_0p02_0015_0005.uasset" 5065
"../../../Engine/Content/EngineMaterials/Substrate/GLints/dict_16_192_64_0p5_0p02_0015_0006.uasset" 5066
"../../../Engine/Content/EngineMaterials/Substrate/GLints/dict_16_192_64_0p5_0p02_0015_0007.uasset" 5067
"../../../Engine/Content/EngineMaterials/Substrate/GLints/dict_16_192_64_0p5_0p02_0015_0008.uasset" 5068
"../../../Engine/Content/EngineMaterials/Substrate/GLints/dict_16_192_64_0p5_0p02_0015_0009.uasset" 5069
"../../../Engine/Content/EngineMaterials/Substrate/GLints/dict_16_192_64_0p5_0p02_0015_0010.uasset" 5070
"../../../Engine/Content/EngineMaterials/Substrate/GLints/dict_16_192_64_0p5_0p02_0015_0011.uasset" 5071
"/Engine/EngineMaterials/Substrate/GLints/dict_16_192_64_0p5_0p02_0014_0011" 5072
"../../../Engine/Content/EngineMaterials/Substrate/GLints/dict_16_192_64_0p5_0p02_0015_0012.uasset" 5073
"../../../Engine/Content/EngineMaterials/Substrate/GLints/dict_16_192_64_0p5_0p02_0015_0013.uasset" 5074
"../../../Engine/Content/EngineMaterials/Substrate/GLints/dict_16_192_64_0p5_0p02_0015_0014.uasset" 5075
"../../../Engine/Content/EngineMaterials/Substrate/GLints/dict_16_192_64_0p5_0p02_0015_0015.uasset" 5076
"../../../Engine/Content/EngineMaterials/Substrate/GLints/dict_16_192_64_0p5_0p02_0016_0000.uasset" 5077
"../../../Engine/Content/EngineMaterials/Substrate/GLints/dict_16_192_64_0p5_0p02_0016_0001.uasset" 5078
"../../../Engine/Content/EngineMaterials/Substrate/GLints/dict_16_192_64_0p5_0p02_0016_0002.uasset" 5079
"../../../Engine/Content/EngineMaterials/Substrate/GLints/dict_16_192_64_0p5_0p02_0016_0003.uasset" 5080
"/Engine/EngineMaterials/Substrate/GLints/dict_16_192_64_0p5_0p02_0014_0010" 5081
"/Engine/EngineMaterials/Substrate/GLints/dict_16_192_64_0p5_0p02_0014_0009" 5082
"/Engine/EngineMaterials/Substrate/GLints/dict_16_192_64_0p5_0p02_0014_0008" 5083
"/Engine/EngineMaterials/Substrate/GLints/dict_16_192_64_0p5_0p02_0014_0007" 5084
"/Engine/EngineMaterials/Substrate/GLints/dict_16_192_64_0p5_0p02_0014_0006" 5085
"/Engine/EngineMaterials/Substrate/GLints/dict_16_192_64_0p5_0p02_0014_0005" 5086
"/Engine/EngineMaterials/Substrate/GLints/dict_16_192_64_0p5_0p02_0014_0004" 5087
"../../../Engine/Content/EngineMaterials/Substrate/GLints/dict_16_192_64_0p5_0p02_0016_0005.uasset" 5088
"../../../Engine/Content/EngineMaterials/Substrate/GLints/dict_16_192_64_0p5_0p02_0016_0004.uasset" 5089
"/Engine/EngineMaterials/Substrate/GLints/dict_16_192_64_0p5_0p02_0016_0003" 5090
"../../../Engine/Content/EngineMaterials/Substrate/GLints/dict_16_192_64_0p5_0p02_0016_0007.uasset" 5091
"../../../Engine/Content/EngineMaterials/Substrate/GLints/dict_16_192_64_0p5_0p02_0016_0006.uasset" 5092
"../../../Engine/Content/EngineMaterials/Substrate/GLints/dict_16_192_64_0p5_0p02_0016_0008.uasset" 5093
"../../../Engine/Content/EngineMaterials/Substrate/GLints/dict_16_192_64_0p5_0p02_0016_0009.uasset" 5094
"../../../Engine/Content/EngineMaterials/Substrate/GLints/dict_16_192_64_0p5_0p02_0016_0010.uasset" 5095
"../../../Engine/Content/EngineMaterials/Substrate/GLints/dict_16_192_64_0p5_0p02_0016_0012.uasset" 5096
"../../../Engine/Content/EngineMaterials/Substrate/GLints/dict_16_192_64_0p5_0p02_0016_0011.uasset" 5097
"/Engine/EngineMaterials/Substrate/GLints/dict_16_192_64_0p5_0p02_0016_0002" 5098
"../../../Engine/Content/EngineMaterials/Substrate/GLints/dict_16_192_64_0p5_0p02_0016_0013.uasset" 5099
"/Engine/EngineMaterials/Substrate/GLints/dict_16_192_64_0p5_0p02_0016_0001" 5100
"/Engine/EngineMaterials/Substrate/GLints/dict_16_192_64_0p5_0p02_0016_0000" 5101
"/Engine/EngineMaterials/Substrate/GLints/dict_16_192_64_0p5_0p02_0015_0015" 5102
"/Engine/EngineMaterials/Substrate/GLints/dict_16_192_64_0p5_0p02_0015_0014" 5103
"/Engine/EngineMaterials/Substrate/GLints/dict_16_192_64_0p5_0p02_0015_0013" 5104
"/Engine/EngineMaterials/Substrate/GLints/dict_16_192_64_0p5_0p02_0015_0012" 5105
"/Engine/EngineMaterials/Substrate/GLints/dict_16_192_64_0p5_0p02_0015_0011" 5106
"/Engine/EngineMaterials/Substrate/GLints/dict_16_192_64_0p5_0p02_0015_0010" 5107
"/Engine/EngineMaterials/Substrate/GLints/dict_16_192_64_0p5_0p02_0015_0009" 5108
"/Engine/EngineMaterials/Substrate/GLints/dict_16_192_64_0p5_0p02_0015_0008" 5109
"/Engine/EngineMaterials/Substrate/GLints/dict_16_192_64_0p5_0p02_0015_0007" 5110
"/Engine/EngineMaterials/Substrate/GLints/dict_16_192_64_0p5_0p02_0015_0006" 5111
"/Engine/EngineMaterials/Substrate/GLints/dict_16_192_64_0p5_0p02_0015_0005" 5112
"/Engine/EngineMaterials/Substrate/GLints/dict_16_192_64_0p5_0p02_0015_0004" 5113
"/Engine/EngineMaterials/Substrate/GLints/dict_16_192_64_0p5_0p02_0015_0003" 5114
"/Engine/EngineMaterials/Substrate/GLints/dict_16_192_64_0p5_0p02_0015_0002" 5115
"/Engine/EngineMaterials/Substrate/GLints/dict_16_192_64_0p5_0p02_0015_0001" 5116
"/Engine/EngineMaterials/Substrate/GLints/dict_16_192_64_0p5_0p02_0015_0000" 5117
"/Engine/EngineMaterials/Substrate/GLints/dict_16_192_64_0p5_0p02_0014_0015" 5118
"/Engine/EngineMaterials/Substrate/GLints/dict_16_192_64_0p5_0p02_0014_0014" 5119
"../../../Engine/Content/EngineMaterials/Substrate/GLints/dict_16_192_64_0p5_0p02_0016_0014.uasset" 5120
"/Engine/EngineMaterials/Substrate/GLints/dict_16_192_64_0p5_0p02_0016_0013" 5121
"../../../Engine/Content/EngineMaterials/Substrate/GLints/dict_16_192_64_0p5_0p02_0016_0015.uasset" 5122
"../../../Engine/Content/EngineMaterials/Substrate/GLints/dict_16_192_64_0p5_0p02_0017_0000.uasset" 5123
"../../../Engine/Content/EngineMaterials/Substrate/GLints/dict_16_192_64_0p5_0p02_0017_0001.uasset" 5124
"../../../Engine/Content/EngineMaterials/Substrate/GLints/dict_16_192_64_0p5_0p02_0017_0002.uasset" 5125
"/Engine/EngineMaterials/Substrate/GLints/dict_16_192_64_0p5_0p02_0016_0012" 5126
"../../../Engine/Content/EngineMaterials/Substrate/GLints/dict_16_192_64_0p5_0p02_0017_0003.uasset" 5127
"../../../Engine/Content/EngineMaterials/Substrate/GLints/dict_16_192_64_0p5_0p02_0017_0004.uasset" 5128
"../../../Engine/Content/EngineMaterials/Substrate/GLints/dict_16_192_64_0p5_0p02_0017_0005.uasset" 5129
"../../../Engine/Content/EngineMaterials/Substrate/GLints/dict_16_192_64_0p5_0p02_0017_0006.uasset" 5130
"/Engine/EngineMaterials/Substrate/GLints/dict_16_192_64_0p5_0p02_0016_0011" 5131
"../../../Engine/Content/EngineMaterials/Substrate/GLints/dict_16_192_64_0p5_0p02_0017_0007.uasset" 5132
"../../../Engine/Content/EngineMaterials/Substrate/GLints/dict_16_192_64_0p5_0p02_0017_0008.uasset" 5133
"../../../Engine/Content/EngineMaterials/Substrate/GLints/dict_16_192_64_0p5_0p02_0017_0009.uasset" 5134
"/Engine/EngineMaterials/Substrate/GLints/dict_16_192_64_0p5_0p02_0016_0010" 5135
"../../../Engine/Content/EngineMaterials/Substrate/GLints/dict_16_192_64_0p5_0p02_0017_0010.uasset" 5136
"../../../Engine/Content/EngineMaterials/Substrate/GLints/dict_16_192_64_0p5_0p02_0017_0011.uasset" 5137
"../../../Engine/Content/EngineMaterials/Substrate/GLints/dict_16_192_64_0p5_0p02_0017_0012.uasset" 5138
"../../../Engine/Content/EngineMaterials/Substrate/GLints/dict_16_192_64_0p5_0p02_0017_0014.uasset" 5139
"/Engine/EngineMaterials/Substrate/GLints/dict_16_192_64_0p5_0p02_0016_0009" 5140
"../../../Engine/Content/EngineMaterials/Substrate/GLints/dict_16_192_64_0p5_0p02_0017_0013.uasset" 5141
"../../../Engine/Content/EngineMaterials/Substrate/GLints/dict_16_192_64_0p5_0p02_0017_0015.uasset" 5142
"../../../Engine/Content/EngineMaterials/Substrate/GLints/dict_16_192_64_0p5_0p02_0018_0001.uasset" 5143
"../../../Engine/Content/EngineMaterials/Substrate/GLints/dict_16_192_64_0p5_0p02_0018_0002.uasset" 5144
"/Engine/EngineMaterials/Substrate/GLints/dict_16_192_64_0p5_0p02_0016_0008" 5145
"../../../Engine/Content/EngineMaterials/Substrate/GLints/dict_16_192_64_0p5_0p02_0018_0003.uasset" 5146
"/Engine/EngineMaterials/Substrate/GLints/dict_16_192_64_0p5_0p02_0016_0007" 5147
"../../../Engine/Content/EngineMaterials/Substrate/GLints/dict_16_192_64_0p5_0p02_0018_0000.uasset" 5148
"/Engine/EngineMaterials/Substrate/GLints/dict_16_192_64_0p5_0p02_0016_0006" 5149
"/Engine/EngineMaterials/Substrate/GLints/dict_16_192_64_0p5_0p02_0016_0005" 5150
"/Engine/EngineMaterials/Substrate/GLints/dict_16_192_64_0p5_0p02_0016_0004" 5151
"../../../Engine/Content/EngineMaterials/Substrate/GLints/dict_16_192_64_0p5_0p02_0018_0004.uasset" 5152
"../../../Engine/Content/EngineMaterials/Substrate/GLints/dict_16_192_64_0p5_0p02_0018_0005.uasset" 5153
"../../../Engine/Content/EngineMaterials/Substrate/GLints/dict_16_192_64_0p5_0p02_0018_0006.uasset" 5154
"../../../Engine/Content/EngineMaterials/Substrate/GLints/dict_16_192_64_0p5_0p02_0018_0007.uasset" 5155
"../../../Engine/Content/EngineMaterials/Substrate/GLints/dict_16_192_64_0p5_0p02_0018_0008.uasset" 5156
"/Engine/EngineMaterials/Substrate/GLints/dict_16_192_64_0p5_0p02_0018_0003" 5157
"../../../Engine/Content/EngineMaterials/Substrate/GLints/dict_16_192_64_0p5_0p02_0018_0009.uasset" 5158
"../../../Engine/Content/EngineMaterials/Substrate/GLints/dict_16_192_64_0p5_0p02_0018_0010.uasset" 5159
"../../../Engine/Content/EngineMaterials/Substrate/GLints/dict_16_192_64_0p5_0p02_0018_0011.uasset" 5160
"../../../Engine/Content/EngineMaterials/Substrate/GLints/dict_16_192_64_0p5_0p02_0018_0012.uasset" 5161
"../../../Engine/Content/EngineMaterials/Substrate/GLints/dict_16_192_64_0p5_0p02_0018_0013.uasset" 5162
"/Engine/EngineMaterials/Substrate/GLints/dict_16_192_64_0p5_0p02_0018_0002" 5163
"/Engine/EngineMaterials/Substrate/GLints/dict_16_192_64_0p5_0p02_0018_0001" 5164
"/Engine/EngineMaterials/Substrate/GLints/dict_16_192_64_0p5_0p02_0018_0000" 5165
"/Engine/EngineMaterials/Substrate/GLints/dict_16_192_64_0p5_0p02_0017_0015" 5166
"/Engine/EngineMaterials/Substrate/GLints/dict_16_192_64_0p5_0p02_0017_0014" 5167
"/Engine/EngineMaterials/Substrate/GLints/dict_16_192_64_0p5_0p02_0017_0013" 5168
"/Engine/EngineMaterials/Substrate/GLints/dict_16_192_64_0p5_0p02_0017_0012" 5169
"/Engine/EngineMaterials/Substrate/GLints/dict_16_192_64_0p5_0p02_0017_0011" 5170
"/Engine/EngineMaterials/Substrate/GLints/dict_16_192_64_0p5_0p02_0017_0010" 5171
"/Engine/EngineMaterials/Substrate/GLints/dict_16_192_64_0p5_0p02_0017_0009" 5172
"/Engine/EngineMaterials/Substrate/GLints/dict_16_192_64_0p5_0p02_0017_0008" 5173
"/Engine/EngineMaterials/Substrate/GLints/dict_16_192_64_0p5_0p02_0017_0007" 5174
"/Engine/EngineMaterials/Substrate/GLints/dict_16_192_64_0p5_0p02_0017_0006" 5175
"/Engine/EngineMaterials/Substrate/GLints/dict_16_192_64_0p5_0p02_0017_0005" 5176
"/Engine/EngineMaterials/Substrate/GLints/dict_16_192_64_0p5_0p02_0017_0004" 5177
"/Engine/EngineMaterials/Substrate/GLints/dict_16_192_64_0p5_0p02_0017_0003" 5178
"/Engine/EngineMaterials/Substrate/GLints/dict_16_192_64_0p5_0p02_0018_0005" 5179
"/Engine/EngineMaterials/Substrate/GLints/dict_16_192_64_0p5_0p02_0018_0004" 5180
"/Engine/EngineMaterials/Substrate/GLints/dict_16_192_64_0p5_0p02_0017_0002" 5181
"/Engine/EngineMaterials/Substrate/GLints/dict_16_192_64_0p5_0p02_0017_0001" 5182
"/Engine/EngineMaterials/Substrate/GLints/dict_16_192_64_0p5_0p02_0017_0000" 5183
"/Engine/EngineMaterials/Substrate/GLints/dict_16_192_64_0p5_0p02_0016_0015" 5184
"/Engine/EngineMaterials/Substrate/GLints/dict_16_192_64_0p5_0p02_0016_0014" 5185
"../../../Engine/Content/EngineMaterials/Substrate/GLints/dict_16_192_64_0p5_0p02_0018_0014.uasset" 5186
"../../../Engine/Content/EngineMaterials/Substrate/GLints/dict_16_192_64_0p5_0p02_0018_0015.uasset" 5187
"/Engine/EngineMaterials/Substrate/GLints/dict_16_192_64_0p5_0p02_0018_0013" 5188
"../../../Engine/Content/EngineMaterials/Substrate/GLints/dict_16_192_64_0p5_0p02_0019_0000.uasset" 5189
"../../../Engine/Content/EngineMaterials/Substrate/GLints/dict_16_192_64_0p5_0p02_0019_0001.uasset" 5190
"../../../Engine/Content/EngineMaterials/Substrate/GLints/dict_16_192_64_0p5_0p02_0019_0002.uasset" 5191
"../../../Engine/Content/EngineMaterials/Substrate/GLints/dict_16_192_64_0p5_0p02_0019_0003.uasset" 5192
"../../../Engine/Content/EngineMaterials/Substrate/GLints/dict_16_192_64_0p5_0p02_0019_0004.uasset" 5193
"../../../Engine/Content/EngineMaterials/Substrate/GLints/dict_16_192_64_0p5_0p02_0019_0005.uasset" 5194
"../../../Engine/Content/EngineMaterials/Substrate/GLints/dict_16_192_64_0p5_0p02_0019_0006.uasset" 5195
"/Engine/EngineMaterials/Substrate/GLints/dict_16_192_64_0p5_0p02_0018_0012" 5196
"../../../Engine/Content/EngineMaterials/Substrate/GLints/dict_16_192_64_0p5_0p02_0019_0007.uasset" 5197
"../../../Engine/Content/EngineMaterials/Substrate/GLints/dict_16_192_64_0p5_0p02_0019_0008.uasset" 5198
"../../../Engine/Content/EngineMaterials/Substrate/GLints/dict_16_192_64_0p5_0p02_0019_0009.uasset" 5199
"../../../Engine/Content/EngineMaterials/Substrate/GLints/dict_16_192_64_0p5_0p02_0019_0010.uasset" 5200
"../../../Engine/Content/EngineMaterials/Substrate/GLints/dict_16_192_64_0p5_0p02_0019_0011.uasset" 5201
"../../../Engine/Content/EngineMaterials/Substrate/GLints/dict_16_192_64_0p5_0p02_0019_0012.uasset" 5202
"../../../Engine/Content/EngineMaterials/Substrate/GLints/dict_16_192_64_0p5_0p02_0019_0013.uasset" 5203
"/Engine/EngineMaterials/Substrate/GLints/dict_16_192_64_0p5_0p02_0018_0011" 5204
"../../../Engine/Content/EngineMaterials/Substrate/GLints/dict_16_192_64_0p5_0p02_0019_0014.uasset" 5205
"../../../Engine/Content/EngineMaterials/Substrate/GLints/dict_16_192_64_0p5_0p02_0019_0015.uasset" 5206
"../../../Engine/Content/EngineMaterials/Substrate/GLints/dict_16_192_64_0p5_0p02_0020_0001.uasset" 5207
"../../../Engine/Content/EngineMaterials/Substrate/GLints/dict_16_192_64_0p5_0p02_0020_0000.uasset" 5208
"/Engine/EngineMaterials/Substrate/GLints/dict_16_192_64_0p5_0p02_0018_0010" 5209
"../../../Engine/Content/EngineMaterials/Substrate/GLints/dict_16_192_64_0p5_0p02_0020_0002.uasset" 5210
"../../../Engine/Content/EngineMaterials/Substrate/GLints/dict_16_192_64_0p5_0p02_0020_0003.uasset" 5211
"../../../Engine/Content/EngineMaterials/Substrate/GLints/dict_16_192_64_0p5_0p02_0020_0004.uasset" 5212
"../../../Engine/Content/EngineMaterials/Substrate/GLints/dict_16_192_64_0p5_0p02_0020_0005.uasset" 5213
"/Engine/EngineMaterials/Substrate/GLints/dict_16_192_64_0p5_0p02_0018_0009" 5214
"/Engine/EngineMaterials/Substrate/GLints/dict_16_192_64_0p5_0p02_0018_0008" 5215
"/Engine/EngineMaterials/Substrate/GLints/dict_16_192_64_0p5_0p02_0018_0007" 5216
"/Engine/EngineMaterials/Substrate/GLints/dict_16_192_64_0p5_0p02_0018_0006" 5217
"../../../Engine/Content/EngineMaterials/Substrate/GLints/dict_16_192_64_0p5_0p02_0020_0006.uasset" 5218
"../../../Engine/Content/EngineMaterials/Substrate/GLints/dict_16_192_64_0p5_0p02_0020_0007.uasset" 5219
"../../../Engine/Content/EngineMaterials/Substrate/GLints/dict_16_192_64_0p5_0p02_0020_0008.uasset" 5220
"/Engine/EngineMaterials/Substrate/GLints/dict_16_192_64_0p5_0p02_0020_0005" 5221
"../../../Engine/Content/EngineMaterials/Substrate/GLints/dict_16_192_64_0p5_0p02_0020_0009.uasset" 5222
"../../../Engine/Content/EngineMaterials/Substrate/GLints/dict_16_192_64_0p5_0p02_0020_0011.uasset" 5223
"../../../Engine/Content/EngineMaterials/Substrate/GLints/dict_16_192_64_0p5_0p02_0020_0010.uasset" 5224
"../../../Engine/Content/EngineMaterials/Substrate/GLints/dict_16_192_64_0p5_0p02_0020_0012.uasset" 5225
"../../../Engine/Content/EngineMaterials/Substrate/GLints/dict_16_192_64_0p5_0p02_0020_0013.uasset" 5226
"/Engine/EngineMaterials/Substrate/GLints/dict_16_192_64_0p5_0p02_0020_0004" 5227
"/Engine/EngineMaterials/Substrate/GLints/dict_16_192_64_0p5_0p02_0020_0003" 5228
"/Engine/EngineMaterials/Substrate/GLints/dict_16_192_64_0p5_0p02_0020_0002" 5229
"/Engine/EngineMaterials/Substrate/GLints/dict_16_192_64_0p5_0p02_0020_0001" 5230
"/Engine/EngineMaterials/Substrate/GLints/dict_16_192_64_0p5_0p02_0020_0000" 5231
"/Engine/EngineMaterials/Substrate/GLints/dict_16_192_64_0p5_0p02_0019_0015" 5232
"/Engine/EngineMaterials/Substrate/GLints/dict_16_192_64_0p5_0p02_0019_0014" 5233
"/Engine/EngineMaterials/Substrate/GLints/dict_16_192_64_0p5_0p02_0019_0013" 5234
"/Engine/EngineMaterials/Substrate/GLints/dict_16_192_64_0p5_0p02_0019_0012" 5235
"/Engine/EngineMaterials/Substrate/GLints/dict_16_192_64_0p5_0p02_0019_0011" 5236
"/Engine/EngineMaterials/Substrate/GLints/dict_16_192_64_0p5_0p02_0019_0010" 5237
"/Engine/EngineMaterials/Substrate/GLints/dict_16_192_64_0p5_0p02_0019_0009" 5238
"/Engine/EngineMaterials/Substrate/GLints/dict_16_192_64_0p5_0p02_0019_0008" 5239
"/Engine/EngineMaterials/Substrate/GLints/dict_16_192_64_0p5_0p02_0019_0007" 5240
"/Engine/EngineMaterials/Substrate/GLints/dict_16_192_64_0p5_0p02_0019_0006" 5241
"/Engine/EngineMaterials/Substrate/GLints/dict_16_192_64_0p5_0p02_0019_0005" 5242
"/Engine/EngineMaterials/Substrate/GLints/dict_16_192_64_0p5_0p02_0019_0004" 5243
"/Engine/EngineMaterials/Substrate/GLints/dict_16_192_64_0p5_0p02_0019_0003" 5244
"/Engine/EngineMaterials/Substrate/GLints/dict_16_192_64_0p5_0p02_0019_0002" 5245
"/Engine/EngineMaterials/Substrate/GLints/dict_16_192_64_0p5_0p02_0019_0001" 5246
"/Engine/EngineMaterials/Substrate/GLints/dict_16_192_64_0p5_0p02_0019_0000" 5247
"/Engine/EngineMaterials/Substrate/GLints/dict_16_192_64_0p5_0p02_0018_0015" 5248
"/Engine/EngineMaterials/Substrate/GLints/dict_16_192_64_0p5_0p02_0018_0014" 5249
"../../../Engine/Content/EngineMaterials/Substrate/GLints/dict_16_192_64_0p5_0p02_0020_0014.uasset" 5250
"../../../Engine/Content/EngineMaterials/Substrate/GLints/dict_16_192_64_0p5_0p02_0020_0015.uasset" 5251
"/Engine/EngineMaterials/Substrate/GLints/dict_16_192_64_0p5_0p02_0020_0013" 5252
"../../../Engine/Content/EngineMaterials/Substrate/GLints/dict_16_192_64_0p5_0p02_0021_0000.uasset" 5253
"../../../Engine/Content/EngineMaterials/Substrate/GLints/dict_16_192_64_0p5_0p02_0021_0001.uasset" 5254
"../../../Engine/Content/EngineMaterials/Substrate/GLints/dict_16_192_64_0p5_0p02_0021_0003.uasset" 5255
"../../../Engine/Content/EngineMaterials/Substrate/GLints/dict_16_192_64_0p5_0p02_0021_0002.uasset" 5256
"../../../Engine/Content/EngineMaterials/Substrate/GLints/dict_16_192_64_0p5_0p02_0021_0004.uasset" 5257
"../../../Engine/Content/EngineMaterials/Substrate/GLints/dict_16_192_64_0p5_0p02_0021_0005.uasset" 5258
"../../../Engine/Content/EngineMaterials/Substrate/GLints/dict_16_192_64_0p5_0p02_0021_0006.uasset" 5259
"../../../Engine/Content/EngineMaterials/Substrate/GLints/dict_16_192_64_0p5_0p02_0021_0008.uasset" 5260
"../../../Engine/Content/EngineMaterials/Substrate/GLints/dict_16_192_64_0p5_0p02_0021_0007.uasset" 5261
"../../../Engine/Content/EngineMaterials/Substrate/GLints/dict_16_192_64_0p5_0p02_0021_0009.uasset" 5262
"../../../Engine/Content/EngineMaterials/Substrate/GLints/dict_16_192_64_0p5_0p02_0021_0010.uasset" 5263
"../../../Engine/Content/EngineMaterials/Substrate/GLints/dict_16_192_64_0p5_0p02_0021_0011.uasset" 5264
"/Engine/EngineMaterials/Substrate/GLints/dict_16_192_64_0p5_0p02_0020_0012" 5265
"../../../Engine/Content/EngineMaterials/Substrate/GLints/dict_16_192_64_0p5_0p02_0021_0012.uasset" 5266
"../../../Engine/Content/EngineMaterials/Substrate/GLints/dict_16_192_64_0p5_0p02_0021_0013.uasset" 5267
"../../../Engine/Content/EngineMaterials/Substrate/GLints/dict_16_192_64_0p5_0p02_0021_0014.uasset" 5268
"../../../Engine/Content/EngineMaterials/Substrate/GLints/dict_16_192_64_0p5_0p02_0021_0015.uasset" 5269
"../../../Engine/Content/EngineMaterials/Substrate/GLints/dict_16_192_64_0p5_0p02_0022_0000.uasset" 5270
"../../../Engine/Content/EngineMaterials/Substrate/GLints/dict_16_192_64_0p5_0p02_0022_0001.uasset" 5271
"../../../Engine/Content/EngineMaterials/Substrate/GLints/dict_16_192_64_0p5_0p02_0022_0002.uasset" 5272
"../../../Engine/Content/EngineMaterials/Substrate/GLints/dict_16_192_64_0p5_0p02_0022_0003.uasset" 5273
"../../../Engine/Content/EngineMaterials/Substrate/GLints/dict_16_192_64_0p5_0p02_0022_0004.uasset" 5274
"../../../Engine/Content/EngineMaterials/Substrate/GLints/dict_16_192_64_0p5_0p02_0022_0005.uasset" 5275
"/Engine/EngineMaterials/Substrate/GLints/dict_16_192_64_0p5_0p02_0020_0011" 5276
"/Engine/EngineMaterials/Substrate/GLints/dict_16_192_64_0p5_0p02_0020_0010" 5277
"/Engine/EngineMaterials/Substrate/GLints/dict_16_192_64_0p5_0p02_0020_0009" 5278
"/Engine/EngineMaterials/Substrate/GLints/dict_16_192_64_0p5_0p02_0020_0008" 5279
"/Engine/EngineMaterials/Substrate/GLints/dict_16_192_64_0p5_0p02_0020_0007" 5280
"/Engine/EngineMaterials/Substrate/GLints/dict_16_192_64_0p5_0p02_0020_0006" 5281
"/Engine/EngineMaterials/Substrate/GLints/dict_16_192_64_0p5_0p02_0020_0014" 5282
"../../../Engine/Content/EngineMaterials/Substrate/GLints/dict_16_192_64_0p5_0p02_0022_0007.uasset" 5283
"../../../Engine/Content/EngineMaterials/Substrate/GLints/dict_16_192_64_0p5_0p02_0022_0006.uasset" 5284
"/Engine/EngineMaterials/Substrate/GLints/dict_16_192_64_0p5_0p02_0022_0005" 5285
"../../../Engine/Content/EngineMaterials/Substrate/GLints/dict_16_192_64_0p5_0p02_0022_0008.uasset" 5286
"../../../Engine/Content/EngineMaterials/Substrate/GLints/dict_16_192_64_0p5_0p02_0022_0009.uasset" 5287
"../../../Engine/Content/EngineMaterials/Substrate/GLints/dict_16_192_64_0p5_0p02_0022_0010.uasset" 5288
"../../../Engine/Content/EngineMaterials/Substrate/GLints/dict_16_192_64_0p5_0p02_0022_0011.uasset" 5289
"../../../Engine/Content/EngineMaterials/Substrate/GLints/dict_16_192_64_0p5_0p02_0022_0012.uasset" 5290
"../../../Engine/Content/EngineMaterials/Substrate/GLints/dict_16_192_64_0p5_0p02_0022_0013.uasset" 5291
"../../../Engine/Content/EngineMaterials/Substrate/GLints/dict_16_192_64_0p5_0p02_0022_0014.uasset" 5292
"/Engine/EngineMaterials/Substrate/GLints/dict_16_192_64_0p5_0p02_0022_0004" 5293
"/Engine/EngineMaterials/Substrate/GLints/dict_16_192_64_0p5_0p02_0022_0003" 5294
"/Engine/EngineMaterials/Substrate/GLints/dict_16_192_64_0p5_0p02_0022_0002" 5295
"/Engine/EngineMaterials/Substrate/GLints/dict_16_192_64_0p5_0p02_0022_0001" 5296
"/Engine/EngineMaterials/Substrate/GLints/dict_16_192_64_0p5_0p02_0022_0000" 5297
"/Engine/EngineMaterials/Substrate/GLints/dict_16_192_64_0p5_0p02_0021_0015" 5298
"/Engine/EngineMaterials/Substrate/GLints/dict_16_192_64_0p5_0p02_0021_0014" 5299
"/Engine/EngineMaterials/Substrate/GLints/dict_16_192_64_0p5_0p02_0021_0013" 5300
"/Engine/EngineMaterials/Substrate/GLints/dict_16_192_64_0p5_0p02_0021_0012" 5301
"/Engine/EngineMaterials/Substrate/GLints/dict_16_192_64_0p5_0p02_0021_0011" 5302
"/Engine/EngineMaterials/Substrate/GLints/dict_16_192_64_0p5_0p02_0021_0010" 5303
"/Engine/EngineMaterials/Substrate/GLints/dict_16_192_64_0p5_0p02_0021_0009" 5304
"/Engine/EngineMaterials/Substrate/GLints/dict_16_192_64_0p5_0p02_0021_0008" 5305
"/Engine/EngineMaterials/Substrate/GLints/dict_16_192_64_0p5_0p02_0021_0007" 5306
"/Engine/EngineMaterials/Substrate/GLints/dict_16_192_64_0p5_0p02_0021_0006" 5307
"/Engine/EngineMaterials/Substrate/GLints/dict_16_192_64_0p5_0p02_0021_0005" 5308
"/Engine/EngineMaterials/Substrate/GLints/dict_16_192_64_0p5_0p02_0021_0004" 5309
"/Engine/EngineMaterials/Substrate/GLints/dict_16_192_64_0p5_0p02_0021_0003" 5310
"/Engine/EngineMaterials/Substrate/GLints/dict_16_192_64_0p5_0p02_0021_0002" 5311
"/Engine/EngineMaterials/Substrate/GLints/dict_16_192_64_0p5_0p02_0021_0001" 5312
"/Engine/EngineMaterials/Substrate/GLints/dict_16_192_64_0p5_0p02_0021_0000" 5313
"/Engine/EngineMaterials/Substrate/GLints/dict_16_192_64_0p5_0p02_0020_0015" 5314
"../../../Engine/Content/EngineMaterials/Substrate/GLints/dict_16_192_64_0p5_0p02_0023_0000.uasset" 5315
"../../../Engine/Content/EngineMaterials/Substrate/GLints/dict_16_192_64_0p5_0p02_0022_0015.uasset" 5316
"/Engine/EngineMaterials/Substrate/GLints/dict_16_192_64_0p5_0p02_0022_0014" 5317
"../../../Engine/Content/EngineMaterials/Substrate/GLints/dict_16_192_64_0p5_0p02_0023_0001.uasset" 5318
"../../../Engine/Content/EngineMaterials/Substrate/GLints/dict_16_192_64_0p5_0p02_0023_0002.uasset" 5319
"../../../Engine/Content/EngineMaterials/Substrate/GLints/dict_16_192_64_0p5_0p02_0023_0003.uasset" 5320
"../../../Engine/Content/EngineMaterials/Substrate/GLints/dict_16_192_64_0p5_0p02_0023_0004.uasset" 5321
"../../../Engine/Content/EngineMaterials/Substrate/GLints/dict_16_192_64_0p5_0p02_0023_0005.uasset" 5322
"../../../Engine/Content/EngineMaterials/Substrate/GLints/dict_16_192_64_0p5_0p02_0023_0006.uasset" 5323
"/Engine/EngineMaterials/Substrate/GLints/dict_16_192_64_0p5_0p02_0022_0013" 5324
"../../../Engine/Content/EngineMaterials/Substrate/GLints/dict_16_192_64_0p5_0p02_0023_0007.uasset" 5325
"../../../Engine/Content/EngineMaterials/Substrate/GLints/dict_16_192_64_0p5_0p02_0023_0008.uasset" 5326
"../../../Engine/Content/EngineMaterials/Substrate/GLints/dict_16_192_64_0p5_0p02_0023_0009.uasset" 5327
"../../../Engine/Content/EngineMaterials/Substrate/GLints/dict_16_192_64_0p5_0p02_0023_0010.uasset" 5328
"../../../Engine/Content/EngineMaterials/Substrate/GLints/dict_16_192_64_0p5_0p02_0023_0011.uasset" 5329
"../../../Engine/Content/EngineMaterials/Substrate/GLints/dict_16_192_64_0p5_0p02_0023_0012.uasset" 5330
"/Engine/EngineMaterials/Substrate/GLints/dict_16_192_64_0p5_0p02_0022_0012" 5331
"../../../Engine/Content/EngineMaterials/Substrate/GLints/dict_16_192_64_0p5_0p02_0023_0014.uasset" 5332
"../../../Engine/Content/EngineMaterials/Substrate/GLints/dict_16_192_64_0p5_0p02_0023_0013.uasset" 5333
"../../../Engine/Content/EngineMaterials/Substrate/GLints/dict_16_192_64_0p5_0p02_0023_0015.uasset" 5334
"../../../Engine/Content/EngineMaterials/Substrate/GLints/dict_16_192_64_0p5_0p02_0024_0000.uasset" 5335
"../../../Engine/Content/EngineMaterials/Substrate/GLints/dict_16_192_64_0p5_0p02_0024_0001.uasset" 5336
"../../../Engine/Content/EngineMaterials/Substrate/GLints/dict_16_192_64_0p5_0p02_0024_0003.uasset" 5337
"/Engine/EngineMaterials/Substrate/GLints/dict_16_192_64_0p5_0p02_0022_0011" 5338
"../../../Engine/Content/EngineMaterials/Substrate/GLints/dict_16_192_64_0p5_0p02_0024_0002.uasset" 5339
"../../../Engine/Content/EngineMaterials/Substrate/GLints/dict_16_192_64_0p5_0p02_0024_0004.uasset" 5340
"../../../Engine/Content/EngineMaterials/Substrate/GLints/dict_16_192_64_0p5_0p02_0024_0005.uasset" 5341
"/Engine/EngineMaterials/Substrate/GLints/dict_16_192_64_0p5_0p02_0022_0010" 5342
"/Engine/EngineMaterials/Substrate/GLints/dict_16_192_64_0p5_0p02_0022_0009" 5343
"/Engine/EngineMaterials/Substrate/GLints/dict_16_192_64_0p5_0p02_0022_0008" 5344
"/Engine/EngineMaterials/Substrate/GLints/dict_16_192_64_0p5_0p02_0022_0007" 5345
"/Engine/EngineMaterials/Substrate/GLints/dict_16_192_64_0p5_0p02_0022_0006" 5346
"../../../Engine/Content/EngineMaterials/Substrate/GLints/dict_16_192_64_0p5_0p02_0024_0006.uasset" 5347
"../../../Engine/Content/EngineMaterials/Substrate/GLints/dict_16_192_64_0p5_0p02_0024_0007.uasset" 5348
"/Engine/EngineMaterials/Substrate/GLints/dict_16_192_64_0p5_0p02_0024_0005" 5349
"../../../Engine/Content/EngineMaterials/Substrate/GLints/dict_16_192_64_0p5_0p02_0024_0008.uasset" 5350
"../../../Engine/Content/EngineMaterials/Substrate/GLints/dict_16_192_64_0p5_0p02_0024_0009.uasset" 5351
"../../../Engine/Content/EngineMaterials/Substrate/GLints/dict_16_192_64_0p5_0p02_0024_0010.uasset" 5352
"../../../Engine/Content/EngineMaterials/Substrate/GLints/dict_16_192_64_0p5_0p02_0024_0011.uasset" 5353
"../../../Engine/Content/EngineMaterials/Substrate/GLints/dict_16_192_64_0p5_0p02_0024_0012.uasset" 5354
"../../../Engine/Content/EngineMaterials/Substrate/GLints/dict_16_192_64_0p5_0p02_0024_0013.uasset" 5355
"../../../Engine/Content/EngineMaterials/Substrate/GLints/dict_16_192_64_0p5_0p02_0024_0014.uasset" 5356
"/Engine/EngineMaterials/Substrate/GLints/dict_16_192_64_0p5_0p02_0024_0004" 5357
"/Engine/EngineMaterials/Substrate/GLints/dict_16_192_64_0p5_0p02_0024_0003" 5358
"/Engine/EngineMaterials/Substrate/GLints/dict_16_192_64_0p5_0p02_0024_0002" 5359
"/Engine/EngineMaterials/Substrate/GLints/dict_16_192_64_0p5_0p02_0024_0001" 5360
"/Engine/EngineMaterials/Substrate/GLints/dict_16_192_64_0p5_0p02_0024_0000" 5361
"/Engine/EngineMaterials/Substrate/GLints/dict_16_192_64_0p5_0p02_0023_0015" 5362
"/Engine/EngineMaterials/Substrate/GLints/dict_16_192_64_0p5_0p02_0023_0014" 5363
"/Engine/EngineMaterials/Substrate/GLints/dict_16_192_64_0p5_0p02_0023_0013" 5364
"/Engine/EngineMaterials/Substrate/GLints/dict_16_192_64_0p5_0p02_0023_0012" 5365
"/Engine/EngineMaterials/Substrate/GLints/dict_16_192_64_0p5_0p02_0023_0011" 5366
"/Engine/EngineMaterials/Substrate/GLints/dict_16_192_64_0p5_0p02_0023_0010" 5367
"/Engine/EngineMaterials/Substrate/GLints/dict_16_192_64_0p5_0p02_0023_0009" 5368
"/Engine/EngineMaterials/Substrate/GLints/dict_16_192_64_0p5_0p02_0023_0008" 5369
"/Engine/EngineMaterials/Substrate/GLints/dict_16_192_64_0p5_0p02_0023_0007" 5370
"/Engine/EngineMaterials/Substrate/GLints/dict_16_192_64_0p5_0p02_0023_0006" 5371
"/Engine/EngineMaterials/Substrate/GLints/dict_16_192_64_0p5_0p02_0023_0005" 5372
"/Engine/EngineMaterials/Substrate/GLints/dict_16_192_64_0p5_0p02_0023_0004" 5373
"/Engine/EngineMaterials/Substrate/GLints/dict_16_192_64_0p5_0p02_0023_0003" 5374
"/Engine/EngineMaterials/Substrate/GLints/dict_16_192_64_0p5_0p02_0023_0002" 5375
"/Engine/EngineMaterials/Substrate/GLints/dict_16_192_64_0p5_0p02_0023_0001" 5376
"/Engine/EngineMaterials/Substrate/GLints/dict_16_192_64_0p5_0p02_0023_0000" 5377
"/Engine/EngineMaterials/Substrate/GLints/dict_16_192_64_0p5_0p02_0022_0015" 5378
"../../../Engine/Content/EngineMaterials/Substrate/GLints/dict_16_192_64_0p5_0p02_0025_0000.uasset" 5379
"../../../Engine/Content/EngineMaterials/Substrate/GLints/dict_16_192_64_0p5_0p02_0024_0015.uasset" 5380
"/Engine/EngineMaterials/Substrate/GLints/dict_16_192_64_0p5_0p02_0024_0014" 5381
"../../../Engine/Content/EngineMaterials/Substrate/GLints/dict_16_192_64_0p5_0p02_0025_0001.uasset" 5382
"../../../Engine/Content/EngineMaterials/Substrate/GLints/dict_16_192_64_0p5_0p02_0025_0002.uasset" 5383
"../../../Engine/Content/EngineMaterials/Substrate/GLints/dict_16_192_64_0p5_0p02_0025_0003.uasset" 5384
"../../../Engine/Content/EngineMaterials/Substrate/GLints/dict_16_192_64_0p5_0p02_0025_0004.uasset" 5385
"/Engine/EngineMaterials/Substrate/GLints/dict_16_192_64_0p5_0p02_0024_0013" 5386
"../../../Engine/Content/EngineMaterials/Substrate/GLints/dict_16_192_64_0p5_0p02_0025_0005.uasset" 5387
"../../../Engine/Content/EngineMaterials/Substrate/GLints/dict_16_192_64_0p5_0p02_0025_0006.uasset" 5388
"../../../Engine/Content/EngineMaterials/Substrate/GLints/dict_16_192_64_0p5_0p02_0025_0007.uasset" 5389
"../../../Engine/Content/EngineMaterials/Substrate/GLints/dict_16_192_64_0p5_0p02_0025_0008.uasset" 5390
"../../../Engine/Content/EngineMaterials/Substrate/GLints/dict_16_192_64_0p5_0p02_0025_0009.uasset" 5391
"../../../Engine/Content/EngineMaterials/Substrate/GLints/dict_16_192_64_0p5_0p02_0025_0010.uasset" 5392
"/Engine/EngineMaterials/Substrate/GLints/dict_16_192_64_0p5_0p02_0024_0012" 5393
"../../../Engine/Content/EngineMaterials/Substrate/GLints/dict_16_192_64_0p5_0p02_0025_0011.uasset" 5394
"../../../Engine/Content/EngineMaterials/Substrate/GLints/dict_16_192_64_0p5_0p02_0025_0012.uasset" 5395
"../../../Engine/Content/EngineMaterials/Substrate/GLints/dict_16_192_64_0p5_0p02_0025_0013.uasset" 5396
"../../../Engine/Content/EngineMaterials/Substrate/GLints/dict_16_192_64_0p5_0p02_0025_0014.uasset" 5397
"../../../Engine/Content/EngineMaterials/Substrate/GLints/dict_16_192_64_0p5_0p02_0025_0015.uasset" 5398
"../../../Engine/Content/EngineMaterials/Substrate/GLints/dict_16_192_64_0p5_0p02_0026_0000.uasset" 5399
"../../../Engine/Content/EngineMaterials/Substrate/GLints/dict_16_192_64_0p5_0p02_0026_0001.uasset" 5400
"/Engine/EngineMaterials/Substrate/GLints/dict_16_192_64_0p5_0p02_0024_0011" 5401
"../../../Engine/Content/EngineMaterials/Substrate/GLints/dict_16_192_64_0p5_0p02_0026_0002.uasset" 5402
"../../../Engine/Content/EngineMaterials/Substrate/GLints/dict_16_192_64_0p5_0p02_0026_0003.uasset" 5403
"../../../Engine/Content/EngineMaterials/Substrate/GLints/dict_16_192_64_0p5_0p02_0026_0004.uasset" 5404
"../../../Engine/Content/EngineMaterials/Substrate/GLints/dict_16_192_64_0p5_0p02_0026_0005.uasset" 5405
"/Engine/EngineMaterials/Substrate/GLints/dict_16_192_64_0p5_0p02_0024_0010" 5406
"/Engine/EngineMaterials/Substrate/GLints/dict_16_192_64_0p5_0p02_0024_0009" 5407
"/Engine/EngineMaterials/Substrate/GLints/dict_16_192_64_0p5_0p02_0024_0008" 5408
"/Engine/EngineMaterials/Substrate/GLints/dict_16_192_64_0p5_0p02_0024_0007" 5409
"/Engine/EngineMaterials/Substrate/GLints/dict_16_192_64_0p5_0p02_0024_0006" 5410
"../../../Engine/Content/EngineMaterials/Substrate/GLints/dict_16_192_64_0p5_0p02_0026_0007.uasset" 5411
"../../../Engine/Content/EngineMaterials/Substrate/GLints/dict_16_192_64_0p5_0p02_0026_0006.uasset" 5412
"/Engine/EngineMaterials/Substrate/GLints/dict_16_192_64_0p5_0p02_0026_0005" 5413
"../../../Engine/Content/EngineMaterials/Substrate/GLints/dict_16_192_64_0p5_0p02_0026_0008.uasset" 5414
"../../../Engine/Content/EngineMaterials/Substrate/GLints/dict_16_192_64_0p5_0p02_0026_0009.uasset" 5415
"../../../Engine/Content/EngineMaterials/Substrate/GLints/dict_16_192_64_0p5_0p02_0026_0010.uasset" 5416
"../../../Engine/Content/EngineMaterials/Substrate/GLints/dict_16_192_64_0p5_0p02_0026_0011.uasset" 5417
"../../../Engine/Content/EngineMaterials/Substrate/GLints/dict_16_192_64_0p5_0p02_0026_0012.uasset" 5418
"../../../Engine/Content/EngineMaterials/Substrate/GLints/dict_16_192_64_0p5_0p02_0026_0013.uasset" 5419
"/Engine/EngineMaterials/Substrate/GLints/dict_16_192_64_0p5_0p02_0026_0004" 5420
"../../../Engine/Content/EngineMaterials/Substrate/GLints/dict_16_192_64_0p5_0p02_0026_0014.uasset" 5421
"/Engine/EngineMaterials/Substrate/GLints/dict_16_192_64_0p5_0p02_0026_0003" 5422
"/Engine/EngineMaterials/Substrate/GLints/dict_16_192_64_0p5_0p02_0026_0002" 5423
"/Engine/EngineMaterials/Substrate/GLints/dict_16_192_64_0p5_0p02_0026_0001" 5424
"/Engine/EngineMaterials/Substrate/GLints/dict_16_192_64_0p5_0p02_0026_0000" 5425
"/Engine/EngineMaterials/Substrate/GLints/dict_16_192_64_0p5_0p02_0025_0015" 5426
"/Engine/EngineMaterials/Substrate/GLints/dict_16_192_64_0p5_0p02_0025_0014" 5427
"/Engine/EngineMaterials/Substrate/GLints/dict_16_192_64_0p5_0p02_0025_0013" 5428
"/Engine/EngineMaterials/Substrate/GLints/dict_16_192_64_0p5_0p02_0025_0012" 5429
"/Engine/EngineMaterials/Substrate/GLints/dict_16_192_64_0p5_0p02_0025_0011" 5430
"/Engine/EngineMaterials/Substrate/GLints/dict_16_192_64_0p5_0p02_0025_0010" 5431
"/Engine/EngineMaterials/Substrate/GLints/dict_16_192_64_0p5_0p02_0025_0009" 5432
"/Engine/EngineMaterials/Substrate/GLints/dict_16_192_64_0p5_0p02_0025_0008" 5433
"/Engine/EngineMaterials/Substrate/GLints/dict_16_192_64_0p5_0p02_0025_0007" 5434
"/Engine/EngineMaterials/Substrate/GLints/dict_16_192_64_0p5_0p02_0025_0006" 5435
"/Engine/EngineMaterials/Substrate/GLints/dict_16_192_64_0p5_0p02_0025_0005" 5436
"/Engine/EngineMaterials/Substrate/GLints/dict_16_192_64_0p5_0p02_0025_0004" 5437
"/Engine/EngineMaterials/Substrate/GLints/dict_16_192_64_0p5_0p02_0025_0003" 5438
"/Engine/EngineMaterials/Substrate/GLints/dict_16_192_64_0p5_0p02_0025_0002" 5439
"/Engine/EngineMaterials/Substrate/GLints/dict_16_192_64_0p5_0p02_0025_0001" 5440
"/Engine/EngineMaterials/Substrate/GLints/dict_16_192_64_0p5_0p02_0025_0000" 5441
"/Engine/EngineMaterials/Substrate/GLints/dict_16_192_64_0p5_0p02_0024_0015" 5442
"../../../Engine/Content/EngineMaterials/Substrate/GLints/dict_16_192_64_0p5_0p02_0026_0015.uasset" 5443
"../../../Engine/Content/EngineMaterials/Substrate/GLints/dict_16_192_64_0p5_0p02_0027_0000.uasset" 5444
"/Engine/EngineMaterials/Substrate/GLints/dict_16_192_64_0p5_0p02_0026_0014" 5445
"../../../Engine/Content/EngineMaterials/Substrate/GLints/dict_16_192_64_0p5_0p02_0027_0001.uasset" 5446
"../../../Engine/Content/EngineMaterials/Substrate/GLints/dict_16_192_64_0p5_0p02_0027_0002.uasset" 5447
"../../../Engine/Content/EngineMaterials/Substrate/GLints/dict_16_192_64_0p5_0p02_0027_0003.uasset" 5448
"../../../Engine/Content/EngineMaterials/Substrate/GLints/dict_16_192_64_0p5_0p02_0027_0004.uasset" 5449
"../../../Engine/Content/EngineMaterials/Substrate/GLints/dict_16_192_64_0p5_0p02_0027_0005.uasset" 5450
"../../../Engine/Content/EngineMaterials/Substrate/GLints/dict_16_192_64_0p5_0p02_0027_0006.uasset" 5451
"../../../Engine/Content/EngineMaterials/Substrate/GLints/dict_16_192_64_0p5_0p02_0027_0007.uasset" 5452
"/Engine/EngineMaterials/Substrate/GLints/dict_16_192_64_0p5_0p02_0026_0013" 5453
"../../../Engine/Content/EngineMaterials/Substrate/GLints/dict_16_192_64_0p5_0p02_0027_0008.uasset" 5454
"../../../Engine/Content/EngineMaterials/Substrate/GLints/dict_16_192_64_0p5_0p02_0027_0009.uasset" 5455
"../../../Engine/Content/EngineMaterials/Substrate/GLints/dict_16_192_64_0p5_0p02_0027_0010.uasset" 5456
"../../../Engine/Content/EngineMaterials/Substrate/GLints/dict_16_192_64_0p5_0p02_0027_0011.uasset" 5457
"../../../Engine/Content/EngineMaterials/Substrate/GLints/dict_16_192_64_0p5_0p02_0027_0012.uasset" 5458
"../../../Engine/Content/EngineMaterials/Substrate/GLints/dict_16_192_64_0p5_0p02_0027_0013.uasset" 5459
"../../../Engine/Content/EngineMaterials/Substrate/GLints/dict_16_192_64_0p5_0p02_0027_0014.uasset" 5460
"/Engine/EngineMaterials/Substrate/GLints/dict_16_192_64_0p5_0p02_0026_0012" 5461
"../../../Engine/Content/EngineMaterials/Substrate/GLints/dict_16_192_64_0p5_0p02_0027_0015.uasset" 5462
"../../../Engine/Content/EngineMaterials/Substrate/GLints/dict_16_192_64_0p5_0p02_0028_0000.uasset" 5463
"../../../Engine/Content/EngineMaterials/Substrate/GLints/dict_16_192_64_0p5_0p02_0028_0001.uasset" 5464
"../../../Engine/Content/EngineMaterials/Substrate/GLints/dict_16_192_64_0p5_0p02_0028_0002.uasset" 5465
"../../../Engine/Content/EngineMaterials/Substrate/GLints/dict_16_192_64_0p5_0p02_0028_0003.uasset" 5466
"../../../Engine/Content/EngineMaterials/Substrate/GLints/dict_16_192_64_0p5_0p02_0028_0004.uasset" 5467
"/Engine/EngineMaterials/Substrate/GLints/dict_16_192_64_0p5_0p02_0026_0011" 5468
"../../../Engine/Content/EngineMaterials/Substrate/GLints/dict_16_192_64_0p5_0p02_0028_0005.uasset" 5469
"/Engine/EngineMaterials/Substrate/GLints/dict_16_192_64_0p5_0p02_0026_0010" 5470
"/Engine/EngineMaterials/Substrate/GLints/dict_16_192_64_0p5_0p02_0026_0009" 5471
"/Engine/EngineMaterials/Substrate/GLints/dict_16_192_64_0p5_0p02_0026_0008" 5472
"/Engine/EngineMaterials/Substrate/GLints/dict_16_192_64_0p5_0p02_0026_0007" 5473
"/Engine/EngineMaterials/Substrate/GLints/dict_16_192_64_0p5_0p02_0026_0006" 5474
"../../../Engine/Content/EngineMaterials/Substrate/GLints/dict_16_192_64_0p5_0p02_0028_0007.uasset" 5475
"/Engine/EngineMaterials/Substrate/GLints/dict_16_192_64_0p5_0p02_0028_0005" 5476
"../../../Engine/Content/EngineMaterials/Substrate/GLints/dict_16_192_64_0p5_0p02_0028_0006.uasset" 5477
"../../../Engine/Content/EngineMaterials/Substrate/GLints/dict_16_192_64_0p5_0p02_0028_0008.uasset" 5478
"../../../Engine/Content/EngineMaterials/Substrate/GLints/dict_16_192_64_0p5_0p02_0028_0009.uasset" 5479
"../../../Engine/Content/EngineMaterials/Substrate/GLints/dict_16_192_64_0p5_0p02_0028_0010.uasset" 5480
"/Engine/EngineMaterials/Substrate/GLints/dict_16_192_64_0p5_0p02_0028_0004" 5481
"../../../Engine/Content/EngineMaterials/Substrate/GLints/dict_16_192_64_0p5_0p02_0028_0011.uasset" 5482
"../../../Engine/Content/EngineMaterials/Substrate/GLints/dict_16_192_64_0p5_0p02_0028_0012.uasset" 5483
"../../../Engine/Content/EngineMaterials/Substrate/GLints/dict_16_192_64_0p5_0p02_0028_0013.uasset" 5484
"../../../Engine/Content/EngineMaterials/Substrate/GLints/dict_16_192_64_0p5_0p02_0028_0014.uasset" 5485
"/Engine/EngineMaterials/Substrate/GLints/dict_16_192_64_0p5_0p02_0028_0003" 5486
"/Engine/EngineMaterials/Substrate/GLints/dict_16_192_64_0p5_0p02_0028_0002" 5487
"/Engine/EngineMaterials/Substrate/GLints/dict_16_192_64_0p5_0p02_0028_0001" 5488
"/Engine/EngineMaterials/Substrate/GLints/dict_16_192_64_0p5_0p02_0028_0000" 5489
"/Engine/EngineMaterials/Substrate/GLints/dict_16_192_64_0p5_0p02_0027_0015" 5490
"/Engine/EngineMaterials/Substrate/GLints/dict_16_192_64_0p5_0p02_0027_0014" 5491
"/Engine/EngineMaterials/Substrate/GLints/dict_16_192_64_0p5_0p02_0027_0013" 5492
"/Engine/EngineMaterials/Substrate/GLints/dict_16_192_64_0p5_0p02_0027_0012" 5493
"/Engine/EngineMaterials/Substrate/GLints/dict_16_192_64_0p5_0p02_0027_0011" 5494
"/Engine/EngineMaterials/Substrate/GLints/dict_16_192_64_0p5_0p02_0027_0010" 5495
"/Engine/EngineMaterials/Substrate/GLints/dict_16_192_64_0p5_0p02_0027_0009" 5496
"/Engine/EngineMaterials/Substrate/GLints/dict_16_192_64_0p5_0p02_0027_0008" 5497
"/Engine/EngineMaterials/Substrate/GLints/dict_16_192_64_0p5_0p02_0027_0007" 5498
"/Engine/EngineMaterials/Substrate/GLints/dict_16_192_64_0p5_0p02_0027_0006" 5499
"/Engine/EngineMaterials/Substrate/GLints/dict_16_192_64_0p5_0p02_0027_0005" 5500
"/Engine/EngineMaterials/Substrate/GLints/dict_16_192_64_0p5_0p02_0027_0004" 5501
"/Engine/EngineMaterials/Substrate/GLints/dict_16_192_64_0p5_0p02_0027_0003" 5502
"/Engine/EngineMaterials/Substrate/GLints/dict_16_192_64_0p5_0p02_0027_0002" 5503
"/Engine/EngineMaterials/Substrate/GLints/dict_16_192_64_0p5_0p02_0027_0001" 5504
"/Engine/EngineMaterials/Substrate/GLints/dict_16_192_64_0p5_0p02_0027_0000" 5505
"/Engine/EngineMaterials/Substrate/GLints/dict_16_192_64_0p5_0p02_0026_0015" 5506
"../../../Engine/Content/EngineMaterials/Substrate/GLints/dict_16_192_64_0p5_0p02_0028_0015.uasset" 5507
"../../../Engine/Content/EngineMaterials/Substrate/GLints/dict_16_192_64_0p5_0p02_0029_0000.uasset" 5508
"../../../Engine/Content/EngineMaterials/Substrate/GLints/dict_16_192_64_0p5_0p02_0029_0001.uasset" 5509
"/Engine/EngineMaterials/Substrate/GLints/dict_16_192_64_0p5_0p02_0028_0014" 5510
"../../../Engine/Content/EngineMaterials/Substrate/GLints/dict_16_192_64_0p5_0p02_0029_0002.uasset" 5511
"../../../Engine/Content/EngineMaterials/Substrate/GLints/dict_16_192_64_0p5_0p02_0029_0003.uasset" 5512
"../../../Engine/Content/EngineMaterials/Substrate/GLints/dict_16_192_64_0p5_0p02_0029_0004.uasset" 5513
"../../../Engine/Content/EngineMaterials/Substrate/GLints/dict_16_192_64_0p5_0p02_0029_0005.uasset" 5514
"../../../Engine/Content/EngineMaterials/Substrate/GLints/dict_16_192_64_0p5_0p02_0029_0006.uasset" 5515
"../../../Engine/Content/EngineMaterials/Substrate/GLints/dict_16_192_64_0p5_0p02_0029_0007.uasset" 5516
"../../../Engine/Content/EngineMaterials/Substrate/GLints/dict_16_192_64_0p5_0p02_0029_0008.uasset" 5517
"../../../Engine/Content/EngineMaterials/Substrate/GLints/dict_16_192_64_0p5_0p02_0029_0009.uasset" 5518
"/Engine/EngineMaterials/Substrate/GLints/dict_16_192_64_0p5_0p02_0028_0013" 5519
"../../../Engine/Content/EngineMaterials/Substrate/GLints/dict_16_192_64_0p5_0p02_0029_0010.uasset" 5520
"../../../Engine/Content/EngineMaterials/Substrate/GLints/dict_16_192_64_0p5_0p02_0029_0011.uasset" 5521
"../../../Engine/Content/EngineMaterials/Substrate/GLints/dict_16_192_64_0p5_0p02_0029_0012.uasset" 5522
"../../../Engine/Content/EngineMaterials/Substrate/GLints/dict_16_192_64_0p5_0p02_0029_0013.uasset" 5523
"../../../Engine/Content/EngineMaterials/Substrate/GLints/dict_16_192_64_0p5_0p02_0029_0014.uasset" 5524
"/Engine/EngineMaterials/Substrate/GLints/dict_16_192_64_0p5_0p02_0028_0012" 5525
"../../../Engine/Content/EngineMaterials/Substrate/GLints/dict_16_192_64_0p5_0p02_0029_0015.uasset" 5526
"../../../Engine/Content/EngineMaterials/Substrate/GLints/dict_16_192_64_0p5_0p02_0030_0000.uasset" 5527
"../../../Engine/Content/EngineMaterials/Substrate/GLints/dict_16_192_64_0p5_0p02_0030_0001.uasset" 5528
"../../../Engine/Content/EngineMaterials/Substrate/GLints/dict_16_192_64_0p5_0p02_0030_0002.uasset" 5529
"../../../Engine/Content/EngineMaterials/Substrate/GLints/dict_16_192_64_0p5_0p02_0030_0003.uasset" 5530
"../../../Engine/Content/EngineMaterials/Substrate/GLints/dict_16_192_64_0p5_0p02_0030_0004.uasset" 5531
"../../../Engine/Content/EngineMaterials/Substrate/GLints/dict_16_192_64_0p5_0p02_0030_0005.uasset" 5532
"/Engine/EngineMaterials/Substrate/GLints/dict_16_192_64_0p5_0p02_0028_0011" 5533
"/Engine/EngineMaterials/Substrate/GLints/dict_16_192_64_0p5_0p02_0028_0010" 5534
"/Engine/EngineMaterials/Substrate/GLints/dict_16_192_64_0p5_0p02_0028_0009" 5535
"/Engine/EngineMaterials/Substrate/GLints/dict_16_192_64_0p5_0p02_0028_0008" 5536
"/Engine/EngineMaterials/Substrate/GLints/dict_16_192_64_0p5_0p02_0028_0007" 5537
"/Engine/EngineMaterials/Substrate/GLints/dict_16_192_64_0p5_0p02_0028_0015" 5538
"/Engine/EngineMaterials/Substrate/GLints/dict_16_192_64_0p5_0p02_0028_0006" 5539
"../../../Engine/Content/EngineMaterials/Substrate/GLints/dict_16_192_64_0p5_0p02_0030_0006.uasset" 5540
"../../../Engine/Content/EngineMaterials/Substrate/GLints/dict_16_192_64_0p5_0p02_0030_0007.uasset" 5541
"/Engine/EngineMaterials/Substrate/GLints/dict_16_192_64_0p5_0p02_0030_0005" 5542
"../../../Engine/Content/EngineMaterials/Substrate/GLints/dict_16_192_64_0p5_0p02_0030_0008.uasset" 5543
"../../../Engine/Content/EngineMaterials/Substrate/GLints/dict_16_192_64_0p5_0p02_0030_0009.uasset" 5544
"../../../Engine/Content/EngineMaterials/Substrate/GLints/dict_16_192_64_0p5_0p02_0030_0010.uasset" 5545
"../../../Engine/Content/EngineMaterials/Substrate/GLints/dict_16_192_64_0p5_0p02_0030_0011.uasset" 5546
"../../../Engine/Content/EngineMaterials/Substrate/GLints/dict_16_192_64_0p5_0p02_0030_0012.uasset" 5547
"../../../Engine/Content/EngineMaterials/Substrate/GLints/dict_16_192_64_0p5_0p02_0030_0013.uasset" 5548
"../../../Engine/Content/EngineMaterials/Substrate/GLints/dict_16_192_64_0p5_0p02_0030_0014.uasset" 5549
"/Engine/EngineMaterials/Substrate/GLints/dict_16_192_64_0p5_0p02_0030_0004" 5550
"../../../Engine/Content/EngineMaterials/Substrate/GLints/dict_16_192_64_0p5_0p02_0030_0015.uasset" 5551
"/Engine/EngineMaterials/Substrate/GLints/dict_16_192_64_0p5_0p02_0030_0003" 5552
"/Engine/EngineMaterials/Substrate/GLints/dict_16_192_64_0p5_0p02_0030_0002" 5553
"/Engine/EngineMaterials/Substrate/GLints/dict_16_192_64_0p5_0p02_0030_0001" 5554
"/Engine/EngineMaterials/Substrate/GLints/dict_16_192_64_0p5_0p02_0030_0000" 5555
"/Engine/EngineMaterials/Substrate/GLints/dict_16_192_64_0p5_0p02_0029_0015" 5556
"/Engine/EngineMaterials/Substrate/GLints/dict_16_192_64_0p5_0p02_0029_0014" 5557
"/Engine/EngineMaterials/Substrate/GLints/dict_16_192_64_0p5_0p02_0029_0013" 5558
"/Engine/EngineMaterials/Substrate/GLints/dict_16_192_64_0p5_0p02_0029_0012" 5559
"/Engine/EngineMaterials/Substrate/GLints/dict_16_192_64_0p5_0p02_0029_0011" 5560
"/Engine/EngineMaterials/Substrate/GLints/dict_16_192_64_0p5_0p02_0029_0010" 5561
"/Engine/EngineMaterials/Substrate/GLints/dict_16_192_64_0p5_0p02_0029_0009" 5562
"/Engine/EngineMaterials/Substrate/GLints/dict_16_192_64_0p5_0p02_0029_0008" 5563
"/Engine/EngineMaterials/Substrate/GLints/dict_16_192_64_0p5_0p02_0029_0007" 5564
"/Engine/EngineMaterials/Substrate/GLints/dict_16_192_64_0p5_0p02_0029_0006" 5565
"/Engine/EngineMaterials/Substrate/GLints/dict_16_192_64_0p5_0p02_0029_0005" 5566
"/Engine/EngineMaterials/Substrate/GLints/dict_16_192_64_0p5_0p02_0029_0004" 5567
"/Engine/EngineMaterials/Substrate/GLints/dict_16_192_64_0p5_0p02_0029_0003" 5568
"/Engine/EngineMaterials/Substrate/GLints/dict_16_192_64_0p5_0p02_0029_0002" 5569
"/Engine/EngineMaterials/Substrate/GLints/dict_16_192_64_0p5_0p02_0029_0001" 5570
"/Engine/EngineMaterials/Substrate/GLints/dict_16_192_64_0p5_0p02_0029_0000" 5571
"/Engine/EngineMaterials/Substrate/GLints/dict_16_192_64_0p5_0p02_0030_0015" 5572
"../../../Engine/Content/EngineMaterials/Substrate/GLints/dict_16_192_64_0p5_0p02_0031_0000.uasset" 5573
"../../../Engine/Content/EngineMaterials/Substrate/GLints/dict_16_192_64_0p5_0p02_0031_0001.uasset" 5574
"/Engine/EngineMaterials/Substrate/GLints/dict_16_192_64_0p5_0p02_0030_0014" 5575
"../../../Engine/Content/EngineMaterials/Substrate/GLints/dict_16_192_64_0p5_0p02_0031_0003.uasset" 5576
"../../../Engine/Content/EngineMaterials/Substrate/GLints/dict_16_192_64_0p5_0p02_0031_0002.uasset" 5577
"../../../Engine/Content/EngineMaterials/Substrate/GLints/dict_16_192_64_0p5_0p02_0031_0004.uasset" 5578
"../../../Engine/Content/EngineMaterials/Substrate/GLints/dict_16_192_64_0p5_0p02_0031_0005.uasset" 5579
"../../../Engine/Content/EngineMaterials/Substrate/GLints/dict_16_192_64_0p5_0p02_0031_0006.uasset" 5580
"/Engine/EngineMaterials/Substrate/GLints/dict_16_192_64_0p5_0p02_0030_0013" 5581
"../../../Engine/Content/EngineMaterials/Substrate/GLints/dict_16_192_64_0p5_0p02_0031_0008.uasset" 5582
"../../../Engine/Content/EngineMaterials/Substrate/GLints/dict_16_192_64_0p5_0p02_0031_0007.uasset" 5583
"../../../Engine/Content/EngineMaterials/Substrate/GLints/dict_16_192_64_0p5_0p02_0031_0009.uasset" 5584
"../../../Engine/Content/EngineMaterials/Substrate/GLints/dict_16_192_64_0p5_0p02_0031_0011.uasset" 5585
"../../../Engine/Content/EngineMaterials/Substrate/GLints/dict_16_192_64_0p5_0p02_0031_0010.uasset" 5586
"/Engine/EngineMaterials/Substrate/GLints/dict_16_192_64_0p5_0p02_0030_0012" 5587
"../../../Engine/Content/EngineMaterials/Substrate/GLints/dict_16_192_64_0p5_0p02_0031_0012.uasset" 5588
"../../../Engine/Content/EngineMaterials/Substrate/GLints/dict_16_192_64_0p5_0p02_0031_0014.uasset" 5589
"../../../Engine/Content/EngineMaterials/Substrate/GLints/dict_16_192_64_0p5_0p02_0031_0013.uasset" 5590
"/Engine/EngineMaterials/Substrate/GLints/dict_16_192_64_0p5_0p02_0030_0011" 5591
"../../../Engine/Content/EngineMaterials/Substrate/GLints/dict_16_192_64_0p5_0p02_0032_0000.uasset" 5592
"../../../Engine/Content/EngineMaterials/Substrate/GLints/dict_16_192_64_0p5_0p02_0032_0001.uasset" 5593
"../../../Engine/Content/EngineMaterials/Substrate/GLints/dict_16_192_64_0p5_0p02_0032_0002.uasset" 5594
"/Engine/EngineMaterials/Substrate/GLints/dict_16_192_64_0p5_0p02_0030_0010" 5595
"../../../Engine/Content/EngineMaterials/Substrate/GLints/dict_16_192_64_0p5_0p02_0032_0003.uasset" 5596
"../../../Engine/Content/EngineMaterials/Substrate/GLints/dict_16_192_64_0p5_0p02_0032_0004.uasset" 5597
"../../../Engine/Content/EngineMaterials/Substrate/GLints/dict_16_192_64_0p5_0p02_0032_0005.uasset" 5598
"../../../Engine/Content/EngineMaterials/Substrate/GLints/dict_16_192_64_0p5_0p02_0031_0015.uasset" 5599
"/Engine/EngineMaterials/Substrate/GLints/dict_16_192_64_0p5_0p02_0030_0009" 5600
"/Engine/EngineMaterials/Substrate/GLints/dict_16_192_64_0p5_0p02_0030_0008" 5601
"/Engine/EngineMaterials/Substrate/GLints/dict_16_192_64_0p5_0p02_0030_0007" 5602
"/Engine/EngineMaterials/Substrate/GLints/dict_16_192_64_0p5_0p02_0030_0006" 5603
"/Engine/EngineMaterials/Substrate/GLints/dict_16_192_64_0p5_0p02_0032_0005" 5604
"../../../Engine/Content/EngineMaterials/Substrate/GLints/dict_16_192_64_0p5_0p02_0032_0007.uasset" 5605
"../../../Engine/Content/EngineMaterials/Substrate/GLints/dict_16_192_64_0p5_0p02_0032_0006.uasset" 5606
"../../../Engine/Content/EngineMaterials/Substrate/GLints/dict_16_192_64_0p5_0p02_0032_0008.uasset" 5607
"../../../Engine/Content/EngineMaterials/Substrate/GLints/dict_16_192_64_0p5_0p02_0032_0010.uasset" 5608
"../../../Engine/Content/EngineMaterials/Substrate/GLints/dict_16_192_64_0p5_0p02_0032_0009.uasset" 5609
"../../../Engine/Content/EngineMaterials/Substrate/GLints/dict_16_192_64_0p5_0p02_0032_0011.uasset" 5610
"../../../Engine/Content/EngineMaterials/Substrate/GLints/dict_16_192_64_0p5_0p02_0032_0012.uasset" 5611
"../../../Engine/Content/EngineMaterials/Substrate/GLints/dict_16_192_64_0p5_0p02_0032_0013.uasset" 5612
"../../../Engine/Content/EngineMaterials/Substrate/GLints/dict_16_192_64_0p5_0p02_0032_0014.uasset" 5613
"../../../Engine/Content/EngineMaterials/Substrate/GLints/dict_16_192_64_0p5_0p02_0032_0015.uasset" 5614
"/Engine/EngineMaterials/Substrate/GLints/dict_16_192_64_0p5_0p02_0032_0004" 5615
"/Engine/EngineMaterials/Substrate/GLints/dict_16_192_64_0p5_0p02_0032_0003" 5616
"/Engine/EngineMaterials/Substrate/GLints/dict_16_192_64_0p5_0p02_0032_0002" 5617
"/Engine/EngineMaterials/Substrate/GLints/dict_16_192_64_0p5_0p02_0032_0001" 5618
"/Engine/EngineMaterials/Substrate/GLints/dict_16_192_64_0p5_0p02_0032_0000" 5619
"/Engine/EngineMaterials/Substrate/GLints/dict_16_192_64_0p5_0p02_0031_0015" 5620
"/Engine/EngineMaterials/Substrate/GLints/dict_16_192_64_0p5_0p02_0031_0014" 5621
"/Engine/EngineMaterials/Substrate/GLints/dict_16_192_64_0p5_0p02_0031_0013" 5622
"/Engine/EngineMaterials/Substrate/GLints/dict_16_192_64_0p5_0p02_0031_0012" 5623
"/Engine/EngineMaterials/Substrate/GLints/dict_16_192_64_0p5_0p02_0031_0011" 5624
"/Engine/EngineMaterials/Substrate/GLints/dict_16_192_64_0p5_0p02_0031_0010" 5625
"/Engine/EngineMaterials/Substrate/GLints/dict_16_192_64_0p5_0p02_0031_0009" 5626
"/Engine/EngineMaterials/Substrate/GLints/dict_16_192_64_0p5_0p02_0031_0008" 5627
"/Engine/EngineMaterials/Substrate/GLints/dict_16_192_64_0p5_0p02_0031_0007" 5628
"/Engine/EngineMaterials/Substrate/GLints/dict_16_192_64_0p5_0p02_0031_0006" 5629
"/Engine/EngineMaterials/Substrate/GLints/dict_16_192_64_0p5_0p02_0031_0005" 5630
"/Engine/EngineMaterials/Substrate/GLints/dict_16_192_64_0p5_0p02_0031_0004" 5631
"/Engine/EngineMaterials/Substrate/GLints/dict_16_192_64_0p5_0p02_0031_0003" 5632
"/Engine/EngineMaterials/Substrate/GLints/dict_16_192_64_0p5_0p02_0031_0002" 5633
"/Engine/EngineMaterials/Substrate/GLints/dict_16_192_64_0p5_0p02_0031_0001" 5634
"/Engine/EngineMaterials/Substrate/GLints/dict_16_192_64_0p5_0p02_0031_0000" 5635
"../../../Engine/Content/EngineMaterials/Substrate/GLints/dict_16_192_64_0p5_0p02_0033_0000.uasset" 5636
"/Engine/EngineMaterials/Substrate/GLints/dict_16_192_64_0p5_0p02_0032_0015" 5637
"../../../Engine/Content/EngineMaterials/Substrate/GLints/dict_16_192_64_0p5_0p02_0033_0001.uasset" 5638
"../../../Engine/Content/EngineMaterials/Substrate/GLints/dict_16_192_64_0p5_0p02_0033_0002.uasset" 5639
"../../../Engine/Content/EngineMaterials/Substrate/GLints/dict_16_192_64_0p5_0p02_0033_0003.uasset" 5640
"/Engine/EngineMaterials/Substrate/GLints/dict_16_192_64_0p5_0p02_0032_0014" 5641
"../../../Engine/Content/EngineMaterials/Substrate/GLints/dict_16_192_64_0p5_0p02_0033_0004.uasset" 5642
"../../../Engine/Content/EngineMaterials/Substrate/GLints/dict_16_192_64_0p5_0p02_0033_0005.uasset" 5643
"../../../Engine/Content/EngineMaterials/Substrate/GLints/dict_16_192_64_0p5_0p02_0033_0006.uasset" 5644
"../../../Engine/Content/EngineMaterials/Substrate/GLints/dict_16_192_64_0p5_0p02_0033_0007.uasset" 5645
"/Engine/EngineMaterials/Substrate/GLints/dict_16_192_64_0p5_0p02_0032_0013" 5646
"../../../Engine/Content/EngineMaterials/Substrate/GLints/dict_16_192_64_0p5_0p02_0033_0008.uasset" 5647
"../../../Engine/Content/EngineMaterials/Substrate/GLints/dict_16_192_64_0p5_0p02_0033_0009.uasset" 5648
"../../../Engine/Content/EngineMaterials/Substrate/GLints/dict_16_192_64_0p5_0p02_0033_0010.uasset" 5649
"../../../Engine/Content/EngineMaterials/Substrate/GLints/dict_16_192_64_0p5_0p02_0033_0011.uasset" 5650
"/Engine/EngineMaterials/Substrate/GLints/dict_16_192_64_0p5_0p02_0032_0012" 5651
"../../../Engine/Content/EngineMaterials/Substrate/GLints/dict_16_192_64_0p5_0p02_0033_0012.uasset" 5652
"../../../Engine/Content/EngineMaterials/Substrate/GLints/dict_16_192_64_0p5_0p02_0033_0013.uasset" 5653
"../../../Engine/Content/EngineMaterials/Substrate/GLints/dict_16_192_64_0p5_0p02_0033_0014.uasset" 5654
"/Engine/EngineMaterials/Substrate/GLints/dict_16_192_64_0p5_0p02_0032_0011" 5655
"../../../Engine/Content/EngineMaterials/Substrate/GLints/dict_16_192_64_0p5_0p02_0033_0015.uasset" 5656
"../../../Engine/Content/EngineMaterials/Substrate/GLints/dict_16_192_64_0p5_0p02_0034_0000.uasset" 5657
"../../../Engine/Content/EngineMaterials/Substrate/GLints/dict_16_192_64_0p5_0p02_0034_0001.uasset" 5658
"../../../Engine/Content/EngineMaterials/Substrate/GLints/dict_16_192_64_0p5_0p02_0034_0002.uasset" 5659
"/Engine/EngineMaterials/Substrate/GLints/dict_16_192_64_0p5_0p02_0032_0010" 5660
"../../../Engine/Content/EngineMaterials/Substrate/GLints/dict_16_192_64_0p5_0p02_0034_0003.uasset" 5661
"../../../Engine/Content/EngineMaterials/Substrate/GLints/dict_16_192_64_0p5_0p02_0034_0004.uasset" 5662
"../../../Engine/Content/EngineMaterials/Substrate/GLints/dict_16_192_64_0p5_0p02_0034_0005.uasset" 5663
"/Engine/EngineMaterials/Substrate/GLints/dict_16_192_64_0p5_0p02_0032_0009" 5664
"/Engine/EngineMaterials/Substrate/GLints/dict_16_192_64_0p5_0p02_0032_0008" 5665
"/Engine/EngineMaterials/Substrate/GLints/dict_16_192_64_0p5_0p02_0032_0007" 5666
"/Engine/EngineMaterials/Substrate/GLints/dict_16_192_64_0p5_0p02_0032_0006" 5667
"../../../Engine/Content/EngineMaterials/Substrate/GLints/dict_16_192_64_0p5_0p02_0034_0006.uasset" 5668
"../../../Engine/Content/EngineMaterials/Substrate/GLints/dict_16_192_64_0p5_0p02_0034_0007.uasset" 5669
"../../../Engine/Content/EngineMaterials/Substrate/GLints/dict_16_192_64_0p5_0p02_0034_0008.uasset" 5670
"/Engine/EngineMaterials/Substrate/GLints/dict_16_192_64_0p5_0p02_0034_0005" 5671
"../../../Engine/Content/EngineMaterials/Substrate/GLints/dict_16_192_64_0p5_0p02_0034_0009.uasset" 5672
"../../../Engine/Content/EngineMaterials/Substrate/GLints/dict_16_192_64_0p5_0p02_0034_0010.uasset" 5673
"../../../Engine/Content/EngineMaterials/Substrate/GLints/dict_16_192_64_0p5_0p02_0034_0011.uasset" 5674
"../../../Engine/Content/EngineMaterials/Substrate/GLints/dict_16_192_64_0p5_0p02_0034_0012.uasset" 5675
"/Engine/EngineMaterials/Substrate/GLints/dict_16_192_64_0p5_0p02_0034_0004" 5676
"../../../Engine/Content/EngineMaterials/Substrate/GLints/dict_16_192_64_0p5_0p02_0034_0013.uasset" 5677
"../../../Engine/Content/EngineMaterials/Substrate/GLints/dict_16_192_64_0p5_0p02_0034_0014.uasset" 5678
"../../../Engine/Content/EngineMaterials/Substrate/GLints/dict_16_192_64_0p5_0p02_0034_0015.uasset" 5679
"/Engine/EngineMaterials/Substrate/GLints/dict_16_192_64_0p5_0p02_0034_0003" 5680
"/Engine/EngineMaterials/Substrate/GLints/dict_16_192_64_0p5_0p02_0034_0002" 5681
"/Engine/EngineMaterials/Substrate/GLints/dict_16_192_64_0p5_0p02_0034_0001" 5682
"/Engine/EngineMaterials/Substrate/GLints/dict_16_192_64_0p5_0p02_0034_0000" 5683
"/Engine/EngineMaterials/Substrate/GLints/dict_16_192_64_0p5_0p02_0033_0015" 5684
"/Engine/EngineMaterials/Substrate/GLints/dict_16_192_64_0p5_0p02_0033_0014" 5685
"/Engine/EngineMaterials/Substrate/GLints/dict_16_192_64_0p5_0p02_0033_0013" 5686
"/Engine/EngineMaterials/Substrate/GLints/dict_16_192_64_0p5_0p02_0033_0012" 5687
"/Engine/EngineMaterials/Substrate/GLints/dict_16_192_64_0p5_0p02_0033_0011" 5688
"/Engine/EngineMaterials/Substrate/GLints/dict_16_192_64_0p5_0p02_0033_0010" 5689
"/Engine/EngineMaterials/Substrate/GLints/dict_16_192_64_0p5_0p02_0033_0009" 5690
"/Engine/EngineMaterials/Substrate/GLints/dict_16_192_64_0p5_0p02_0033_0008" 5691
"/Engine/EngineMaterials/Substrate/GLints/dict_16_192_64_0p5_0p02_0033_0007" 5692
"/Engine/EngineMaterials/Substrate/GLints/dict_16_192_64_0p5_0p02_0033_0006" 5693
"/Engine/EngineMaterials/Substrate/GLints/dict_16_192_64_0p5_0p02_0033_0005" 5694
"/Engine/EngineMaterials/Substrate/GLints/dict_16_192_64_0p5_0p02_0033_0004" 5695
"/Engine/EngineMaterials/Substrate/GLints/dict_16_192_64_0p5_0p02_0033_0003" 5696
"/Engine/EngineMaterials/Substrate/GLints/dict_16_192_64_0p5_0p02_0033_0002" 5697
"/Engine/EngineMaterials/Substrate/GLints/dict_16_192_64_0p5_0p02_0033_0001" 5698
"/Engine/EngineMaterials/Substrate/GLints/dict_16_192_64_0p5_0p02_0033_0000" 5699
"/Engine/EngineMaterials/Substrate/GLints/dict_16_192_64_0p5_0p02_0034_0007" 5700
"/Engine/EngineMaterials/Substrate/GLints/dict_16_192_64_0p5_0p02_0034_0006" 5701
"/Engine/EngineMaterials/Substrate/GLints/dict_16_192_64_0p5_0p02_0034_0015" 5702
"../../../Engine/Content/EngineMaterials/Substrate/GLints/dict_16_192_64_0p5_0p02_0035_0000.uasset" 5703
"../../../Engine/Content/EngineMaterials/Substrate/GLints/dict_16_192_64_0p5_0p02_0035_0001.uasset" 5704
"../../../Engine/Content/EngineMaterials/Substrate/GLints/dict_16_192_64_0p5_0p02_0035_0002.uasset" 5705
"../../../Engine/Content/EngineMaterials/Substrate/GLints/dict_16_192_64_0p5_0p02_0035_0003.uasset" 5706
"../../../Engine/Content/EngineMaterials/Substrate/GLints/dict_16_192_64_0p5_0p02_0035_0004.uasset" 5707
"/Engine/EngineMaterials/Substrate/GLints/dict_16_192_64_0p5_0p02_0034_0014" 5708
"../../../Engine/Content/EngineMaterials/Substrate/GLints/dict_16_192_64_0p5_0p02_0035_0005.uasset" 5709
"../../../Engine/Content/EngineMaterials/Substrate/GLints/dict_16_192_64_0p5_0p02_0035_0006.uasset" 5710
"../../../Engine/Content/EngineMaterials/Substrate/GLints/dict_16_192_64_0p5_0p02_0035_0007.uasset" 5711
"../../../Engine/Content/EngineMaterials/Substrate/GLints/dict_16_192_64_0p5_0p02_0035_0008.uasset" 5712
"../../../Engine/Content/EngineMaterials/Substrate/GLints/dict_16_192_64_0p5_0p02_0035_0009.uasset" 5713
"/Engine/EngineMaterials/Substrate/GLints/dict_16_192_64_0p5_0p02_0034_0013" 5714
"../../../Engine/Content/EngineMaterials/Substrate/GLints/dict_16_192_64_0p5_0p02_0035_0010.uasset" 5715
"../../../Engine/Content/EngineMaterials/Substrate/GLints/dict_16_192_64_0p5_0p02_0035_0011.uasset" 5716
"../../../Engine/Content/EngineMaterials/Substrate/GLints/dict_16_192_64_0p5_0p02_0035_0012.uasset" 5717
"../../../Engine/Content/EngineMaterials/Substrate/GLints/dict_16_192_64_0p5_0p02_0035_0013.uasset" 5718
"../../../Engine/Content/EngineMaterials/Substrate/GLints/dict_16_192_64_0p5_0p02_0035_0015.uasset" 5719
"/Engine/EngineMaterials/Substrate/GLints/dict_16_192_64_0p5_0p02_0034_0012" 5720
"../../../Engine/Content/EngineMaterials/Substrate/GLints/dict_16_192_64_0p5_0p02_0036_0000.uasset" 5721
"../../../Engine/Content/EngineMaterials/Substrate/GLints/dict_16_192_64_0p5_0p02_0035_0014.uasset" 5722
"../../../Engine/Content/EngineMaterials/Substrate/GLints/dict_16_192_64_0p5_0p02_0036_0001.uasset" 5723
"../../../Engine/Content/EngineMaterials/Substrate/GLints/dict_16_192_64_0p5_0p02_0036_0002.uasset" 5724
"../../../Engine/Content/EngineMaterials/Substrate/GLints/dict_16_192_64_0p5_0p02_0036_0003.uasset" 5725
"../../../Engine/Content/EngineMaterials/Substrate/GLints/dict_16_192_64_0p5_0p02_0036_0004.uasset" 5726
"../../../Engine/Content/EngineMaterials/Substrate/GLints/dict_16_192_64_0p5_0p02_0036_0005.uasset" 5727
"/Engine/EngineMaterials/Substrate/GLints/dict_16_192_64_0p5_0p02_0034_0011" 5728
"../../../Engine/Content/EngineMaterials/Substrate/GLints/dict_16_192_64_0p5_0p02_0036_0006.uasset" 5729
"../../../Engine/Content/EngineMaterials/Substrate/GLints/dict_16_192_64_0p5_0p02_0036_0007.uasset" 5730
"/Engine/EngineMaterials/Substrate/GLints/dict_16_192_64_0p5_0p02_0034_0010" 5731
"/Engine/EngineMaterials/Substrate/GLints/dict_16_192_64_0p5_0p02_0034_0009" 5732
"/Engine/EngineMaterials/Substrate/GLints/dict_16_192_64_0p5_0p02_0034_0008" 5733
"../../../Engine/Content/EngineMaterials/Substrate/GLints/dict_16_192_64_0p5_0p02_0036_0008.uasset" 5734
"../../../Engine/Content/EngineMaterials/Substrate/GLints/dict_16_192_64_0p5_0p02_0036_0009.uasset" 5735
"/Engine/EngineMaterials/Substrate/GLints/dict_16_192_64_0p5_0p02_0036_0007" 5736
"../../../Engine/Content/EngineMaterials/Substrate/GLints/dict_16_192_64_0p5_0p02_0036_0010.uasset" 5737
"../../../Engine/Content/EngineMaterials/Substrate/GLints/dict_16_192_64_0p5_0p02_0036_0011.uasset" 5738
"../../../Engine/Content/EngineMaterials/Substrate/GLints/dict_16_192_64_0p5_0p02_0036_0012.uasset" 5739
"/Engine/EngineMaterials/Substrate/GLints/dict_16_192_64_0p5_0p02_0036_0006" 5740
"../../../Engine/Content/EngineMaterials/Substrate/GLints/dict_16_192_64_0p5_0p02_0036_0013.uasset" 5741
"../../../Engine/Content/EngineMaterials/Substrate/GLints/dict_16_192_64_0p5_0p02_0036_0014.uasset" 5742
"../../../Engine/Content/EngineMaterials/Substrate/GLints/dict_16_192_64_0p5_0p02_0036_0015.uasset" 5743
"/Engine/EngineMaterials/Substrate/GLints/dict_16_192_64_0p5_0p02_0036_0005" 5744
"/Engine/EngineMaterials/Substrate/GLints/dict_16_192_64_0p5_0p02_0036_0004" 5745
"/Engine/EngineMaterials/Substrate/GLints/dict_16_192_64_0p5_0p02_0036_0003" 5746
"/Engine/EngineMaterials/Substrate/GLints/dict_16_192_64_0p5_0p02_0036_0002" 5747
"/Engine/EngineMaterials/Substrate/GLints/dict_16_192_64_0p5_0p02_0036_0001" 5748
"/Engine/EngineMaterials/Substrate/GLints/dict_16_192_64_0p5_0p02_0036_0000" 5749
"/Engine/EngineMaterials/Substrate/GLints/dict_16_192_64_0p5_0p02_0035_0015" 5750
"/Engine/EngineMaterials/Substrate/GLints/dict_16_192_64_0p5_0p02_0035_0014" 5751
"/Engine/EngineMaterials/Substrate/GLints/dict_16_192_64_0p5_0p02_0035_0013" 5752
"/Engine/EngineMaterials/Substrate/GLints/dict_16_192_64_0p5_0p02_0035_0012" 5753
"/Engine/EngineMaterials/Substrate/GLints/dict_16_192_64_0p5_0p02_0035_0011" 5754
"/Engine/EngineMaterials/Substrate/GLints/dict_16_192_64_0p5_0p02_0035_0010" 5755
"/Engine/EngineMaterials/Substrate/GLints/dict_16_192_64_0p5_0p02_0035_0009" 5756
"/Engine/EngineMaterials/Substrate/GLints/dict_16_192_64_0p5_0p02_0035_0008" 5757
"/Engine/EngineMaterials/Substrate/GLints/dict_16_192_64_0p5_0p02_0035_0007" 5758
"/Engine/EngineMaterials/Substrate/GLints/dict_16_192_64_0p5_0p02_0035_0006" 5759
"/Engine/EngineMaterials/Substrate/GLints/dict_16_192_64_0p5_0p02_0035_0005" 5760
"/Engine/EngineMaterials/Substrate/GLints/dict_16_192_64_0p5_0p02_0035_0004" 5761
"/Engine/EngineMaterials/Substrate/GLints/dict_16_192_64_0p5_0p02_0035_0003" 5762
"/Engine/EngineMaterials/Substrate/GLints/dict_16_192_64_0p5_0p02_0035_0002" 5763
"/Engine/EngineMaterials/Substrate/GLints/dict_16_192_64_0p5_0p02_0035_0001" 5764
"/Engine/EngineMaterials/Substrate/GLints/dict_16_192_64_0p5_0p02_0035_0000" 5765
"../../../Engine/Content/EngineMaterials/Substrate/GLints/dict_16_192_64_0p5_0p02_0037_0000.uasset" 5766
"/Engine/EngineMaterials/Substrate/GLints/dict_16_192_64_0p5_0p02_0036_0015" 5767
"../../../Engine/Content/EngineMaterials/Substrate/GLints/dict_16_192_64_0p5_0p02_0037_0001.uasset" 5768
"../../../Engine/Content/EngineMaterials/Substrate/GLints/dict_16_192_64_0p5_0p02_0037_0002.uasset" 5769
"../../../Engine/Content/EngineMaterials/Substrate/GLints/dict_16_192_64_0p5_0p02_0037_0003.uasset" 5770
"../../../Engine/Content/EngineMaterials/Substrate/GLints/dict_16_192_64_0p5_0p02_0037_0004.uasset" 5771
"/Engine/EngineMaterials/Substrate/GLints/dict_16_192_64_0p5_0p02_0036_0014" 5772
"../../../Engine/Content/EngineMaterials/Substrate/GLints/dict_16_192_64_0p5_0p02_0037_0005.uasset" 5773
"../../../Engine/Content/EngineMaterials/Substrate/GLints/dict_16_192_64_0p5_0p02_0037_0006.uasset" 5774
"../../../Engine/Content/EngineMaterials/Substrate/GLints/dict_16_192_64_0p5_0p02_0037_0007.uasset" 5775
"../../../Engine/Content/EngineMaterials/Substrate/GLints/dict_16_192_64_0p5_0p02_0037_0008.uasset" 5776
"../../../Engine/Content/EngineMaterials/Substrate/GLints/dict_16_192_64_0p5_0p02_0037_0009.uasset" 5777
"../../../Engine/Content/EngineMaterials/Substrate/GLints/dict_16_192_64_0p5_0p02_0037_0010.uasset" 5778
"/Engine/EngineMaterials/Substrate/GLints/dict_16_192_64_0p5_0p02_0036_0013" 5779
"../../../Engine/Content/EngineMaterials/Substrate/GLints/dict_16_192_64_0p5_0p02_0037_0011.uasset" 5780
"../../../Engine/Content/EngineMaterials/Substrate/GLints/dict_16_192_64_0p5_0p02_0037_0012.uasset" 5781
"../../../Engine/Content/EngineMaterials/Substrate/GLints/dict_16_192_64_0p5_0p02_0037_0013.uasset" 5782
"../../../Engine/Content/EngineMaterials/Substrate/GLints/dict_16_192_64_0p5_0p02_0037_0014.uasset" 5783
"../../../Engine/Content/EngineMaterials/Substrate/GLints/dict_16_192_64_0p5_0p02_0037_0015.uasset" 5784
"../../../Engine/Content/EngineMaterials/Substrate/GLints/dict_16_192_64_0p5_0p02_0038_0000.uasset" 5785
"../../../Engine/Content/EngineMaterials/Substrate/GLints/dict_16_192_64_0p5_0p02_0038_0001.uasset" 5786
"../../../Engine/Content/EngineMaterials/Substrate/GLints/dict_16_192_64_0p5_0p02_0038_0002.uasset" 5787
"../../../Engine/Content/EngineMaterials/Substrate/GLints/dict_16_192_64_0p5_0p02_0038_0003.uasset" 5788
"../../../Engine/Content/EngineMaterials/Substrate/GLints/dict_16_192_64_0p5_0p02_0038_0004.uasset" 5789
"/Engine/EngineMaterials/Substrate/GLints/dict_16_192_64_0p5_0p02_0036_0012" 5790
"../../../Engine/Content/EngineMaterials/Substrate/GLints/dict_16_192_64_0p5_0p02_0038_0005.uasset" 5791
"../../../Engine/Content/EngineMaterials/Substrate/GLints/dict_16_192_64_0p5_0p02_0038_0006.uasset" 5792
"../../../Engine/Content/EngineMaterials/Substrate/GLints/dict_16_192_64_0p5_0p02_0038_0007.uasset" 5793
"/Engine/EngineMaterials/Substrate/GLints/dict_16_192_64_0p5_0p02_0036_0011" 5794
"/Engine/EngineMaterials/Substrate/GLints/dict_16_192_64_0p5_0p02_0036_0010" 5795
"/Engine/EngineMaterials/Substrate/GLints/dict_16_192_64_0p5_0p02_0036_0009" 5796
"/Engine/EngineMaterials/Substrate/GLints/dict_16_192_64_0p5_0p02_0036_0008" 5797
"../../../Engine/Content/EngineMaterials/Substrate/GLints/dict_16_192_64_0p5_0p02_0038_0008.uasset" 5798
"/Engine/EngineMaterials/Substrate/GLints/dict_16_192_64_0p5_0p02_0038_0007" 5799
"../../../Engine/Content/EngineMaterials/Substrate/GLints/dict_16_192_64_0p5_0p02_0038_0009.uasset" 5800
"../../../Engine/Content/EngineMaterials/Substrate/GLints/dict_16_192_64_0p5_0p02_0038_0010.uasset" 5801
"../../../Engine/Content/EngineMaterials/Substrate/GLints/dict_16_192_64_0p5_0p02_0038_0011.uasset" 5802
"/Engine/EngineMaterials/Substrate/GLints/dict_16_192_64_0p5_0p02_0038_0006" 5803
"../../../Engine/Content/EngineMaterials/Substrate/GLints/dict_16_192_64_0p5_0p02_0038_0012.uasset" 5804
"../../../Engine/Content/EngineMaterials/Substrate/GLints/dict_16_192_64_0p5_0p02_0038_0013.uasset" 5805
"../../../Engine/Content/EngineMaterials/Substrate/GLints/dict_16_192_64_0p5_0p02_0038_0014.uasset" 5806
"/Engine/EngineMaterials/Substrate/GLints/dict_16_192_64_0p5_0p02_0038_0005" 5807
"../../../Engine/Content/EngineMaterials/Substrate/GLints/dict_16_192_64_0p5_0p02_0038_0015.uasset" 5808
"/Engine/EngineMaterials/Substrate/GLints/dict_16_192_64_0p5_0p02_0038_0004" 5809
"/Engine/EngineMaterials/Substrate/GLints/dict_16_192_64_0p5_0p02_0038_0003" 5810
"/Engine/EngineMaterials/Substrate/GLints/dict_16_192_64_0p5_0p02_0038_0002" 5811
"/Engine/EngineMaterials/Substrate/GLints/dict_16_192_64_0p5_0p02_0038_0001" 5812
"/Engine/EngineMaterials/Substrate/GLints/dict_16_192_64_0p5_0p02_0038_0000" 5813
"/Engine/EngineMaterials/Substrate/GLints/dict_16_192_64_0p5_0p02_0037_0015" 5814
"/Engine/EngineMaterials/Substrate/GLints/dict_16_192_64_0p5_0p02_0037_0014" 5815
"/Engine/EngineMaterials/Substrate/GLints/dict_16_192_64_0p5_0p02_0037_0013" 5816
"/Engine/EngineMaterials/Substrate/GLints/dict_16_192_64_0p5_0p02_0037_0012" 5817
"/Engine/EngineMaterials/Substrate/GLints/dict_16_192_64_0p5_0p02_0037_0011" 5818
"/Engine/EngineMaterials/Substrate/GLints/dict_16_192_64_0p5_0p02_0037_0010" 5819
"/Engine/EngineMaterials/Substrate/GLints/dict_16_192_64_0p5_0p02_0037_0009" 5820
"/Engine/EngineMaterials/Substrate/GLints/dict_16_192_64_0p5_0p02_0037_0008" 5821
"/Engine/EngineMaterials/Substrate/GLints/dict_16_192_64_0p5_0p02_0037_0007" 5822
"/Engine/EngineMaterials/Substrate/GLints/dict_16_192_64_0p5_0p02_0037_0006" 5823
"/Engine/EngineMaterials/Substrate/GLints/dict_16_192_64_0p5_0p02_0037_0005" 5824
"/Engine/EngineMaterials/Substrate/GLints/dict_16_192_64_0p5_0p02_0037_0004" 5825
"/Engine/EngineMaterials/Substrate/GLints/dict_16_192_64_0p5_0p02_0037_0003" 5826
"/Engine/EngineMaterials/Substrate/GLints/dict_16_192_64_0p5_0p02_0037_0002" 5827
"/Engine/EngineMaterials/Substrate/GLints/dict_16_192_64_0p5_0p02_0037_0001" 5828
"/Engine/EngineMaterials/Substrate/GLints/dict_16_192_64_0p5_0p02_0037_0000" 5829
"../../../Engine/Content/EngineMaterials/Substrate/GLints/dict_16_192_64_0p5_0p02_0039_0000.uasset" 5830
"/Engine/EngineMaterials/Substrate/GLints/dict_16_192_64_0p5_0p02_0038_0015" 5831
"../../../Engine/Content/EngineMaterials/Substrate/GLints/dict_16_192_64_0p5_0p02_0039_0001.uasset" 5832
"../../../Engine/Content/EngineMaterials/Substrate/GLints/dict_16_192_64_0p5_0p02_0039_0002.uasset" 5833
"../../../Engine/Content/EngineMaterials/Substrate/GLints/dict_16_192_64_0p5_0p02_0039_0003.uasset" 5834
"/Engine/EngineMaterials/Substrate/GLints/dict_16_192_64_0p5_0p02_0038_0014" 5835
"../../../Engine/Content/EngineMaterials/Substrate/GLints/dict_16_192_64_0p5_0p02_0039_0004.uasset" 5836
"../../../Engine/Content/EngineMaterials/Substrate/GLints/dict_16_192_64_0p5_0p02_0039_0005.uasset" 5837
"../../../Engine/Content/EngineMaterials/Substrate/GLints/dict_16_192_64_0p5_0p02_0039_0006.uasset" 5838
"/Engine/EngineMaterials/Substrate/GLints/dict_16_192_64_0p5_0p02_0038_0013" 5839
"../../../Engine/Content/EngineMaterials/Substrate/GLints/dict_16_192_64_0p5_0p02_0039_0007.uasset" 5840
"../../../Engine/Content/EngineMaterials/Substrate/GLints/dict_16_192_64_0p5_0p02_0039_0008.uasset" 5841
"../../../Engine/Content/EngineMaterials/Substrate/GLints/dict_16_192_64_0p5_0p02_0039_0009.uasset" 5842
"../../../Engine/Content/EngineMaterials/Substrate/GLints/dict_16_192_64_0p5_0p02_0039_0010.uasset" 5843
"/Engine/EngineMaterials/Substrate/GLints/dict_16_192_64_0p5_0p02_0038_0012" 5844
"../../../Engine/Content/EngineMaterials/Substrate/GLints/dict_16_192_64_0p5_0p02_0039_0011.uasset" 5845
"../../../Engine/Content/EngineMaterials/Substrate/GLints/dict_16_192_64_0p5_0p02_0039_0012.uasset" 5846
"../../../Engine/Content/EngineMaterials/Substrate/GLints/dict_16_192_64_0p5_0p02_0039_0013.uasset" 5847
"/Engine/EngineMaterials/Substrate/GLints/dict_16_192_64_0p5_0p02_0038_0011" 5848
"../../../Engine/Content/EngineMaterials/Substrate/GLints/dict_16_192_64_0p5_0p02_0039_0014.uasset" 5849
"../../../Engine/Content/EngineMaterials/Substrate/GLints/dict_16_192_64_0p5_0p02_0039_0015.uasset" 5850
"../../../Engine/Content/EngineMaterials/Substrate/GLints/dict_16_192_64_0p5_0p02_0040_0000.uasset" 5851
"../../../Engine/Content/EngineMaterials/Substrate/GLints/dict_16_192_64_0p5_0p02_0040_0001.uasset" 5852
"/Engine/EngineMaterials/Substrate/GLints/dict_16_192_64_0p5_0p02_0038_0010" 5853
"../../../Engine/Content/EngineMaterials/Substrate/GLints/dict_16_192_64_0p5_0p02_0040_0002.uasset" 5854
"../../../Engine/Content/EngineMaterials/Substrate/GLints/dict_16_192_64_0p5_0p02_0040_0003.uasset" 5855
"../../../Engine/Content/EngineMaterials/Substrate/GLints/dict_16_192_64_0p5_0p02_0040_0004.uasset" 5856
"/Engine/EngineMaterials/Substrate/GLints/dict_16_192_64_0p5_0p02_0038_0009" 5857
"../../../Engine/Content/EngineMaterials/Substrate/GLints/dict_16_192_64_0p5_0p02_0040_0005.uasset" 5858
"../../../Engine/Content/EngineMaterials/Substrate/GLints/dict_16_192_64_0p5_0p02_0040_0006.uasset" 5859
"../../../Engine/Content/EngineMaterials/Substrate/GLints/dict_16_192_64_0p5_0p02_0040_0007.uasset" 5860
"/Engine/EngineMaterials/Substrate/GLints/dict_16_192_64_0p5_0p02_0038_0008" 5861
"../../../Engine/Content/EngineMaterials/Substrate/GLints/dict_16_192_64_0p5_0p02_0040_0008.uasset" 5862
"../../../Engine/Content/EngineMaterials/Substrate/GLints/dict_16_192_64_0p5_0p02_0040_0009.uasset" 5863
"../../../Engine/Content/EngineMaterials/Substrate/GLints/dict_16_192_64_0p5_0p02_0040_0010.uasset" 5864
"../../../Engine/Content/EngineMaterials/Substrate/GLints/dict_16_192_64_0p5_0p02_0040_0011.uasset" 5865
"/Engine/EngineMaterials/Substrate/GLints/dict_16_192_64_0p5_0p02_0040_0007" 5866
"../../../Engine/Content/EngineMaterials/Substrate/GLints/dict_16_192_64_0p5_0p02_0040_0012.uasset" 5867
"../../../Engine/Content/EngineMaterials/Substrate/GLints/dict_16_192_64_0p5_0p02_0040_0013.uasset" 5868
"../../../Engine/Content/EngineMaterials/Substrate/GLints/dict_16_192_64_0p5_0p02_0040_0014.uasset" 5869
"../../../Engine/Content/EngineMaterials/Substrate/GLints/dict_16_192_64_0p5_0p02_0040_0015.uasset" 5870
"/Engine/EngineMaterials/Substrate/GLints/dict_16_192_64_0p5_0p02_0040_0006" 5871
"/Engine/EngineMaterials/Substrate/GLints/dict_16_192_64_0p5_0p02_0040_0005" 5872
"/Engine/EngineMaterials/Substrate/GLints/dict_16_192_64_0p5_0p02_0040_0004" 5873
"/Engine/EngineMaterials/Substrate/GLints/dict_16_192_64_0p5_0p02_0040_0003" 5874
"/Engine/EngineMaterials/Substrate/GLints/dict_16_192_64_0p5_0p02_0040_0002" 5875
"/Engine/EngineMaterials/Substrate/GLints/dict_16_192_64_0p5_0p02_0040_0001" 5876
"/Engine/EngineMaterials/Substrate/GLints/dict_16_192_64_0p5_0p02_0040_0000" 5877
"/Engine/EngineMaterials/Substrate/GLints/dict_16_192_64_0p5_0p02_0039_0015" 5878
"/Engine/EngineMaterials/Substrate/GLints/dict_16_192_64_0p5_0p02_0039_0014" 5879
"/Engine/EngineMaterials/Substrate/GLints/dict_16_192_64_0p5_0p02_0039_0013" 5880
"/Engine/EngineMaterials/Substrate/GLints/dict_16_192_64_0p5_0p02_0039_0012" 5881
"/Engine/EngineMaterials/Substrate/GLints/dict_16_192_64_0p5_0p02_0039_0011" 5882
"/Engine/EngineMaterials/Substrate/GLints/dict_16_192_64_0p5_0p02_0039_0010" 5883
"/Engine/EngineMaterials/Substrate/GLints/dict_16_192_64_0p5_0p02_0039_0009" 5884
"/Engine/EngineMaterials/Substrate/GLints/dict_16_192_64_0p5_0p02_0039_0008" 5885
"/Engine/EngineMaterials/Substrate/GLints/dict_16_192_64_0p5_0p02_0039_0007" 5886
"/Engine/EngineMaterials/Substrate/GLints/dict_16_192_64_0p5_0p02_0040_0008" 5887
"/Engine/EngineMaterials/Substrate/GLints/dict_16_192_64_0p5_0p02_0039_0006" 5888
"/Engine/EngineMaterials/Substrate/GLints/dict_16_192_64_0p5_0p02_0039_0005" 5889
"/Engine/EngineMaterials/Substrate/GLints/dict_16_192_64_0p5_0p02_0039_0004" 5890
"/Engine/EngineMaterials/Substrate/GLints/dict_16_192_64_0p5_0p02_0039_0003" 5891
"/Engine/EngineMaterials/Substrate/GLints/dict_16_192_64_0p5_0p02_0039_0002" 5892
"/Engine/EngineMaterials/Substrate/GLints/dict_16_192_64_0p5_0p02_0039_0001" 5893
"/Engine/EngineMaterials/Substrate/GLints/dict_16_192_64_0p5_0p02_0039_0000" 5894
"../../../Engine/Content/EngineMaterials/Substrate/GLints/dict_16_192_64_0p5_0p02_0041_0001.uasset" 5895
"../../../Engine/Content/EngineMaterials/Substrate/GLints/dict_16_192_64_0p5_0p02_0041_0000.uasset" 5896
"../../../Engine/Content/EngineMaterials/Substrate/GLints/dict_16_192_64_0p5_0p02_0041_0002.uasset" 5897
"../../../Engine/Content/EngineMaterials/Substrate/GLints/dict_16_192_64_0p5_0p02_0041_0003.uasset" 5898
"../../../Engine/Content/EngineMaterials/Substrate/GLints/dict_16_192_64_0p5_0p02_0041_0004.uasset" 5899
"/Engine/EngineMaterials/Substrate/GLints/dict_16_192_64_0p5_0p02_0040_0015" 5900
"../../../Engine/Content/EngineMaterials/Substrate/GLints/dict_16_192_64_0p5_0p02_0041_0005.uasset" 5901
"../../../Engine/Content/EngineMaterials/Substrate/GLints/dict_16_192_64_0p5_0p02_0041_0007.uasset" 5902
"../../../Engine/Content/EngineMaterials/Substrate/GLints/dict_16_192_64_0p5_0p02_0041_0008.uasset" 5903
"../../../Engine/Content/EngineMaterials/Substrate/GLints/dict_16_192_64_0p5_0p02_0041_0009.uasset" 5904
"../../../Engine/Content/EngineMaterials/Substrate/GLints/dict_16_192_64_0p5_0p02_0041_0010.uasset" 5905
"../../../Engine/Content/EngineMaterials/Substrate/GLints/dict_16_192_64_0p5_0p02_0041_0006.uasset" 5906
"../../../Engine/Content/EngineMaterials/Substrate/GLints/dict_16_192_64_0p5_0p02_0041_0012.uasset" 5907
"../../../Engine/Content/EngineMaterials/Substrate/GLints/dict_16_192_64_0p5_0p02_0041_0013.uasset" 5908
"/Engine/EngineMaterials/Substrate/GLints/dict_16_192_64_0p5_0p02_0040_0014" 5909
"../../../Engine/Content/EngineMaterials/Substrate/GLints/dict_16_192_64_0p5_0p02_0041_0014.uasset" 5910
"../../../Engine/Content/EngineMaterials/Substrate/GLints/dict_16_192_64_0p5_0p02_0041_0015.uasset" 5911
"../../../Engine/Content/EngineMaterials/Substrate/GLints/dict_16_192_64_0p5_0p02_0041_0011.uasset" 5912
"../../../Engine/Content/EngineMaterials/Substrate/GLints/dict_16_192_64_0p5_0p02_0042_0001.uasset" 5913
"../../../Engine/Content/EngineMaterials/Substrate/GLints/dict_16_192_64_0p5_0p02_0042_0002.uasset" 5914
"../../../Engine/Content/EngineMaterials/Substrate/GLints/dict_16_192_64_0p5_0p02_0042_0003.uasset" 5915
"../../../Engine/Content/EngineMaterials/Substrate/GLints/dict_16_192_64_0p5_0p02_0042_0004.uasset" 5916
"../../../Engine/Content/EngineMaterials/Substrate/GLints/dict_16_192_64_0p5_0p02_0042_0005.uasset" 5917
"/Engine/EngineMaterials/Substrate/GLints/dict_16_192_64_0p5_0p02_0040_0013" 5918
"../../../Engine/Content/EngineMaterials/Substrate/GLints/dict_16_192_64_0p5_0p02_0042_0006.uasset" 5919
"../../../Engine/Content/EngineMaterials/Substrate/GLints/dict_16_192_64_0p5_0p02_0042_0007.uasset" 5920
"../../../Engine/Content/EngineMaterials/Substrate/GLints/dict_16_192_64_0p5_0p02_0042_0008.uasset" 5921
"../../../Engine/Content/EngineMaterials/Substrate/GLints/dict_16_192_64_0p5_0p02_0042_0000.uasset" 5922
"/Engine/EngineMaterials/Substrate/GLints/dict_16_192_64_0p5_0p02_0040_0012" 5923
"/Engine/EngineMaterials/Substrate/GLints/dict_16_192_64_0p5_0p02_0040_0011" 5924
"/Engine/EngineMaterials/Substrate/GLints/dict_16_192_64_0p5_0p02_0040_0010" 5925
"/Engine/EngineMaterials/Substrate/GLints/dict_16_192_64_0p5_0p02_0040_0009" 5926
"/Engine/EngineMaterials/Substrate/GLints/dict_16_192_64_0p5_0p02_0041_0001" 5927
"/Engine/EngineMaterials/Substrate/GLints/dict_16_192_64_0p5_0p02_0041_0000" 5928
"../../../Engine/Content/EngineMaterials/Substrate/GLints/dict_16_192_64_0p5_0p02_0042_0009.uasset" 5929
"../../../Engine/Content/EngineMaterials/Substrate/GLints/dict_16_192_64_0p5_0p02_0042_0010.uasset" 5930
"/Engine/EngineMaterials/Substrate/GLints/dict_16_192_64_0p5_0p02_0042_0008" 5931
"../../../Engine/Content/EngineMaterials/Substrate/GLints/dict_16_192_64_0p5_0p02_0042_0011.uasset" 5932
"../../../Engine/Content/EngineMaterials/Substrate/GLints/dict_16_192_64_0p5_0p02_0042_0012.uasset" 5933
"../../../Engine/Content/EngineMaterials/Substrate/GLints/dict_16_192_64_0p5_0p02_0042_0014.uasset" 5934
"../../../Engine/Content/EngineMaterials/Substrate/GLints/dict_16_192_64_0p5_0p02_0042_0015.uasset" 5935
"../../../Engine/Content/EngineMaterials/Substrate/GLints/dict_16_192_64_0p5_0p02_0043_0000.uasset" 5936
"../../../Engine/Content/EngineMaterials/Substrate/GLints/dict_16_192_64_0p5_0p02_0043_0001.uasset" 5937
"../../../Engine/Content/EngineMaterials/Substrate/GLints/dict_16_192_64_0p5_0p02_0042_0013.uasset" 5938
"/Engine/EngineMaterials/Substrate/GLints/dict_16_192_64_0p5_0p02_0042_0007" 5939
"/Engine/EngineMaterials/Substrate/GLints/dict_16_192_64_0p5_0p02_0042_0006" 5940
"/Engine/EngineMaterials/Substrate/GLints/dict_16_192_64_0p5_0p02_0042_0005" 5941
"/Engine/EngineMaterials/Substrate/GLints/dict_16_192_64_0p5_0p02_0042_0004" 5942
"/Engine/EngineMaterials/Substrate/GLints/dict_16_192_64_0p5_0p02_0042_0003" 5943
"/Engine/EngineMaterials/Substrate/GLints/dict_16_192_64_0p5_0p02_0042_0002" 5944
"/Engine/EngineMaterials/Substrate/GLints/dict_16_192_64_0p5_0p02_0042_0001" 5945
"/Engine/EngineMaterials/Substrate/GLints/dict_16_192_64_0p5_0p02_0042_0000" 5946
"/Engine/EngineMaterials/Substrate/GLints/dict_16_192_64_0p5_0p02_0041_0015" 5947
"/Engine/EngineMaterials/Substrate/GLints/dict_16_192_64_0p5_0p02_0041_0014" 5948
"/Engine/EngineMaterials/Substrate/GLints/dict_16_192_64_0p5_0p02_0041_0013" 5949
"/Engine/EngineMaterials/Substrate/GLints/dict_16_192_64_0p5_0p02_0041_0012" 5950
"/Engine/EngineMaterials/Substrate/GLints/dict_16_192_64_0p5_0p02_0041_0011" 5951
"/Engine/EngineMaterials/Substrate/GLints/dict_16_192_64_0p5_0p02_0041_0010" 5952
"/Engine/EngineMaterials/Substrate/GLints/dict_16_192_64_0p5_0p02_0041_0009" 5953
"/Engine/EngineMaterials/Substrate/GLints/dict_16_192_64_0p5_0p02_0041_0008" 5954
"/Engine/EngineMaterials/Substrate/GLints/dict_16_192_64_0p5_0p02_0041_0007" 5955
"/Engine/EngineMaterials/Substrate/GLints/dict_16_192_64_0p5_0p02_0041_0006" 5956
"/Engine/EngineMaterials/Substrate/GLints/dict_16_192_64_0p5_0p02_0041_0005" 5957
"/Engine/EngineMaterials/Substrate/GLints/dict_16_192_64_0p5_0p02_0041_0004" 5958
"/Engine/EngineMaterials/Substrate/GLints/dict_16_192_64_0p5_0p02_0041_0003" 5959
"/Engine/EngineMaterials/Substrate/GLints/dict_16_192_64_0p5_0p02_0041_0002" 5960
"../../../Engine/Content/EngineMaterials/Substrate/GLints/dict_16_192_64_0p5_0p02_0043_0002.uasset" 5961
"../../../Engine/Content/EngineMaterials/Substrate/GLints/dict_16_192_64_0p5_0p02_0043_0003.uasset" 5962
"/Engine/EngineMaterials/Substrate/GLints/dict_16_192_64_0p5_0p02_0043_0001" 5963
"../../../Engine/Content/EngineMaterials/Substrate/GLints/dict_16_192_64_0p5_0p02_0043_0005.uasset" 5964
"../../../Engine/Content/EngineMaterials/Substrate/GLints/dict_16_192_64_0p5_0p02_0043_0004.uasset" 5965
"../../../Engine/Content/EngineMaterials/Substrate/GLints/dict_16_192_64_0p5_0p02_0043_0006.uasset" 5966
"../../../Engine/Content/EngineMaterials/Substrate/GLints/dict_16_192_64_0p5_0p02_0043_0007.uasset" 5967
"../../../Engine/Content/EngineMaterials/Substrate/GLints/dict_16_192_64_0p5_0p02_0043_0008.uasset" 5968
"/Engine/EngineMaterials/Substrate/GLints/dict_16_192_64_0p5_0p02_0043_0000" 5969
"../../../Engine/Content/EngineMaterials/Substrate/GLints/dict_16_192_64_0p5_0p02_0043_0009.uasset" 5970
"../../../Engine/Content/EngineMaterials/Substrate/GLints/dict_16_192_64_0p5_0p02_0043_0010.uasset" 5971
"../../../Engine/Content/EngineMaterials/Substrate/GLints/dict_16_192_64_0p5_0p02_0043_0011.uasset" 5972
"../../../Engine/Content/EngineMaterials/Substrate/GLints/dict_16_192_64_0p5_0p02_0043_0012.uasset" 5973
"../../../Engine/Content/EngineMaterials/Substrate/GLints/dict_16_192_64_0p5_0p02_0043_0013.uasset" 5974
"../../../Engine/Content/EngineMaterials/Substrate/GLints/dict_16_192_64_0p5_0p02_0043_0014.uasset" 5975
"../../../Engine/Content/EngineMaterials/Substrate/GLints/dict_16_192_64_0p5_0p02_0043_0015.uasset" 5976
"/Engine/EngineMaterials/Substrate/GLints/dict_16_192_64_0p5_0p02_0042_0015" 5977
"../../../Engine/Content/EngineMaterials/Substrate/GLints/dict_16_192_64_0p5_0p02_0044_0000.uasset" 5978
"../../../Engine/Content/EngineMaterials/Substrate/GLints/dict_16_192_64_0p5_0p02_0044_0001.uasset" 5979
"../../../Engine/Content/EngineMaterials/Substrate/GLints/dict_16_192_64_0p5_0p02_0044_0002.uasset" 5980
"../../../Engine/Content/EngineMaterials/Substrate/GLints/dict_16_192_64_0p5_0p02_0044_0003.uasset" 5981
"../../../Engine/Content/EngineMaterials/Substrate/GLints/dict_16_192_64_0p5_0p02_0044_0004.uasset" 5982
"../../../Engine/Content/EngineMaterials/Substrate/GLints/dict_16_192_64_0p5_0p02_0044_0005.uasset" 5983
"../../../Engine/Content/EngineMaterials/Substrate/GLints/dict_16_192_64_0p5_0p02_0044_0006.uasset" 5984
"../../../Engine/Content/EngineMaterials/Substrate/GLints/dict_16_192_64_0p5_0p02_0044_0007.uasset" 5985
"/Engine/EngineMaterials/Substrate/GLints/dict_16_192_64_0p5_0p02_0042_0014" 5986
"../../../Engine/Content/EngineMaterials/Substrate/GLints/dict_16_192_64_0p5_0p02_0044_0008.uasset" 5987
"/Engine/EngineMaterials/Substrate/GLints/dict_16_192_64_0p5_0p02_0042_0013" 5988
"/Engine/EngineMaterials/Substrate/GLints/dict_16_192_64_0p5_0p02_0042_0012" 5989
"/Engine/EngineMaterials/Substrate/GLints/dict_16_192_64_0p5_0p02_0042_0011" 5990
"/Engine/EngineMaterials/Substrate/GLints/dict_16_192_64_0p5_0p02_0042_0010" 5991
"/Engine/EngineMaterials/Substrate/GLints/dict_16_192_64_0p5_0p02_0042_0009" 5992
"../../../Engine/Content/EngineMaterials/Substrate/GLints/dict_16_192_64_0p5_0p02_0044_0010.uasset" 5993
"../../../Engine/Content/EngineMaterials/Substrate/GLints/dict_16_192_64_0p5_0p02_0044_0009.uasset" 5994
"/Engine/EngineMaterials/Substrate/GLints/dict_16_192_64_0p5_0p02_0044_0008" 5995
"../../../Engine/Content/EngineMaterials/Substrate/GLints/dict_16_192_64_0p5_0p02_0044_0011.uasset" 5996
"../../../Engine/Content/EngineMaterials/Substrate/GLints/dict_16_192_64_0p5_0p02_0044_0012.uasset" 5997
"../../../Engine/Content/EngineMaterials/Substrate/GLints/dict_16_192_64_0p5_0p02_0044_0013.uasset" 5998
"../../../Engine/Content/EngineMaterials/Substrate/GLints/dict_16_192_64_0p5_0p02_0044_0014.uasset" 5999
"../../../Engine/Content/EngineMaterials/Substrate/GLints/dict_16_192_64_0p5_0p02_0044_0015.uasset" 6000
"../../../Engine/Content/EngineMaterials/Substrate/GLints/dict_16_192_64_0p5_0p02_0045_0000.uasset" 6001
"../../../Engine/Content/EngineMaterials/Substrate/GLints/dict_16_192_64_0p5_0p02_0045_0001.uasset" 6002
"/Engine/EngineMaterials/Substrate/GLints/dict_16_192_64_0p5_0p02_0044_0007" 6003
"/Engine/EngineMaterials/Substrate/GLints/dict_16_192_64_0p5_0p02_0044_0006" 6004
"/Engine/EngineMaterials/Substrate/GLints/dict_16_192_64_0p5_0p02_0044_0005" 6005
"/Engine/EngineMaterials/Substrate/GLints/dict_16_192_64_0p5_0p02_0044_0004" 6006
"/Engine/EngineMaterials/Substrate/GLints/dict_16_192_64_0p5_0p02_0044_0003" 6007
"/Engine/EngineMaterials/Substrate/GLints/dict_16_192_64_0p5_0p02_0044_0002" 6008
"/Engine/EngineMaterials/Substrate/GLints/dict_16_192_64_0p5_0p02_0044_0001" 6009
"/Engine/EngineMaterials/Substrate/GLints/dict_16_192_64_0p5_0p02_0044_0000" 6010
"/Engine/EngineMaterials/Substrate/GLints/dict_16_192_64_0p5_0p02_0043_0015" 6011
"/Engine/EngineMaterials/Substrate/GLints/dict_16_192_64_0p5_0p02_0043_0014" 6012
"/Engine/EngineMaterials/Substrate/GLints/dict_16_192_64_0p5_0p02_0043_0013" 6013
"/Engine/EngineMaterials/Substrate/GLints/dict_16_192_64_0p5_0p02_0043_0012" 6014
"/Engine/EngineMaterials/Substrate/GLints/dict_16_192_64_0p5_0p02_0043_0011" 6015
"/Engine/EngineMaterials/Substrate/GLints/dict_16_192_64_0p5_0p02_0043_0010" 6016
"/Engine/EngineMaterials/Substrate/GLints/dict_16_192_64_0p5_0p02_0043_0009" 6017
"/Engine/EngineMaterials/Substrate/GLints/dict_16_192_64_0p5_0p02_0043_0008" 6018
"/Engine/EngineMaterials/Substrate/GLints/dict_16_192_64_0p5_0p02_0043_0007" 6019
"/Engine/EngineMaterials/Substrate/GLints/dict_16_192_64_0p5_0p02_0043_0006" 6020
"/Engine/EngineMaterials/Substrate/GLints/dict_16_192_64_0p5_0p02_0043_0005" 6021
"/Engine/EngineMaterials/Substrate/GLints/dict_16_192_64_0p5_0p02_0043_0004" 6022
"/Engine/EngineMaterials/Substrate/GLints/dict_16_192_64_0p5_0p02_0043_0003" 6023
"/Engine/EngineMaterials/Substrate/GLints/dict_16_192_64_0p5_0p02_0043_0002" 6024
"/Engine/EngineMaterials/Substrate/GLints/dict_16_192_64_0p5_0p02_0045_0001" 6025
"/Engine/EngineMaterials/Substrate/GLints/dict_16_192_64_0p5_0p02_0045_0000" 6026
"../../../Engine/Content/EngineMaterials/Substrate/GLints/dict_16_192_64_0p5_0p02_0045_0002.uasset" 6027
"../../../Engine/Content/EngineMaterials/Substrate/GLints/dict_16_192_64_0p5_0p02_0045_0004.uasset" 6028
"/Engine/EngineMaterials/Substrate/GLints/dict_16_192_64_0p5_0p02_0044_0015" 6029
"../../../Engine/Content/EngineMaterials/Substrate/GLints/dict_16_192_64_0p5_0p02_0045_0005.uasset" 6030
"../../../Engine/Content/EngineMaterials/Substrate/GLints/dict_16_192_64_0p5_0p02_0045_0006.uasset" 6031
"/Engine/EngineMaterials/Substrate/GLints/dict_16_192_64_0p5_0p02_0044_0014" 6032
"../../../Engine/Content/EngineMaterials/Substrate/GLints/dict_16_192_64_0p5_0p02_0045_0007.uasset" 6033
"../../../Engine/Content/EngineMaterials/Substrate/GLints/dict_16_192_64_0p5_0p02_0045_0003.uasset" 6034
"../../../Engine/Content/EngineMaterials/Substrate/GLints/dict_16_192_64_0p5_0p02_0045_0008.uasset" 6035
"../../../Engine/Content/EngineMaterials/Substrate/GLints/dict_16_192_64_0p5_0p02_0045_0009.uasset" 6036
"/Engine/EngineMaterials/Substrate/GLints/dict_16_192_64_0p5_0p02_0044_0013" 6037
"../../../Engine/Content/EngineMaterials/Substrate/GLints/dict_16_192_64_0p5_0p02_0045_0010.uasset" 6038
"../../../Engine/Content/EngineMaterials/Substrate/GLints/dict_16_192_64_0p5_0p02_0045_0011.uasset" 6039
"../../../Engine/Content/EngineMaterials/Substrate/GLints/dict_16_192_64_0p5_0p02_0045_0013.uasset" 6040
"../../../Engine/Content/EngineMaterials/Substrate/GLints/dict_16_192_64_0p5_0p02_0045_0012.uasset" 6041
"../../../Engine/Content/EngineMaterials/Substrate/GLints/dict_16_192_64_0p5_0p02_0045_0014.uasset" 6042
"/Engine/EngineMaterials/Substrate/GLints/dict_16_192_64_0p5_0p02_0044_0012" 6043
"../../../Engine/Content/EngineMaterials/Substrate/GLints/dict_16_192_64_0p5_0p02_0045_0015.uasset" 6044
"../../../Engine/Content/EngineMaterials/Substrate/GLints/dict_16_192_64_0p5_0p02_0046_0001.uasset" 6045
"../../../Engine/Content/EngineMaterials/Substrate/GLints/dict_16_192_64_0p5_0p02_0046_0000.uasset" 6046
"../../../Engine/Content/EngineMaterials/Substrate/GLints/dict_16_192_64_0p5_0p02_0046_0002.uasset" 6047
"/Engine/EngineMaterials/Substrate/GLints/dict_16_192_64_0p5_0p02_0044_0011" 6048
"../../../Engine/Content/EngineMaterials/Substrate/GLints/dict_16_192_64_0p5_0p02_0046_0003.uasset" 6049
"../../../Engine/Content/EngineMaterials/Substrate/GLints/dict_16_192_64_0p5_0p02_0046_0004.uasset" 6050
"../../../Engine/Content/EngineMaterials/Substrate/GLints/dict_16_192_64_0p5_0p02_0046_0005.uasset" 6051
"../../../Engine/Content/EngineMaterials/Substrate/GLints/dict_16_192_64_0p5_0p02_0046_0006.uasset" 6052
"../../../Engine/Content/EngineMaterials/Substrate/GLints/dict_16_192_64_0p5_0p02_0046_0007.uasset" 6053
"/Engine/EngineMaterials/Substrate/GLints/dict_16_192_64_0p5_0p02_0044_0010" 6054
"../../../Engine/Content/EngineMaterials/Substrate/GLints/dict_16_192_64_0p5_0p02_0046_0008.uasset" 6055
"/Engine/EngineMaterials/Substrate/GLints/dict_16_192_64_0p5_0p02_0044_0009" 6056
"../../../Engine/Content/EngineMaterials/Substrate/GLints/dict_16_192_64_0p5_0p02_0046_0009.uasset" 6057
"../../../Engine/Content/EngineMaterials/Substrate/GLints/dict_16_192_64_0p5_0p02_0046_0010.uasset" 6058
"../../../Engine/Content/EngineMaterials/Substrate/GLints/dict_16_192_64_0p5_0p02_0046_0011.uasset" 6059
"/Engine/EngineMaterials/Substrate/GLints/dict_16_192_64_0p5_0p02_0046_0008" 6060
"../../../Engine/Content/EngineMaterials/Substrate/GLints/dict_16_192_64_0p5_0p02_0046_0012.uasset" 6061
"../../../Engine/Content/EngineMaterials/Substrate/GLints/dict_16_192_64_0p5_0p02_0046_0013.uasset" 6062
"../../../Engine/Content/EngineMaterials/Substrate/GLints/dict_16_192_64_0p5_0p02_0046_0014.uasset" 6063
"../../../Engine/Content/EngineMaterials/Substrate/GLints/dict_16_192_64_0p5_0p02_0046_0015.uasset" 6064
"../../../Engine/Content/EngineMaterials/Substrate/GLints/dict_16_192_64_0p5_0p02_0047_0000.uasset" 6065
"../../../Engine/Content/EngineMaterials/Substrate/GLints/dict_16_192_64_0p5_0p02_0047_0001.uasset" 6066
"/Engine/EngineMaterials/Substrate/GLints/dict_16_192_64_0p5_0p02_0046_0007" 6067
"/Engine/EngineMaterials/Substrate/GLints/dict_16_192_64_0p5_0p02_0046_0006" 6068
"/Engine/EngineMaterials/Substrate/GLints/dict_16_192_64_0p5_0p02_0046_0005" 6069
"/Engine/EngineMaterials/Substrate/GLints/dict_16_192_64_0p5_0p02_0046_0004" 6070
"/Engine/EngineMaterials/Substrate/GLints/dict_16_192_64_0p5_0p02_0046_0003" 6071
"/Engine/EngineMaterials/Substrate/GLints/dict_16_192_64_0p5_0p02_0046_0002" 6072
"/Engine/EngineMaterials/Substrate/GLints/dict_16_192_64_0p5_0p02_0046_0001" 6073
"/Engine/EngineMaterials/Substrate/GLints/dict_16_192_64_0p5_0p02_0046_0000" 6074
"/Engine/EngineMaterials/Substrate/GLints/dict_16_192_64_0p5_0p02_0045_0015" 6075
"/Engine/EngineMaterials/Substrate/GLints/dict_16_192_64_0p5_0p02_0045_0014" 6076
"/Engine/EngineMaterials/Substrate/GLints/dict_16_192_64_0p5_0p02_0045_0013" 6077
"/Engine/EngineMaterials/Substrate/GLints/dict_16_192_64_0p5_0p02_0045_0012" 6078
"/Engine/EngineMaterials/Substrate/GLints/dict_16_192_64_0p5_0p02_0045_0011" 6079
"/Engine/EngineMaterials/Substrate/GLints/dict_16_192_64_0p5_0p02_0045_0010" 6080
"/Engine/EngineMaterials/Substrate/GLints/dict_16_192_64_0p5_0p02_0045_0009" 6081
"/Engine/EngineMaterials/Substrate/GLints/dict_16_192_64_0p5_0p02_0045_0008" 6082
"/Engine/EngineMaterials/Substrate/GLints/dict_16_192_64_0p5_0p02_0045_0007" 6083
"/Engine/EngineMaterials/Substrate/GLints/dict_16_192_64_0p5_0p02_0045_0006" 6084
"/Engine/EngineMaterials/Substrate/GLints/dict_16_192_64_0p5_0p02_0045_0005" 6085
"/Engine/EngineMaterials/Substrate/GLints/dict_16_192_64_0p5_0p02_0045_0004" 6086
"/Engine/EngineMaterials/Substrate/GLints/dict_16_192_64_0p5_0p02_0045_0003" 6087
"/Engine/EngineMaterials/Substrate/GLints/dict_16_192_64_0p5_0p02_0045_0002" 6088
"/Engine/EngineMaterials/Substrate/GLints/dict_16_192_64_0p5_0p02_0046_0009" 6089
"../../../Engine/Content/EngineMaterials/Substrate/GLints/dict_16_192_64_0p5_0p02_0047_0002.uasset" 6090
"/Engine/EngineMaterials/Substrate/GLints/dict_16_192_64_0p5_0p02_0047_0001" 6091
"../../../Engine/Content/EngineMaterials/Substrate/GLints/dict_16_192_64_0p5_0p02_0047_0003.uasset" 6092
"../../../Engine/Content/EngineMaterials/Substrate/GLints/dict_16_192_64_0p5_0p02_0047_0004.uasset" 6093
"../../../Engine/Content/EngineMaterials/Substrate/GLints/dict_16_192_64_0p5_0p02_0047_0005.uasset" 6094
"../../../Engine/Content/EngineMaterials/Substrate/GLints/dict_16_192_64_0p5_0p02_0047_0006.uasset" 6095
"../../../Engine/Content/EngineMaterials/Substrate/GLints/dict_16_192_64_0p5_0p02_0047_0007.uasset" 6096
"/Engine/EngineMaterials/Substrate/GLints/dict_16_192_64_0p5_0p02_0047_0000" 6097
"../../../Engine/Content/EngineMaterials/Substrate/GLints/dict_16_192_64_0p5_0p02_0047_0008.uasset" 6098
"../../../Engine/Content/EngineMaterials/Substrate/GLints/dict_16_192_64_0p5_0p02_0047_0009.uasset" 6099
"../../../Engine/Content/EngineMaterials/Substrate/GLints/dict_16_192_64_0p5_0p02_0047_0010.uasset" 6100
"../../../Engine/Content/EngineMaterials/Substrate/GLints/dict_16_192_64_0p5_0p02_0047_0011.uasset" 6101
"/Engine/EngineMaterials/Substrate/GLints/dict_16_192_64_0p5_0p02_0046_0015" 6102
"/Engine/EngineMaterials/Substrate/GLints/dict_16_192_64_0p5_0p02_0046_0014" 6103
"../../../Engine/Content/EngineMaterials/Substrate/GLints/dict_16_192_64_0p5_0p02_0047_0012.uasset" 6104
"/Engine/EngineMaterials/Substrate/GLints/dict_16_192_64_0p5_0p02_0046_0013" 6105
"../../../Engine/Content/EngineMaterials/Substrate/GLints/dict_16_192_64_0p5_0p02_0047_0013.uasset" 6106
"../../../Engine/Content/EngineMaterials/Substrate/GLints/dict_16_192_64_0p5_0p02_0047_0014.uasset" 6107
"/Engine/EngineMaterials/Substrate/GLints/dict_16_192_64_0p5_0p02_0046_0012" 6108
"../../../Engine/Content/EngineMaterials/Substrate/GLints/dict_16_192_64_0p5_0p02_0047_0015.uasset" 6109
"../../../Engine/Content/EngineMaterials/Substrate/GLints/dict_16_192_64_0p5_0p02_0048_0000.uasset" 6110
"../../../Engine/Content/EngineMaterials/Substrate/GLints/dict_16_192_64_0p5_0p02_0048_0001.uasset" 6111
"/Engine/EngineMaterials/Substrate/GLints/dict_16_192_64_0p5_0p02_0046_0011" 6112
"../../../Engine/Content/EngineMaterials/Substrate/GLints/dict_16_192_64_0p5_0p02_0048_0002.uasset" 6113
"../../../Engine/Content/EngineMaterials/Substrate/GLints/dict_16_192_64_0p5_0p02_0048_0003.uasset" 6114
"../../../Engine/Content/EngineMaterials/Substrate/GLints/dict_16_192_64_0p5_0p02_0048_0004.uasset" 6115
"/Engine/EngineMaterials/Substrate/GLints/dict_16_192_64_0p5_0p02_0046_0010" 6116
"../../../Engine/Content/EngineMaterials/Substrate/GLints/dict_16_192_64_0p5_0p02_0048_0005.uasset" 6117
"../../../Engine/Content/EngineMaterials/Substrate/GLints/dict_16_192_64_0p5_0p02_0048_0006.uasset" 6118
"../../../Engine/Content/EngineMaterials/Substrate/GLints/dict_16_192_64_0p5_0p02_0048_0008.uasset" 6119
"../../../Engine/Content/EngineMaterials/Substrate/GLints/dict_16_192_64_0p5_0p02_0048_0007.uasset" 6120
"../../../Engine/Content/EngineMaterials/Substrate/GLints/dict_16_192_64_0p5_0p02_0048_0009.uasset" 6121
"../../../Engine/Content/EngineMaterials/Substrate/GLints/dict_16_192_64_0p5_0p02_0048_0010.uasset" 6122
"../../../Engine/Content/EngineMaterials/Substrate/GLints/dict_16_192_64_0p5_0p02_0048_0011.uasset" 6123
"../../../Engine/Content/EngineMaterials/Substrate/GLints/dict_16_192_64_0p5_0p02_0048_0012.uasset" 6124
"../../../Engine/Content/EngineMaterials/Substrate/GLints/dict_16_192_64_0p5_0p02_0048_0013.uasset" 6125
"../../../Engine/Content/EngineMaterials/Substrate/GLints/dict_16_192_64_0p5_0p02_0048_0014.uasset" 6126
"../../../Engine/Content/EngineMaterials/Substrate/GLints/dict_16_192_64_0p5_0p02_0049_0000.uasset" 6127
"../../../Engine/Content/EngineMaterials/Substrate/GLints/dict_16_192_64_0p5_0p02_0049_0001.uasset" 6128
"../../../Engine/Content/EngineMaterials/Substrate/GLints/dict_16_192_64_0p5_0p02_0048_0015.uasset" 6129
"/Engine/EngineMaterials/Substrate/GLints/dict_16_192_64_0p5_0p02_0048_0009" 6130
"/Engine/EngineMaterials/Substrate/GLints/dict_16_192_64_0p5_0p02_0048_0008" 6131
"/Engine/EngineMaterials/Substrate/GLints/dict_16_192_64_0p5_0p02_0048_0007" 6132
"/Engine/EngineMaterials/Substrate/GLints/dict_16_192_64_0p5_0p02_0048_0006" 6133
"/Engine/EngineMaterials/Substrate/GLints/dict_16_192_64_0p5_0p02_0048_0005" 6134
"/Engine/EngineMaterials/Substrate/GLints/dict_16_192_64_0p5_0p02_0048_0004" 6135
"/Engine/EngineMaterials/Substrate/GLints/dict_16_192_64_0p5_0p02_0048_0003" 6136
"/Engine/EngineMaterials/Substrate/GLints/dict_16_192_64_0p5_0p02_0048_0002" 6137
"/Engine/EngineMaterials/Substrate/GLints/dict_16_192_64_0p5_0p02_0048_0001" 6138
"/Engine/EngineMaterials/Substrate/GLints/dict_16_192_64_0p5_0p02_0048_0000" 6139
"/Engine/EngineMaterials/Substrate/GLints/dict_16_192_64_0p5_0p02_0047_0015" 6140
"/Engine/EngineMaterials/Substrate/GLints/dict_16_192_64_0p5_0p02_0047_0014" 6141
"/Engine/EngineMaterials/Substrate/GLints/dict_16_192_64_0p5_0p02_0047_0013" 6142
"/Engine/EngineMaterials/Substrate/GLints/dict_16_192_64_0p5_0p02_0047_0012" 6143
"/Engine/EngineMaterials/Substrate/GLints/dict_16_192_64_0p5_0p02_0047_0011" 6144
"/Engine/EngineMaterials/Substrate/GLints/dict_16_192_64_0p5_0p02_0047_0010" 6145
"/Engine/EngineMaterials/Substrate/GLints/dict_16_192_64_0p5_0p02_0047_0009" 6146
"/Engine/EngineMaterials/Substrate/GLints/dict_16_192_64_0p5_0p02_0048_0011" 6147
"/Engine/EngineMaterials/Substrate/GLints/dict_16_192_64_0p5_0p02_0047_0008" 6148
"/Engine/EngineMaterials/Substrate/GLints/dict_16_192_64_0p5_0p02_0047_0007" 6149
"/Engine/EngineMaterials/Substrate/GLints/dict_16_192_64_0p5_0p02_0047_0006" 6150
"/Engine/EngineMaterials/Substrate/GLints/dict_16_192_64_0p5_0p02_0047_0005" 6151
"/Engine/EngineMaterials/Substrate/GLints/dict_16_192_64_0p5_0p02_0047_0004" 6152
"/Engine/EngineMaterials/Substrate/GLints/dict_16_192_64_0p5_0p02_0047_0003" 6153
"/Engine/EngineMaterials/Substrate/GLints/dict_16_192_64_0p5_0p02_0048_0010" 6154
"/Engine/EngineMaterials/Substrate/GLints/dict_16_192_64_0p5_0p02_0047_0002" 6155
"../../../Engine/Content/EngineMaterials/Substrate/GLints/dict_16_192_64_0p5_0p02_0049_0002.uasset" 6156
"/Engine/EngineMaterials/Substrate/GLints/dict_16_192_64_0p5_0p02_0049_0001" 6157
"../../../Engine/Content/EngineMaterials/Substrate/GLints/dict_16_192_64_0p5_0p02_0049_0003.uasset" 6158
"../../../Engine/Content/EngineMaterials/Substrate/GLints/dict_16_192_64_0p5_0p02_0049_0004.uasset" 6159
"../../../Engine/Content/EngineMaterials/Substrate/GLints/dict_16_192_64_0p5_0p02_0049_0005.uasset" 6160
"/Engine/EngineMaterials/Substrate/GLints/dict_16_192_64_0p5_0p02_0049_0000" 6161
"../../../Engine/Content/EngineMaterials/Substrate/GLints/dict_16_192_64_0p5_0p02_0049_0006.uasset" 6162
"/Engine/EngineMaterials/Substrate/GLints/dict_16_192_64_0p5_0p02_0048_0015" 6163
"../../../Engine/Content/EngineMaterials/Substrate/GLints/dict_16_192_64_0p5_0p02_0049_0007.uasset" 6164
"../../../Engine/Content/EngineMaterials/Substrate/GLints/dict_16_192_64_0p5_0p02_0049_0008.uasset" 6165
"../../../Engine/Content/EngineMaterials/Substrate/GLints/dict_16_192_64_0p5_0p02_0049_0009.uasset" 6166
"/Engine/EngineMaterials/Substrate/GLints/dict_16_192_64_0p5_0p02_0048_0014" 6167
"../../../Engine/Content/EngineMaterials/Substrate/GLints/dict_16_192_64_0p5_0p02_0049_0010.uasset" 6168
"../../../Engine/Content/EngineMaterials/Substrate/GLints/dict_16_192_64_0p5_0p02_0049_0011.uasset" 6169
"../../../Engine/Content/EngineMaterials/Substrate/GLints/dict_16_192_64_0p5_0p02_0049_0012.uasset" 6170
"/Engine/EngineMaterials/Substrate/GLints/dict_16_192_64_0p5_0p02_0048_0013" 6171
"../../../Engine/Content/EngineMaterials/Substrate/GLints/dict_16_192_64_0p5_0p02_0049_0013.uasset" 6172
"../../../Engine/Content/EngineMaterials/Substrate/GLints/dict_16_192_64_0p5_0p02_0049_0014.uasset" 6173
"../../../Engine/Content/EngineMaterials/Substrate/GLints/dict_16_192_64_0p5_0p02_0049_0015.uasset" 6174
"/Engine/EngineMaterials/Substrate/GLints/dict_16_192_64_0p5_0p02_0048_0012" 6175
"../../../Engine/Content/EngineMaterials/Substrate/GLints/dict_16_192_64_0p5_0p02_0050_0000.uasset" 6176
"../../../Engine/Content/EngineMaterials/Substrate/GLints/dict_16_192_64_0p5_0p02_0050_0001.uasset" 6177
"../../../Engine/Content/EngineMaterials/Substrate/GLints/dict_16_192_64_0p5_0p02_0050_0002.uasset" 6178
"../../../Engine/Content/EngineMaterials/Substrate/GLints/dict_16_192_64_0p5_0p02_0050_0003.uasset" 6179
"../../../Engine/Content/EngineMaterials/Substrate/GLints/dict_16_192_64_0p5_0p02_0050_0004.uasset" 6180
"/Engine/EngineMaterials/Substrate/GLints/dict_16_192_64_0p5_0p02_0050_0002" 6181
"../../../Engine/Content/EngineMaterials/Substrate/GLints/dict_16_192_64_0p5_0p02_0050_0005.uasset" 6182
"../../../Engine/Content/EngineMaterials/Substrate/GLints/dict_16_192_64_0p5_0p02_0050_0006.uasset" 6183
"../../../Engine/Content/EngineMaterials/Substrate/GLints/dict_16_192_64_0p5_0p02_0050_0007.uasset" 6184
"/Engine/EngineMaterials/Substrate/GLints/dict_16_192_64_0p5_0p02_0050_0001" 6185
"../../../Engine/Content/EngineMaterials/Substrate/GLints/dict_16_192_64_0p5_0p02_0050_0008.uasset" 6186
"../../../Engine/Content/EngineMaterials/Substrate/GLints/dict_16_192_64_0p5_0p02_0050_0009.uasset" 6187
"../../../Engine/Content/EngineMaterials/Substrate/GLints/dict_16_192_64_0p5_0p02_0050_0010.uasset" 6188
"../../../Engine/Content/EngineMaterials/Substrate/GLints/dict_16_192_64_0p5_0p02_0050_0011.uasset" 6189
"/Engine/EngineMaterials/Substrate/GLints/dict_16_192_64_0p5_0p02_0050_0000" 6190
"../../../Engine/Content/EngineMaterials/Substrate/GLints/dict_16_192_64_0p5_0p02_0050_0012.uasset" 6191
"../../../Engine/Content/EngineMaterials/Substrate/GLints/dict_16_192_64_0p5_0p02_0050_0013.uasset" 6192
"../../../Engine/Content/EngineMaterials/Substrate/GLints/dict_16_192_64_0p5_0p02_0050_0014.uasset" 6193
"/Engine/EngineMaterials/Substrate/GLints/dict_16_192_64_0p5_0p02_0049_0015" 6194
"../../../Engine/Content/EngineMaterials/Substrate/GLints/dict_16_192_64_0p5_0p02_0051_0000.uasset" 6195
"../../../Engine/Content/EngineMaterials/Substrate/GLints/dict_16_192_64_0p5_0p02_0051_0001.uasset" 6196
"/Engine/EngineMaterials/Substrate/GLints/dict_16_192_64_0p5_0p02_0049_0014" 6197
"../../../Engine/Content/EngineMaterials/Substrate/GLints/dict_16_192_64_0p5_0p02_0050_0015.uasset" 6198
"/Engine/EngineMaterials/Substrate/GLints/dict_16_192_64_0p5_0p02_0049_0013" 6199
"/Engine/EngineMaterials/Substrate/GLints/dict_16_192_64_0p5_0p02_0049_0012" 6200
"/Engine/EngineMaterials/Substrate/GLints/dict_16_192_64_0p5_0p02_0049_0011" 6201
"/Engine/EngineMaterials/Substrate/GLints/dict_16_192_64_0p5_0p02_0049_0010" 6202
"/Engine/EngineMaterials/Substrate/GLints/dict_16_192_64_0p5_0p02_0049_0009" 6203
"/Engine/EngineMaterials/Substrate/GLints/dict_16_192_64_0p5_0p02_0049_0008" 6204
"/Engine/EngineMaterials/Substrate/GLints/dict_16_192_64_0p5_0p02_0049_0007" 6205
"/Engine/EngineMaterials/Substrate/GLints/dict_16_192_64_0p5_0p02_0049_0006" 6206
"/Engine/EngineMaterials/Substrate/GLints/dict_16_192_64_0p5_0p02_0049_0005" 6207
"/Engine/EngineMaterials/Substrate/GLints/dict_16_192_64_0p5_0p02_0049_0004" 6208
"/Engine/EngineMaterials/Substrate/GLints/dict_16_192_64_0p5_0p02_0049_0003" 6209
"/Engine/EngineMaterials/Substrate/GLints/dict_16_192_64_0p5_0p02_0049_0002" 6210
"../../../Engine/Content/EngineMaterials/Substrate/GLints/dict_16_192_64_0p5_0p02_0051_0002.uasset" 6211
"/Engine/EngineMaterials/Substrate/GLints/dict_16_192_64_0p5_0p02_0050_0011" 6212
"../../../Engine/Content/EngineMaterials/Substrate/GLints/dict_16_192_64_0p5_0p02_0051_0003.uasset" 6213
"../../../Engine/Content/EngineMaterials/Substrate/GLints/dict_16_192_64_0p5_0p02_0051_0004.uasset" 6214
"../../../Engine/Content/EngineMaterials/Substrate/GLints/dict_16_192_64_0p5_0p02_0051_0005.uasset" 6215
"../../../Engine/Content/EngineMaterials/Substrate/GLints/dict_16_192_64_0p5_0p02_0051_0006.uasset" 6216
"../../../Engine/Content/EngineMaterials/Substrate/GLints/dict_16_192_64_0p5_0p02_0051_0007.uasset" 6217
"/Engine/EngineMaterials/Substrate/GLints/dict_16_192_64_0p5_0p02_0050_0010" 6218
"../../../Engine/Content/EngineMaterials/Substrate/GLints/dict_16_192_64_0p5_0p02_0051_0009.uasset" 6219
"../../../Engine/Content/EngineMaterials/Substrate/GLints/dict_16_192_64_0p5_0p02_0051_0008.uasset" 6220
"../../../Engine/Content/EngineMaterials/Substrate/GLints/dict_16_192_64_0p5_0p02_0051_0010.uasset" 6221
"../../../Engine/Content/EngineMaterials/Substrate/GLints/dict_16_192_64_0p5_0p02_0051_0011.uasset" 6222
"../../../Engine/Content/EngineMaterials/Substrate/GLints/dict_16_192_64_0p5_0p02_0051_0012.uasset" 6223
"../../../Engine/Content/EngineMaterials/Substrate/GLints/dict_16_192_64_0p5_0p02_0051_0013.uasset" 6224
"../../../Engine/Content/EngineMaterials/Substrate/GLints/dict_16_192_64_0p5_0p02_0051_0014.uasset" 6225
"/Engine/EngineMaterials/Substrate/GLints/dict_16_192_64_0p5_0p02_0050_0009" 6226
"../../../Engine/Content/EngineMaterials/Substrate/GLints/dict_16_192_64_0p5_0p02_0051_0015.uasset" 6227
"../../../Engine/Content/EngineMaterials/Substrate/GLints/dict_16_192_64_0p5_0p02_0052_0000.uasset" 6228
"../../../Engine/Content/EngineMaterials/Substrate/GLints/dict_16_192_64_0p5_0p02_0052_0001.uasset" 6229
"../../../Engine/Content/EngineMaterials/Substrate/GLints/dict_16_192_64_0p5_0p02_0052_0002.uasset" 6230
"/Engine/EngineMaterials/Substrate/GLints/dict_16_192_64_0p5_0p02_0050_0008" 6231
"/Engine/EngineMaterials/Substrate/GLints/dict_16_192_64_0p5_0p02_0050_0007" 6232
"/Engine/EngineMaterials/Substrate/GLints/dict_16_192_64_0p5_0p02_0050_0006" 6233
"/Engine/EngineMaterials/Substrate/GLints/dict_16_192_64_0p5_0p02_0050_0005" 6234
"/Engine/EngineMaterials/Substrate/GLints/dict_16_192_64_0p5_0p02_0050_0004" 6235
"/Engine/EngineMaterials/Substrate/GLints/dict_16_192_64_0p5_0p02_0050_0003" 6236
"/Engine/EngineMaterials/Substrate/GLints/dict_16_192_64_0p5_0p02_0051_0001" 6237
"/Engine/EngineMaterials/Substrate/GLints/dict_16_192_64_0p5_0p02_0051_0000" 6238
"/Engine/EngineMaterials/Substrate/GLints/dict_16_192_64_0p5_0p02_0050_0015" 6239
"/Engine/EngineMaterials/Substrate/GLints/dict_16_192_64_0p5_0p02_0050_0014" 6240
"/Engine/EngineMaterials/Substrate/GLints/dict_16_192_64_0p5_0p02_0050_0013" 6241
"/Engine/EngineMaterials/Substrate/GLints/dict_16_192_64_0p5_0p02_0050_0012" 6242
"../../../Engine/Content/EngineMaterials/Substrate/GLints/dict_16_192_64_0p5_0p02_0052_0003.uasset" 6243
"/Engine/EngineMaterials/Substrate/GLints/dict_16_192_64_0p5_0p02_0052_0002" 6244
"../../../Engine/Content/EngineMaterials/Substrate/GLints/dict_16_192_64_0p5_0p02_0052_0004.uasset" 6245
"../../../Engine/Content/EngineMaterials/Substrate/GLints/dict_16_192_64_0p5_0p02_0052_0005.uasset" 6246
"../../../Engine/Content/EngineMaterials/Substrate/GLints/dict_16_192_64_0p5_0p02_0052_0006.uasset" 6247
"../../../Engine/Content/EngineMaterials/Substrate/GLints/dict_16_192_64_0p5_0p02_0052_0007.uasset" 6248
"../../../Engine/Content/EngineMaterials/Substrate/GLints/dict_16_192_64_0p5_0p02_0052_0008.uasset" 6249
"../../../Engine/Content/EngineMaterials/Substrate/GLints/dict_16_192_64_0p5_0p02_0052_0009.uasset" 6250
"/Engine/EngineMaterials/Substrate/GLints/dict_16_192_64_0p5_0p02_0052_0001" 6251
"../../../Engine/Content/EngineMaterials/Substrate/GLints/dict_16_192_64_0p5_0p02_0052_0010.uasset" 6252
"../../../Engine/Content/EngineMaterials/Substrate/GLints/dict_16_192_64_0p5_0p02_0052_0011.uasset" 6253
"../../../Engine/Content/EngineMaterials/Substrate/GLints/dict_16_192_64_0p5_0p02_0052_0013.uasset" 6254
"../../../Engine/Content/EngineMaterials/Substrate/GLints/dict_16_192_64_0p5_0p02_0052_0012.uasset" 6255
"../../../Engine/Content/EngineMaterials/Substrate/GLints/dict_16_192_64_0p5_0p02_0052_0014.uasset" 6256
"../../../Engine/Content/EngineMaterials/Substrate/GLints/dict_16_192_64_0p5_0p02_0052_0015.uasset" 6257
"/Engine/EngineMaterials/Substrate/GLints/dict_16_192_64_0p5_0p02_0052_0000" 6258
"../../../Engine/Content/EngineMaterials/Substrate/GLints/dict_16_192_64_0p5_0p02_0053_0000.uasset" 6259
"../../../Engine/Content/EngineMaterials/Substrate/GLints/dict_16_192_64_0p5_0p02_0053_0001.uasset" 6260
"/Engine/EngineMaterials/Substrate/GLints/dict_16_192_64_0p5_0p02_0051_0015" 6261
"/Engine/EngineMaterials/Substrate/GLints/dict_16_192_64_0p5_0p02_0051_0014" 6262
"/Engine/EngineMaterials/Substrate/GLints/dict_16_192_64_0p5_0p02_0051_0013" 6263
"/Engine/EngineMaterials/Substrate/GLints/dict_16_192_64_0p5_0p02_0051_0012" 6264
"/Engine/EngineMaterials/Substrate/GLints/dict_16_192_64_0p5_0p02_0051_0011" 6265
"/Engine/EngineMaterials/Substrate/GLints/dict_16_192_64_0p5_0p02_0051_0010" 6266
"/Engine/EngineMaterials/Substrate/GLints/dict_16_192_64_0p5_0p02_0051_0009" 6267
"/Engine/EngineMaterials/Substrate/GLints/dict_16_192_64_0p5_0p02_0051_0008" 6268
"/Engine/EngineMaterials/Substrate/GLints/dict_16_192_64_0p5_0p02_0051_0007" 6269
"/Engine/EngineMaterials/Substrate/GLints/dict_16_192_64_0p5_0p02_0051_0006" 6270
"/Engine/EngineMaterials/Substrate/GLints/dict_16_192_64_0p5_0p02_0051_0005" 6271
"/Engine/EngineMaterials/Substrate/GLints/dict_16_192_64_0p5_0p02_0051_0004" 6272
"/Engine/EngineMaterials/Substrate/GLints/dict_16_192_64_0p5_0p02_0051_0003" 6273
"/Engine/EngineMaterials/Substrate/GLints/dict_16_192_64_0p5_0p02_0051_0002" 6274
"../../../Engine/Content/EngineMaterials/Substrate/GLints/dict_16_192_64_0p5_0p02_0053_0002.uasset" 6275
"../../../Engine/Content/EngineMaterials/Substrate/GLints/dict_16_192_64_0p5_0p02_0053_0003.uasset" 6276
"/Engine/EngineMaterials/Substrate/GLints/dict_16_192_64_0p5_0p02_0053_0001" 6277
"../../../Engine/Content/EngineMaterials/Substrate/GLints/dict_16_192_64_0p5_0p02_0053_0004.uasset" 6278
"../../../Engine/Content/EngineMaterials/Substrate/GLints/dict_16_192_64_0p5_0p02_0053_0005.uasset" 6279
"../../../Engine/Content/EngineMaterials/Substrate/GLints/dict_16_192_64_0p5_0p02_0053_0006.uasset" 6280
"../../../Engine/Content/EngineMaterials/Substrate/GLints/dict_16_192_64_0p5_0p02_0053_0007.uasset" 6281
"../../../Engine/Content/EngineMaterials/Substrate/GLints/dict_16_192_64_0p5_0p02_0053_0008.uasset" 6282
"../../../Engine/Content/EngineMaterials/Substrate/GLints/dict_16_192_64_0p5_0p02_0053_0009.uasset" 6283
"/Engine/EngineMaterials/Substrate/GLints/dict_16_192_64_0p5_0p02_0053_0000" 6284
"../../../Engine/Content/EngineMaterials/Substrate/GLints/dict_16_192_64_0p5_0p02_0053_0011.uasset" 6285
"../../../Engine/Content/EngineMaterials/Substrate/GLints/dict_16_192_64_0p5_0p02_0053_0010.uasset" 6286
"../../../Engine/Content/EngineMaterials/Substrate/GLints/dict_16_192_64_0p5_0p02_0053_0012.uasset" 6287
"../../../Engine/Content/EngineMaterials/Substrate/GLints/dict_16_192_64_0p5_0p02_0053_0013.uasset" 6288
"../../../Engine/Content/EngineMaterials/Substrate/GLints/dict_16_192_64_0p5_0p02_0053_0014.uasset" 6289
"/Engine/EngineMaterials/Substrate/GLints/dict_16_192_64_0p5_0p02_0052_0015" 6290
"../../../Engine/Content/EngineMaterials/Substrate/GLints/dict_16_192_64_0p5_0p02_0053_0015.uasset" 6291
"../../../Engine/Content/EngineMaterials/Substrate/GLints/dict_16_192_64_0p5_0p02_0054_0000.uasset" 6292
"../../../Engine/Content/EngineMaterials/Substrate/GLints/dict_16_192_64_0p5_0p02_0054_0001.uasset" 6293
"../../../Engine/Content/EngineMaterials/Substrate/GLints/dict_16_192_64_0p5_0p02_0054_0002.uasset" 6294
"/Engine/EngineMaterials/Substrate/GLints/dict_16_192_64_0p5_0p02_0052_0014" 6295
"/Engine/EngineMaterials/Substrate/GLints/dict_16_192_64_0p5_0p02_0052_0013" 6296
"/Engine/EngineMaterials/Substrate/GLints/dict_16_192_64_0p5_0p02_0052_0012" 6297
"/Engine/EngineMaterials/Substrate/GLints/dict_16_192_64_0p5_0p02_0052_0011" 6298
"/Engine/EngineMaterials/Substrate/GLints/dict_16_192_64_0p5_0p02_0052_0010" 6299
"/Engine/EngineMaterials/Substrate/GLints/dict_16_192_64_0p5_0p02_0052_0009" 6300
"/Engine/EngineMaterials/Substrate/GLints/dict_16_192_64_0p5_0p02_0052_0008" 6301
"/Engine/EngineMaterials/Substrate/GLints/dict_16_192_64_0p5_0p02_0052_0007" 6302
"/Engine/EngineMaterials/Substrate/GLints/dict_16_192_64_0p5_0p02_0052_0006" 6303
"/Engine/EngineMaterials/Substrate/GLints/dict_16_192_64_0p5_0p02_0052_0005" 6304
"/Engine/EngineMaterials/Substrate/GLints/dict_16_192_64_0p5_0p02_0052_0004" 6305
"/Engine/EngineMaterials/Substrate/GLints/dict_16_192_64_0p5_0p02_0052_0003" 6306
"../../../Engine/Content/EngineMaterials/Substrate/GLints/dict_16_192_64_0p5_0p02_0054_0003.uasset" 6307
"../../../Engine/Content/EngineMaterials/Substrate/GLints/dict_16_192_64_0p5_0p02_0054_0004.uasset" 6308
"/Engine/EngineMaterials/Substrate/GLints/dict_16_192_64_0p5_0p02_0054_0002" 6309
"../../../Engine/Content/EngineMaterials/Substrate/GLints/dict_16_192_64_0p5_0p02_0054_0005.uasset" 6310
"../../../Engine/Content/EngineMaterials/Substrate/GLints/dict_16_192_64_0p5_0p02_0054_0006.uasset" 6311
"../../../Engine/Content/EngineMaterials/Substrate/GLints/dict_16_192_64_0p5_0p02_0054_0007.uasset" 6312
"../../../Engine/Content/EngineMaterials/Substrate/GLints/dict_16_192_64_0p5_0p02_0054_0008.uasset" 6313
"../../../Engine/Content/EngineMaterials/Substrate/GLints/dict_16_192_64_0p5_0p02_0054_0009.uasset" 6314
"../../../Engine/Content/EngineMaterials/Substrate/GLints/dict_16_192_64_0p5_0p02_0054_0010.uasset" 6315
"../../../Engine/Content/EngineMaterials/Substrate/GLints/dict_16_192_64_0p5_0p02_0054_0011.uasset" 6316
"../../../Engine/Content/EngineMaterials/Substrate/GLints/dict_16_192_64_0p5_0p02_0054_0012.uasset" 6317
"/Engine/EngineMaterials/Substrate/GLints/dict_16_192_64_0p5_0p02_0054_0001" 6318
"../../../Engine/Content/EngineMaterials/Substrate/GLints/dict_16_192_64_0p5_0p02_0054_0013.uasset" 6319
"../../../Engine/Content/EngineMaterials/Substrate/GLints/dict_16_192_64_0p5_0p02_0054_0014.uasset" 6320
"../../../Engine/Content/EngineMaterials/Substrate/GLints/dict_16_192_64_0p5_0p02_0054_0015.uasset" 6321
"../../../Engine/Content/EngineMaterials/Substrate/GLints/dict_16_192_64_0p5_0p02_0055_0000.uasset" 6322
"../../../Engine/Content/EngineMaterials/Substrate/GLints/dict_16_192_64_0p5_0p02_0055_0001.uasset" 6323
"/Engine/EngineMaterials/Substrate/GLints/dict_16_192_64_0p5_0p02_0054_0000" 6324
"/Engine/EngineMaterials/Substrate/GLints/dict_16_192_64_0p5_0p02_0053_0015" 6325
"/Engine/EngineMaterials/Substrate/GLints/dict_16_192_64_0p5_0p02_0053_0014" 6326
"/Engine/EngineMaterials/Substrate/GLints/dict_16_192_64_0p5_0p02_0053_0013" 6327
"/Engine/EngineMaterials/Substrate/GLints/dict_16_192_64_0p5_0p02_0053_0012" 6328
"/Engine/EngineMaterials/Substrate/GLints/dict_16_192_64_0p5_0p02_0053_0011" 6329
"/Engine/EngineMaterials/Substrate/GLints/dict_16_192_64_0p5_0p02_0053_0010" 6330
"/Engine/EngineMaterials/Substrate/GLints/dict_16_192_64_0p5_0p02_0053_0009" 6331
"/Engine/EngineMaterials/Substrate/GLints/dict_16_192_64_0p5_0p02_0053_0008" 6332
"/Engine/EngineMaterials/Substrate/GLints/dict_16_192_64_0p5_0p02_0053_0007" 6333
"/Engine/EngineMaterials/Substrate/GLints/dict_16_192_64_0p5_0p02_0053_0006" 6334
"/Engine/EngineMaterials/Substrate/GLints/dict_16_192_64_0p5_0p02_0053_0005" 6335
"/Engine/EngineMaterials/Substrate/GLints/dict_16_192_64_0p5_0p02_0053_0004" 6336
"/Engine/EngineMaterials/Substrate/GLints/dict_16_192_64_0p5_0p02_0053_0003" 6337
"/Engine/EngineMaterials/Substrate/GLints/dict_16_192_64_0p5_0p02_0053_0002" 6338
"../../../Engine/Content/EngineMaterials/Substrate/GLints/dict_16_192_64_0p5_0p02_0055_0003.uasset" 6339
"../../../Engine/Content/EngineMaterials/Substrate/GLints/dict_16_192_64_0p5_0p02_0055_0002.uasset" 6340
"/Engine/EngineMaterials/Substrate/GLints/dict_16_192_64_0p5_0p02_0055_0001" 6341
"../../../Engine/Content/EngineMaterials/Substrate/GLints/dict_16_192_64_0p5_0p02_0055_0004.uasset" 6342
"../../../Engine/Content/EngineMaterials/Substrate/GLints/dict_16_192_64_0p5_0p02_0055_0005.uasset" 6343
"../../../Engine/Content/EngineMaterials/Substrate/GLints/dict_16_192_64_0p5_0p02_0055_0006.uasset" 6344
"../../../Engine/Content/EngineMaterials/Substrate/GLints/dict_16_192_64_0p5_0p02_0055_0007.uasset" 6345
"../../../Engine/Content/EngineMaterials/Substrate/GLints/dict_16_192_64_0p5_0p02_0055_0008.uasset" 6346
"../../../Engine/Content/EngineMaterials/Substrate/GLints/dict_16_192_64_0p5_0p02_0055_0009.uasset" 6347
"/Engine/EngineMaterials/Substrate/GLints/dict_16_192_64_0p5_0p02_0055_0000" 6348
"../../../Engine/Content/EngineMaterials/Substrate/GLints/dict_16_192_64_0p5_0p02_0055_0010.uasset" 6349
"../../../Engine/Content/EngineMaterials/Substrate/GLints/dict_16_192_64_0p5_0p02_0055_0011.uasset" 6350
"../../../Engine/Content/EngineMaterials/Substrate/GLints/dict_16_192_64_0p5_0p02_0055_0013.uasset" 6351
"../../../Engine/Content/EngineMaterials/Substrate/GLints/dict_16_192_64_0p5_0p02_0055_0012.uasset" 6352
"../../../Engine/Content/EngineMaterials/Substrate/GLints/dict_16_192_64_0p5_0p02_0055_0014.uasset" 6353
"../../../Engine/Content/EngineMaterials/Substrate/GLints/dict_16_192_64_0p5_0p02_0055_0015.uasset" 6354
"/Engine/EngineMaterials/Substrate/GLints/dict_16_192_64_0p5_0p02_0054_0015" 6355
"../../../Engine/Content/EngineMaterials/Substrate/GLints/dict_16_192_64_0p5_0p02_0056_0000.uasset" 6356
"../../../Engine/Content/EngineMaterials/Substrate/GLints/dict_16_192_64_0p5_0p02_0056_0001.uasset" 6357
"../../../Engine/Content/EngineMaterials/Substrate/GLints/dict_16_192_64_0p5_0p02_0056_0002.uasset" 6358
"/Engine/EngineMaterials/Substrate/GLints/dict_16_192_64_0p5_0p02_0054_0014" 6359
"/Engine/EngineMaterials/Substrate/GLints/dict_16_192_64_0p5_0p02_0054_0013" 6360
"/Engine/EngineMaterials/Substrate/GLints/dict_16_192_64_0p5_0p02_0054_0012" 6361
"/Engine/EngineMaterials/Substrate/GLints/dict_16_192_64_0p5_0p02_0054_0011" 6362
"/Engine/EngineMaterials/Substrate/GLints/dict_16_192_64_0p5_0p02_0054_0010" 6363
"/Engine/EngineMaterials/Substrate/GLints/dict_16_192_64_0p5_0p02_0054_0009" 6364
"/Engine/EngineMaterials/Substrate/GLints/dict_16_192_64_0p5_0p02_0054_0008" 6365
"/Engine/EngineMaterials/Substrate/GLints/dict_16_192_64_0p5_0p02_0054_0007" 6366
"/Engine/EngineMaterials/Substrate/GLints/dict_16_192_64_0p5_0p02_0054_0006" 6367
"/Engine/EngineMaterials/Substrate/GLints/dict_16_192_64_0p5_0p02_0054_0005" 6368
"/Engine/EngineMaterials/Substrate/GLints/dict_16_192_64_0p5_0p02_0054_0004" 6369
"/Engine/EngineMaterials/Substrate/GLints/dict_16_192_64_0p5_0p02_0054_0003" 6370
"/Engine/EngineMaterials/Substrate/GLints/dict_16_192_64_0p5_0p02_0055_0003" 6371
"../../../Engine/Content/EngineMaterials/Substrate/GLints/dict_16_192_64_0p5_0p02_0056_0004.uasset" 6372
"../../../Engine/Content/EngineMaterials/Substrate/GLints/dict_16_192_64_0p5_0p02_0056_0003.uasset" 6373
"/Engine/EngineMaterials/Substrate/GLints/dict_16_192_64_0p5_0p02_0056_0002" 6374
"../../../Engine/Content/EngineMaterials/Substrate/GLints/dict_16_192_64_0p5_0p02_0056_0005.uasset" 6375
"../../../Engine/Content/EngineMaterials/Substrate/GLints/dict_16_192_64_0p5_0p02_0056_0006.uasset" 6376
"../../../Engine/Content/EngineMaterials/Substrate/GLints/dict_16_192_64_0p5_0p02_0056_0007.uasset" 6377
"../../../Engine/Content/EngineMaterials/Substrate/GLints/dict_16_192_64_0p5_0p02_0056_0008.uasset" 6378
"../../../Engine/Content/EngineMaterials/Substrate/GLints/dict_16_192_64_0p5_0p02_0056_0009.uasset" 6379
"../../../Engine/Content/EngineMaterials/Substrate/GLints/dict_16_192_64_0p5_0p02_0056_0010.uasset" 6380
"/Engine/EngineMaterials/Substrate/GLints/dict_16_192_64_0p5_0p02_0056_0001" 6381
"../../../Engine/Content/EngineMaterials/Substrate/GLints/dict_16_192_64_0p5_0p02_0056_0011.uasset" 6382
"../../../Engine/Content/EngineMaterials/Substrate/GLints/dict_16_192_64_0p5_0p02_0056_0012.uasset" 6383
"../../../Engine/Content/EngineMaterials/Substrate/GLints/dict_16_192_64_0p5_0p02_0056_0014.uasset" 6384
"../../../Engine/Content/EngineMaterials/Substrate/GLints/dict_16_192_64_0p5_0p02_0056_0013.uasset" 6385
"../../../Engine/Content/EngineMaterials/Substrate/GLints/dict_16_192_64_0p5_0p02_0056_0015.uasset" 6386
"../../../Engine/Content/EngineMaterials/Substrate/GLints/dict_16_192_64_0p5_0p02_0057_0000.uasset" 6387
"../../../Engine/Content/EngineMaterials/Substrate/GLints/dict_16_192_64_0p5_0p02_0057_0001.uasset" 6388
"../../../Engine/Content/EngineMaterials/Substrate/GLints/dict_16_192_64_0p5_0p02_0057_0002.uasset" 6389
"/Engine/EngineMaterials/Substrate/GLints/dict_16_192_64_0p5_0p02_0056_0000" 6390
"/Engine/EngineMaterials/Substrate/GLints/dict_16_192_64_0p5_0p02_0055_0015" 6391
"/Engine/EngineMaterials/Substrate/GLints/dict_16_192_64_0p5_0p02_0055_0014" 6392
"/Engine/EngineMaterials/Substrate/GLints/dict_16_192_64_0p5_0p02_0055_0013" 6393
"/Engine/EngineMaterials/Substrate/GLints/dict_16_192_64_0p5_0p02_0055_0012" 6394
"/Engine/EngineMaterials/Substrate/GLints/dict_16_192_64_0p5_0p02_0055_0011" 6395
"/Engine/EngineMaterials/Substrate/GLints/dict_16_192_64_0p5_0p02_0055_0010" 6396
"/Engine/EngineMaterials/Substrate/GLints/dict_16_192_64_0p5_0p02_0055_0009" 6397
"/Engine/EngineMaterials/Substrate/GLints/dict_16_192_64_0p5_0p02_0055_0008" 6398
"/Engine/EngineMaterials/Substrate/GLints/dict_16_192_64_0p5_0p02_0055_0007" 6399
"/Engine/EngineMaterials/Substrate/GLints/dict_16_192_64_0p5_0p02_0055_0006" 6400
"/Engine/EngineMaterials/Substrate/GLints/dict_16_192_64_0p5_0p02_0055_0005" 6401
"/Engine/EngineMaterials/Substrate/GLints/dict_16_192_64_0p5_0p02_0055_0004" 6402
"/Engine/EngineMaterials/Substrate/GLints/dict_16_192_64_0p5_0p02_0056_0003" 6403
"/Engine/EngineMaterials/Substrate/GLints/dict_16_192_64_0p5_0p02_0055_0002" 6404
"../../../Engine/Content/EngineMaterials/Substrate/GLints/dict_16_192_64_0p5_0p02_0057_0004.uasset" 6405
"../../../Engine/Content/EngineMaterials/Substrate/GLints/dict_16_192_64_0p5_0p02_0057_0003.uasset" 6406
"/Engine/EngineMaterials/Substrate/GLints/dict_16_192_64_0p5_0p02_0057_0002" 6407
"../../../Engine/Content/EngineMaterials/Substrate/GLints/dict_16_192_64_0p5_0p02_0057_0005.uasset" 6408
"../../../Engine/Content/EngineMaterials/Substrate/GLints/dict_16_192_64_0p5_0p02_0057_0006.uasset" 6409
"../../../Engine/Content/EngineMaterials/Substrate/GLints/dict_16_192_64_0p5_0p02_0057_0007.uasset" 6410
"../../../Engine/Content/EngineMaterials/Substrate/GLints/dict_16_192_64_0p5_0p02_0057_0008.uasset" 6411
"../../../Engine/Content/EngineMaterials/Substrate/GLints/dict_16_192_64_0p5_0p02_0057_0009.uasset" 6412
"/Engine/EngineMaterials/Substrate/GLints/dict_16_192_64_0p5_0p02_0057_0001" 6413
"../../../Engine/Content/EngineMaterials/Substrate/GLints/dict_16_192_64_0p5_0p02_0057_0010.uasset" 6414
"../../../Engine/Content/EngineMaterials/Substrate/GLints/dict_16_192_64_0p5_0p02_0057_0011.uasset" 6415
"../../../Engine/Content/EngineMaterials/Substrate/GLints/dict_16_192_64_0p5_0p02_0057_0012.uasset" 6416
"../../../Engine/Content/EngineMaterials/Substrate/GLints/dict_16_192_64_0p5_0p02_0057_0013.uasset" 6417
"../../../Engine/Content/EngineMaterials/Substrate/GLints/dict_16_192_64_0p5_0p02_0057_0014.uasset" 6418
"../../../Engine/Content/EngineMaterials/Substrate/GLints/dict_16_192_64_0p5_0p02_0057_0015.uasset" 6419
"../../../Engine/Content/EngineMaterials/Substrate/GLints/dict_16_192_64_0p5_0p02_0058_0000.uasset" 6420
"../../../Engine/Content/EngineMaterials/Substrate/GLints/dict_16_192_64_0p5_0p02_0058_0001.uasset" 6421
"/Engine/EngineMaterials/Substrate/GLints/dict_16_192_64_0p5_0p02_0057_0000" 6422
"../../../Engine/Content/EngineMaterials/Substrate/GLints/dict_16_192_64_0p5_0p02_0058_0002.uasset" 6423
"../../../Engine/Content/EngineMaterials/Substrate/GLints/dict_16_192_64_0p5_0p02_0058_0003.uasset" 6424
"/Engine/EngineMaterials/Substrate/GLints/dict_16_192_64_0p5_0p02_0056_0015" 6425
"/Engine/EngineMaterials/Substrate/GLints/dict_16_192_64_0p5_0p02_0056_0014" 6426
"/Engine/EngineMaterials/Substrate/GLints/dict_16_192_64_0p5_0p02_0056_0013" 6427
"/Engine/EngineMaterials/Substrate/GLints/dict_16_192_64_0p5_0p02_0056_0012" 6428
"/Engine/EngineMaterials/Substrate/GLints/dict_16_192_64_0p5_0p02_0056_0011" 6429
"/Engine/EngineMaterials/Substrate/GLints/dict_16_192_64_0p5_0p02_0056_0010" 6430
"/Engine/EngineMaterials/Substrate/GLints/dict_16_192_64_0p5_0p02_0056_0009" 6431
"/Engine/EngineMaterials/Substrate/GLints/dict_16_192_64_0p5_0p02_0056_0008" 6432
"/Engine/EngineMaterials/Substrate/GLints/dict_16_192_64_0p5_0p02_0056_0007" 6433
"/Engine/EngineMaterials/Substrate/GLints/dict_16_192_64_0p5_0p02_0056_0006" 6434
"/Engine/EngineMaterials/Substrate/GLints/dict_16_192_64_0p5_0p02_0056_0005" 6435
"/Engine/EngineMaterials/Substrate/GLints/dict_16_192_64_0p5_0p02_0056_0004" 6436
"../../../Engine/Content/EngineMaterials/Substrate/GLints/dict_16_192_64_0p5_0p02_0058_0005.uasset" 6437
"../../../Engine/Content/EngineMaterials/Substrate/GLints/dict_16_192_64_0p5_0p02_0058_0004.uasset" 6438
"../../../Engine/Content/EngineMaterials/Substrate/GLints/dict_16_192_64_0p5_0p02_0058_0006.uasset" 6439
"../../../Engine/Content/EngineMaterials/Substrate/GLints/dict_16_192_64_0p5_0p02_0058_0007.uasset" 6440
"/Engine/EngineMaterials/Substrate/GLints/dict_16_192_64_0p5_0p02_0058_0003" 6441
"../../../Engine/Content/EngineMaterials/Substrate/GLints/dict_16_192_64_0p5_0p02_0058_0008.uasset" 6442
"../../../Engine/Content/EngineMaterials/Substrate/GLints/dict_16_192_64_0p5_0p02_0058_0009.uasset" 6443
"../../../Engine/Content/EngineMaterials/Substrate/GLints/dict_16_192_64_0p5_0p02_0058_0010.uasset" 6444
"../../../Engine/Content/EngineMaterials/Substrate/GLints/dict_16_192_64_0p5_0p02_0058_0011.uasset" 6445
"../../../Engine/Content/EngineMaterials/Substrate/GLints/dict_16_192_64_0p5_0p02_0058_0012.uasset" 6446
"../../../Engine/Content/EngineMaterials/Substrate/GLints/dict_16_192_64_0p5_0p02_0058_0013.uasset" 6447
"../../../Engine/Content/EngineMaterials/Substrate/GLints/dict_16_192_64_0p5_0p02_0058_0014.uasset" 6448
"../../../Engine/Content/EngineMaterials/Substrate/GLints/dict_16_192_64_0p5_0p02_0058_0015.uasset" 6449
"/Engine/EngineMaterials/Substrate/GLints/dict_16_192_64_0p5_0p02_0058_0002" 6450
"../../../Engine/Content/EngineMaterials/Substrate/GLints/dict_16_192_64_0p5_0p02_0059_0000.uasset" 6451
"../../../Engine/Content/EngineMaterials/Substrate/GLints/dict_16_192_64_0p5_0p02_0059_0001.uasset" 6452
"../../../Engine/Content/EngineMaterials/Substrate/GLints/dict_16_192_64_0p5_0p02_0059_0002.uasset" 6453
"/Engine/EngineMaterials/Substrate/GLints/dict_16_192_64_0p5_0p02_0058_0001" 6454
"/Engine/EngineMaterials/Substrate/GLints/dict_16_192_64_0p5_0p02_0058_0000" 6455
"/Engine/EngineMaterials/Substrate/GLints/dict_16_192_64_0p5_0p02_0057_0015" 6456
"/Engine/EngineMaterials/Substrate/GLints/dict_16_192_64_0p5_0p02_0057_0014" 6457
"/Engine/EngineMaterials/Substrate/GLints/dict_16_192_64_0p5_0p02_0057_0013" 6458
"/Engine/EngineMaterials/Substrate/GLints/dict_16_192_64_0p5_0p02_0057_0012" 6459
"/Engine/EngineMaterials/Substrate/GLints/dict_16_192_64_0p5_0p02_0057_0011" 6460
"/Engine/EngineMaterials/Substrate/GLints/dict_16_192_64_0p5_0p02_0057_0010" 6461
"/Engine/EngineMaterials/Substrate/GLints/dict_16_192_64_0p5_0p02_0057_0009" 6462
"/Engine/EngineMaterials/Substrate/GLints/dict_16_192_64_0p5_0p02_0057_0008" 6463
"/Engine/EngineMaterials/Substrate/GLints/dict_16_192_64_0p5_0p02_0057_0007" 6464
"/Engine/EngineMaterials/Substrate/GLints/dict_16_192_64_0p5_0p02_0057_0006" 6465
"/Engine/EngineMaterials/Substrate/GLints/dict_16_192_64_0p5_0p02_0057_0005" 6466
"/Engine/EngineMaterials/Substrate/GLints/dict_16_192_64_0p5_0p02_0057_0004" 6467
"/Engine/EngineMaterials/Substrate/GLints/dict_16_192_64_0p5_0p02_0057_0003" 6468
"../../../Engine/Content/EngineMaterials/Substrate/GLints/dict_16_192_64_0p5_0p02_0059_0004.uasset" 6469
"../../../Engine/Content/EngineMaterials/Substrate/GLints/dict_16_192_64_0p5_0p02_0059_0003.uasset" 6470
"../../../Engine/Content/EngineMaterials/Substrate/GLints/dict_16_192_64_0p5_0p02_0059_0005.uasset" 6471
"../../../Engine/Content/EngineMaterials/Substrate/GLints/dict_16_192_64_0p5_0p02_0059_0006.uasset" 6472
"../../../Engine/Content/EngineMaterials/Substrate/GLints/dict_16_192_64_0p5_0p02_0059_0008.uasset" 6473
"../../../Engine/Content/EngineMaterials/Substrate/GLints/dict_16_192_64_0p5_0p02_0059_0007.uasset" 6474
"../../../Engine/Content/EngineMaterials/Substrate/GLints/dict_16_192_64_0p5_0p02_0059_0009.uasset" 6475
"../../../Engine/Content/EngineMaterials/Substrate/GLints/dict_16_192_64_0p5_0p02_0059_0010.uasset" 6476
"../../../Engine/Content/EngineMaterials/Substrate/GLints/dict_16_192_64_0p5_0p02_0059_0011.uasset" 6477
"../../../Engine/Content/EngineMaterials/Substrate/GLints/dict_16_192_64_0p5_0p02_0059_0012.uasset" 6478
"../../../Engine/Content/EngineMaterials/Substrate/GLints/dict_16_192_64_0p5_0p02_0059_0013.uasset" 6479
"../../../Engine/Content/EngineMaterials/Substrate/GLints/dict_16_192_64_0p5_0p02_0059_0015.uasset" 6480
"../../../Engine/Content/EngineMaterials/Substrate/GLints/dict_16_192_64_0p5_0p02_0059_0014.uasset" 6481
"../../../Engine/Content/EngineMaterials/Substrate/GLints/dict_16_192_64_0p5_0p02_0060_0000.uasset" 6482
"../../../Engine/Content/EngineMaterials/Substrate/GLints/dict_16_192_64_0p5_0p02_0060_0001.uasset" 6483
"../../../Engine/Content/EngineMaterials/Substrate/GLints/dict_16_192_64_0p5_0p02_0060_0003.uasset" 6484
"../../../Engine/Content/EngineMaterials/Substrate/GLints/dict_16_192_64_0p5_0p02_0060_0002.uasset" 6485
"/Engine/EngineMaterials/Substrate/GLints/dict_16_192_64_0p5_0p02_0059_0002" 6486
"/Engine/EngineMaterials/Substrate/GLints/dict_16_192_64_0p5_0p02_0059_0001" 6487
"/Engine/EngineMaterials/Substrate/GLints/dict_16_192_64_0p5_0p02_0059_0000" 6488
"/Engine/EngineMaterials/Substrate/GLints/dict_16_192_64_0p5_0p02_0058_0015" 6489
"/Engine/EngineMaterials/Substrate/GLints/dict_16_192_64_0p5_0p02_0058_0014" 6490
"/Engine/EngineMaterials/Substrate/GLints/dict_16_192_64_0p5_0p02_0058_0013" 6491
"/Engine/EngineMaterials/Substrate/GLints/dict_16_192_64_0p5_0p02_0058_0012" 6492
"/Engine/EngineMaterials/Substrate/GLints/dict_16_192_64_0p5_0p02_0058_0011" 6493
"/Engine/EngineMaterials/Substrate/GLints/dict_16_192_64_0p5_0p02_0058_0010" 6494
"/Engine/EngineMaterials/Substrate/GLints/dict_16_192_64_0p5_0p02_0058_0009" 6495
"/Engine/EngineMaterials/Substrate/GLints/dict_16_192_64_0p5_0p02_0058_0008" 6496
"/Engine/EngineMaterials/Substrate/GLints/dict_16_192_64_0p5_0p02_0058_0007" 6497
"/Engine/EngineMaterials/Substrate/GLints/dict_16_192_64_0p5_0p02_0058_0006" 6498
"/Engine/EngineMaterials/Substrate/GLints/dict_16_192_64_0p5_0p02_0058_0005" 6499
"/Engine/EngineMaterials/Substrate/GLints/dict_16_192_64_0p5_0p02_0058_0004" 6500
"/Engine/EngineMaterials/Substrate/GLints/dict_16_192_64_0p5_0p02_0059_0011" 6501
"/Engine/EngineMaterials/Substrate/GLints/dict_16_192_64_0p5_0p02_0059_0010" 6502
"/Engine/EngineMaterials/Substrate/GLints/dict_16_192_64_0p5_0p02_0059_0009" 6503
"/Engine/EngineMaterials/Substrate/GLints/dict_16_192_64_0p5_0p02_0059_0008" 6504
"/Engine/EngineMaterials/Substrate/GLints/dict_16_192_64_0p5_0p02_0059_0007" 6505
"/Engine/EngineMaterials/Substrate/GLints/dict_16_192_64_0p5_0p02_0059_0006" 6506
"/Engine/EngineMaterials/Substrate/GLints/dict_16_192_64_0p5_0p02_0059_0005" 6507
"/Engine/EngineMaterials/Substrate/GLints/dict_16_192_64_0p5_0p02_0059_0004" 6508
"/Engine/EngineMaterials/Substrate/GLints/dict_16_192_64_0p5_0p02_0059_0003" 6509
"../../../Engine/Content/EngineMaterials/Substrate/GLints/dict_16_192_64_0p5_0p02_0060_0004.uasset" 6510
"/Engine/EngineMaterials/Substrate/GLints/dict_16_192_64_0p5_0p02_0060_0003" 6511
"../../../Engine/Content/EngineMaterials/Substrate/GLints/dict_16_192_64_0p5_0p02_0060_0005.uasset" 6512
"../../../Engine/Content/EngineMaterials/Substrate/GLints/dict_16_192_64_0p5_0p02_0060_0006.uasset" 6513
"../../../Engine/Content/EngineMaterials/Substrate/GLints/dict_16_192_64_0p5_0p02_0060_0007.uasset" 6514
"../../../Engine/Content/EngineMaterials/Substrate/GLints/dict_16_192_64_0p5_0p02_0060_0008.uasset" 6515
"../../../Engine/Content/EngineMaterials/Substrate/GLints/dict_16_192_64_0p5_0p02_0060_0009.uasset" 6516
"../../../Engine/Content/EngineMaterials/Substrate/GLints/dict_16_192_64_0p5_0p02_0060_0010.uasset" 6517
"../../../Engine/Content/EngineMaterials/Substrate/GLints/dict_16_192_64_0p5_0p02_0060_0011.uasset" 6518
"../../../Engine/Content/EngineMaterials/Substrate/GLints/dict_16_192_64_0p5_0p02_0060_0012.uasset" 6519
"../../../Engine/Content/EngineMaterials/Substrate/GLints/dict_16_192_64_0p5_0p02_0060_0013.uasset" 6520
"../../../Engine/Content/EngineMaterials/Substrate/GLints/dict_16_192_64_0p5_0p02_0060_0014.uasset" 6521
"../../../Engine/Content/EngineMaterials/Substrate/GLints/dict_16_192_64_0p5_0p02_0060_0015.uasset" 6522
"../../../Engine/Content/EngineMaterials/Substrate/GLints/dict_16_192_64_0p5_0p02_0061_0000.uasset" 6523
"../../../Engine/Content/EngineMaterials/Substrate/GLints/dict_16_192_64_0p5_0p02_0061_0001.uasset" 6524
"../../../Engine/Content/EngineMaterials/Substrate/GLints/dict_16_192_64_0p5_0p02_0061_0002.uasset" 6525
"../../../Engine/Content/EngineMaterials/Substrate/GLints/dict_16_192_64_0p5_0p02_0061_0003.uasset" 6526
"../../../Engine/Content/EngineMaterials/Substrate/GLints/dict_16_192_64_0p5_0p02_0061_0004.uasset" 6527
"../../../Engine/Content/EngineMaterials/Substrate/GLints/dict_16_192_64_0p5_0p02_0061_0005.uasset" 6528
"../../../Engine/Content/EngineMaterials/Substrate/GLints/dict_16_192_64_0p5_0p02_0061_0006.uasset" 6529
"../../../Engine/Content/EngineMaterials/Substrate/GLints/dict_16_192_64_0p5_0p02_0061_0007.uasset" 6530
"../../../Engine/Content/EngineMaterials/Substrate/GLints/dict_16_192_64_0p5_0p02_0061_0008.uasset" 6531
"../../../Engine/Content/EngineMaterials/Substrate/GLints/dict_16_192_64_0p5_0p02_0061_0009.uasset" 6532
"../../../Engine/Content/EngineMaterials/Substrate/GLints/dict_16_192_64_0p5_0p02_0061_0010.uasset" 6533
"../../../Engine/Content/EngineMaterials/Substrate/GLints/dict_16_192_64_0p5_0p02_0061_0011.uasset" 6534
"/Engine/EngineMaterials/Substrate/GLints/dict_16_192_64_0p5_0p02_0060_0002" 6535
"/Engine/EngineMaterials/Substrate/GLints/dict_16_192_64_0p5_0p02_0060_0001" 6536
"/Engine/EngineMaterials/Substrate/GLints/dict_16_192_64_0p5_0p02_0060_0000" 6537
"/Engine/EngineMaterials/Substrate/GLints/dict_16_192_64_0p5_0p02_0059_0015" 6538
"/Engine/EngineMaterials/Substrate/GLints/dict_16_192_64_0p5_0p02_0059_0014" 6539
"/Engine/EngineMaterials/Substrate/GLints/dict_16_192_64_0p5_0p02_0059_0013" 6540
"/Engine/EngineMaterials/Substrate/GLints/dict_16_192_64_0p5_0p02_0059_0012" 6541
"../../../Engine/Content/EngineMaterials/Substrate/GLints/dict_16_192_64_0p5_0p02_0061_0013.uasset" 6542
"../../../Engine/Content/EngineMaterials/Substrate/GLints/dict_16_192_64_0p5_0p02_0061_0014.uasset" 6543
"../../../Engine/Content/EngineMaterials/Substrate/GLints/dict_16_192_64_0p5_0p02_0061_0012.uasset" 6544
"/Engine/EngineMaterials/Substrate/GLints/dict_16_192_64_0p5_0p02_0061_0011" 6545
"../../../Engine/Content/EngineMaterials/Substrate/GLints/dict_16_192_64_0p5_0p02_0061_0015.uasset" 6546
"../../../Engine/Content/EngineMaterials/Substrate/GLints/dict_16_192_64_0p5_0p02_0062_0000.uasset" 6547
"../../../Engine/Content/EngineMaterials/Substrate/GLints/dict_16_192_64_0p5_0p02_0062_0001.uasset" 6548
"../../../Engine/Content/EngineMaterials/Substrate/GLints/dict_16_192_64_0p5_0p02_0062_0002.uasset" 6549
"/Engine/EngineMaterials/Substrate/GLints/dict_16_192_64_0p5_0p02_0061_0010" 6550
"../../../Engine/Content/EngineMaterials/Substrate/GLints/dict_16_192_64_0p5_0p02_0062_0003.uasset" 6551
"/Engine/EngineMaterials/Substrate/GLints/dict_16_192_64_0p5_0p02_0061_0009" 6552
"/Engine/EngineMaterials/Substrate/GLints/dict_16_192_64_0p5_0p02_0061_0008" 6553
"/Engine/EngineMaterials/Substrate/GLints/dict_16_192_64_0p5_0p02_0061_0007" 6554
"/Engine/EngineMaterials/Substrate/GLints/dict_16_192_64_0p5_0p02_0061_0006" 6555
"/Engine/EngineMaterials/Substrate/GLints/dict_16_192_64_0p5_0p02_0061_0005" 6556
"/Engine/EngineMaterials/Substrate/GLints/dict_16_192_64_0p5_0p02_0061_0004" 6557
"/Engine/EngineMaterials/Substrate/GLints/dict_16_192_64_0p5_0p02_0061_0003" 6558
"/Engine/EngineMaterials/Substrate/GLints/dict_16_192_64_0p5_0p02_0061_0002" 6559
"/Engine/EngineMaterials/Substrate/GLints/dict_16_192_64_0p5_0p02_0061_0001" 6560
"/Engine/EngineMaterials/Substrate/GLints/dict_16_192_64_0p5_0p02_0061_0000" 6561
"/Engine/EngineMaterials/Substrate/GLints/dict_16_192_64_0p5_0p02_0060_0015" 6562
"/Engine/EngineMaterials/Substrate/GLints/dict_16_192_64_0p5_0p02_0060_0014" 6563
"/Engine/EngineMaterials/Substrate/GLints/dict_16_192_64_0p5_0p02_0060_0013" 6564
"/Engine/EngineMaterials/Substrate/GLints/dict_16_192_64_0p5_0p02_0060_0012" 6565
"/Engine/EngineMaterials/Substrate/GLints/dict_16_192_64_0p5_0p02_0060_0011" 6566
"/Engine/EngineMaterials/Substrate/GLints/dict_16_192_64_0p5_0p02_0060_0010" 6567
"/Engine/EngineMaterials/Substrate/GLints/dict_16_192_64_0p5_0p02_0060_0009" 6568
"/Engine/EngineMaterials/Substrate/GLints/dict_16_192_64_0p5_0p02_0060_0008" 6569
"/Engine/EngineMaterials/Substrate/GLints/dict_16_192_64_0p5_0p02_0060_0007" 6570
"/Engine/EngineMaterials/Substrate/GLints/dict_16_192_64_0p5_0p02_0060_0006" 6571
"/Engine/EngineMaterials/Substrate/GLints/dict_16_192_64_0p5_0p02_0060_0005" 6572
"/Engine/EngineMaterials/Substrate/GLints/dict_16_192_64_0p5_0p02_0060_0004" 6573
"../../../Engine/Content/EngineMaterials/Substrate/GLints/dict_16_192_64_0p5_0p02_0062_0004.uasset" 6574
"../../../Engine/Content/EngineMaterials/Substrate/GLints/dict_16_192_64_0p5_0p02_0062_0005.uasset" 6575
"/Engine/EngineMaterials/Substrate/GLints/dict_16_192_64_0p5_0p02_0062_0003" 6576
"../../../Engine/Content/EngineMaterials/Substrate/GLints/dict_16_192_64_0p5_0p02_0062_0006.uasset" 6577
"../../../Engine/Content/EngineMaterials/Substrate/GLints/dict_16_192_64_0p5_0p02_0062_0007.uasset" 6578
"../../../Engine/Content/EngineMaterials/Substrate/GLints/dict_16_192_64_0p5_0p02_0062_0008.uasset" 6579
"../../../Engine/Content/EngineMaterials/Substrate/GLints/dict_16_192_64_0p5_0p02_0062_0009.uasset" 6580
"/Engine/EngineMaterials/Substrate/GLints/dict_16_192_64_0p5_0p02_0062_0002" 6581
"../../../Engine/Content/EngineMaterials/Substrate/GLints/dict_16_192_64_0p5_0p02_0062_0010.uasset" 6582
"../../../Engine/Content/EngineMaterials/Substrate/GLints/dict_16_192_64_0p5_0p02_0062_0011.uasset" 6583
"../../../Engine/Content/EngineMaterials/Substrate/GLints/dict_16_192_64_0p5_0p02_0062_0012.uasset" 6584
"../../../Engine/Content/EngineMaterials/Substrate/GLints/dict_16_192_64_0p5_0p02_0062_0013.uasset" 6585
"../../../Engine/Content/EngineMaterials/Substrate/GLints/dict_16_192_64_0p5_0p02_0062_0014.uasset" 6586
"../../../Engine/Content/EngineMaterials/Substrate/GLints/dict_16_192_64_0p5_0p02_0062_0015.uasset" 6587
"../../../Engine/Content/EngineMaterials/Substrate/GLints/dict_16_192_64_0p5_0p02_0063_0000.uasset" 6588
"../../../Engine/Content/EngineMaterials/Substrate/GLints/dict_16_192_64_0p5_0p02_0063_0001.uasset" 6589
"../../../Engine/Content/EngineMaterials/Substrate/GLints/dict_16_192_64_0p5_0p02_0063_0002.uasset" 6590
"../../../Engine/Content/EngineMaterials/Substrate/GLints/dict_16_192_64_0p5_0p02_0063_0003.uasset" 6591
"../../../Engine/Content/EngineMaterials/Substrate/GLints/dict_16_192_64_0p5_0p02_0063_0004.uasset" 6592
"../../../Engine/Content/EngineMaterials/Substrate/GLints/dict_16_192_64_0p5_0p02_0063_0005.uasset" 6593
"../../../Engine/Content/EngineMaterials/Substrate/GLints/dict_16_192_64_0p5_0p02_0063_0006.uasset" 6594
"../../../Engine/Content/EngineMaterials/Substrate/GLints/dict_16_192_64_0p5_0p02_0063_0007.uasset" 6595
"../../../Engine/Content/EngineMaterials/Substrate/GLints/dict_16_192_64_0p5_0p02_0063_0008.uasset" 6596
"../../../Engine/Content/EngineMaterials/Substrate/GLints/dict_16_192_64_0p5_0p02_0063_0010.uasset" 6597
"/Engine/EngineMaterials/Substrate/GLints/dict_16_192_64_0p5_0p02_0062_0001" 6598
"../../../Engine/Content/EngineMaterials/Substrate/GLints/dict_16_192_64_0p5_0p02_0063_0011.uasset" 6599
"../../../Engine/Content/EngineMaterials/Substrate/GLints/dict_16_192_64_0p5_0p02_0063_0009.uasset" 6600
"/Engine/EngineMaterials/Substrate/GLints/dict_16_192_64_0p5_0p02_0062_0000" 6601
"/Engine/EngineMaterials/Substrate/GLints/dict_16_192_64_0p5_0p02_0061_0015" 6602
"/Engine/EngineMaterials/Substrate/GLints/dict_16_192_64_0p5_0p02_0061_0014" 6603
"/Engine/EngineMaterials/Substrate/GLints/dict_16_192_64_0p5_0p02_0061_0013" 6604
"/Engine/EngineMaterials/Substrate/GLints/dict_16_192_64_0p5_0p02_0061_0012" 6605
"../../../Engine/Content/EngineMaterials/Substrate/GLints/dict_16_192_64_0p5_0p02_0063_0012.uasset" 6606
"../../../Engine/Content/EngineMaterials/Substrate/GLints/dict_16_192_64_0p5_0p02_0063_0013.uasset" 6607
"/Engine/EngineMaterials/Substrate/GLints/dict_16_192_64_0p5_0p02_0063_0011" 6608
"../../../Engine/Content/EngineMaterials/Substrate/GLints/dict_16_192_64_0p5_0p02_0063_0014.uasset" 6609
"../../../Engine/Content/EngineMaterials/Substrate/GLints/dict_16_192_64_0p5_0p02_0063_0015.uasset" 6610
"../../../Engine/Content/EngineMaterials/Substrate/GLints/AGlintTex2dArray.uasset" 6611
"../../../Engine/Content/EngineMaterials/Substrate/Glints2/dict_0000_0000.uasset" 6612
"../../../Engine/Content/EngineMaterials/Substrate/Glints2/dict_0000_0001.uasset" 6613
"../../../Engine/Content/EngineMaterials/Substrate/Glints2/dict_0000_0002.uasset" 6614
"/Engine/EngineMaterials/Substrate/GLints/dict_16_192_64_0p5_0p02_0063_0010" 6615
"/Engine/EngineMaterials/Substrate/GLints/dict_16_192_64_0p5_0p02_0063_0009" 6616
"/Engine/EngineMaterials/Substrate/GLints/dict_16_192_64_0p5_0p02_0063_0008" 6617
"/Engine/EngineMaterials/Substrate/GLints/dict_16_192_64_0p5_0p02_0063_0007" 6618
"/Engine/EngineMaterials/Substrate/GLints/dict_16_192_64_0p5_0p02_0063_0006" 6619
"/Engine/EngineMaterials/Substrate/GLints/dict_16_192_64_0p5_0p02_0063_0005" 6620
"/Engine/EngineMaterials/Substrate/GLints/dict_16_192_64_0p5_0p02_0063_0004" 6621
"/Engine/EngineMaterials/Substrate/GLints/dict_16_192_64_0p5_0p02_0063_0003" 6622
"/Engine/EngineMaterials/Substrate/GLints/dict_16_192_64_0p5_0p02_0063_0002" 6623
"/Engine/EngineMaterials/Substrate/GLints/dict_16_192_64_0p5_0p02_0063_0001" 6624
"/Engine/EngineMaterials/Substrate/GLints/dict_16_192_64_0p5_0p02_0063_0000" 6625
"/Engine/EngineMaterials/Substrate/GLints/dict_16_192_64_0p5_0p02_0062_0015" 6626
"/Engine/EngineMaterials/Substrate/GLints/dict_16_192_64_0p5_0p02_0062_0014" 6627
"/Engine/EngineMaterials/Substrate/GLints/dict_16_192_64_0p5_0p02_0062_0013" 6628
"/Engine/EngineMaterials/Substrate/GLints/dict_16_192_64_0p5_0p02_0062_0012" 6629
"/Engine/EngineMaterials/Substrate/GLints/dict_16_192_64_0p5_0p02_0062_0011" 6630
"/Engine/EngineMaterials/Substrate/GLints/dict_16_192_64_0p5_0p02_0062_0010" 6631
"/Engine/EngineMaterials/Substrate/GLints/dict_16_192_64_0p5_0p02_0062_0009" 6632
"/Engine/EngineMaterials/Substrate/GLints/dict_16_192_64_0p5_0p02_0062_0008" 6633
"/Engine/EngineMaterials/Substrate/GLints/dict_16_192_64_0p5_0p02_0062_0007" 6634
"/Engine/EngineMaterials/Substrate/GLints/dict_16_192_64_0p5_0p02_0062_0006" 6635
"/Engine/EngineMaterials/Substrate/GLints/dict_16_192_64_0p5_0p02_0062_0005" 6636
"/Engine/EngineMaterials/Substrate/GLints/dict_16_192_64_0p5_0p02_0062_0004" 6637
"/Engine/EngineMaterials/Substrate/Glints2/dict_0000_0002" 6638
"../../../Engine/Content/EngineMaterials/Substrate/Glints2/dict_0000_0003.uasset" 6639
"../../../Engine/Content/EngineMaterials/Substrate/Glints2/dict_0000_0004.uasset" 6640
"/Engine/EngineMaterials/Substrate/Glints2/dict_0000_0001" 6641
"../../../Engine/Content/EngineMaterials/Substrate/Glints2/dict_0000_0005.uasset" 6642
"../../../Engine/Content/EngineMaterials/Substrate/Glints2/dict_0000_0006.uasset" 6643
"../../../Engine/Content/EngineMaterials/Substrate/Glints2/dict_0000_0008.uasset" 6644
"../../../Engine/Content/EngineMaterials/Substrate/Glints2/dict_0000_0007.uasset" 6645
"/Engine/EngineMaterials/Substrate/Glints2/dict_0000_0000" 6646
"../../../Engine/Content/EngineMaterials/Substrate/Glints2/dict_0000_0010.uasset" 6647
"../../../Engine/Content/EngineMaterials/Substrate/Glints2/dict_0000_0009.uasset" 6648
"../../../Engine/Content/EngineMaterials/Substrate/Glints2/dict_0000_0011.uasset" 6649
"../../../Engine/Content/EngineMaterials/Substrate/Glints2/dict_0000_0012.uasset" 6650
"../../../Engine/Content/EngineMaterials/Substrate/Glints2/dict_0000_0013.uasset" 6651
"/Engine/EngineMaterials/Substrate/GLints/AGlintTex2dArray" 6652
"../../../Engine/Content/EngineMaterials/Substrate/Glints2/dict_0000_0014.uasset" 6653
"../../../Engine/Content/EngineMaterials/Substrate/Glints2/dict_0000_0015.uasset" 6654
"../../../Engine/Content/EngineMaterials/Substrate/Glints2/dict_0000_0016.uasset" 6655
"../../../Engine/Content/EngineMaterials/Substrate/Glints2/dict_0000_0017.uasset" 6656
"../../../Engine/Content/EngineMaterials/Substrate/Glints2/dict_0000_0018.uasset" 6657
"../../../Engine/Content/EngineMaterials/Substrate/Glints2/dict_0000_0019.uasset" 6658
"../../../Engine/Content/EngineMaterials/Substrate/Glints2/dict_0000_0020.uasset" 6659
"../../../Engine/Content/EngineMaterials/Substrate/Glints2/dict_0000_0021.uasset" 6660
"../../../Engine/Content/EngineMaterials/Substrate/Glints2/dict_0000_0022.uasset" 6661
"../../../Engine/Content/EngineMaterials/Substrate/Glints2/dict_0000_0023.uasset" 6662
"../../../Engine/Content/EngineMaterials/Substrate/Glints2/dict_0000_0024.uasset" 6663
"../../../Engine/Content/EngineMaterials/Substrate/Glints2/dict_0000_0025.uasset" 6664
"../../../Engine/Content/EngineMaterials/Substrate/Glints2/dict_0000_0026.uasset" 6665
"../../../Engine/Content/EngineMaterials/Substrate/Glints2/dict_0000_0027.uasset" 6666
"../../../Engine/Content/EngineMaterials/Substrate/Glints2/dict_0000_0028.uasset" 6667
"../../../Engine/Content/EngineMaterials/Substrate/Glints2/dict_0000_0029.uasset" 6668
"../../../Engine/Content/EngineMaterials/Substrate/Glints2/dict_0000_0030.uasset" 6669
"../../../Engine/Content/EngineMaterials/Substrate/Glints2/dict_0000_0031.uasset" 6670
"../../../Engine/Content/EngineMaterials/Substrate/Glints2/dict_0000_0032.uasset" 6671
"../../../Engine/Content/EngineMaterials/Substrate/Glints2/dict_0000_0033.uasset" 6672
"../../../Engine/Content/EngineMaterials/Substrate/Glints2/dict_0000_0034.uasset" 6673
"../../../Engine/Plugins/Animation/DeformerGraph/Shaders/Private/DataInterfaceCustomComputeKernel.ush" 6674
"../../../Engine/Plugins/Animation/DeformerGraph/Shaders/Private/DataInterfaceCloth.ush" 6675
"../../../Engine/Plugins/Animation/DeformerGraph/Shaders/Private/DataInterfaceSkinnedMeshRead.ush" 6676
"../../../Engine/Plugins/Animation/DeformerGraph/Shaders/Private/DataInterfaceSkeleton.ush" 6677
"../../../Engine/Plugins/Animation/DeformerGraph/Shaders/Private/DataInterfaceSkeletonCommon.ush" 6678
"../../../Engine/Plugins/Animation/DeformerGraph/Shaders/Private/DataInterfaceMorphTarget.ush" 6679
"../../../Engine/Plugins/Animation/DeformerGraph/Shaders/Private/DataInterfaceSkinnedMeshWrite.ush" 6680
"../../../Engine/Plugins/Animation/DeformerGraph/Shaders/Private/DataInterfaceRawBuffer.ush" 6681
"../../../Engine/Plugins/Runtime/ComputeFramework/Shaders/Private/BufferAlias.ush" 6682
"../../../Engine/Plugins/Animation/DeformerGraph/Shaders/Private/DataInterfaceSkinnedMesh.ush" 6683
"../../../Engine/Plugins/Animation/DeformerGraph/Shaders/Private/DataInterfaceHalfEdge.ush" 6684
"/Engine/EngineMaterials/Substrate/Glints2/dict_0000_0026" 6685
"/Engine/EngineMaterials/Substrate/Glints2/dict_0000_0025" 6686
"/Engine/EngineMaterials/Substrate/Glints2/dict_0000_0024" 6687
"/Engine/EngineMaterials/Substrate/Glints2/dict_0000_0023" 6688
"/Engine/EngineMaterials/Substrate/Glints2/dict_0000_0022" 6689
"/Engine/EngineMaterials/Substrate/Glints2/dict_0000_0021" 6690
"/Engine/EngineMaterials/Substrate/Glints2/dict_0000_0020" 6691
"/Engine/EngineMaterials/Substrate/Glints2/dict_0000_0019" 6692
"/Engine/EngineMaterials/Substrate/Glints2/dict_0000_0018" 6693
"/Engine/EngineMaterials/Substrate/Glints2/dict_0000_0017" 6694
"/Engine/EngineMaterials/Substrate/Glints2/dict_0000_0016" 6695
"/Engine/EngineMaterials/Substrate/Glints2/dict_0000_0015" 6696
"/Engine/EngineMaterials/Substrate/Glints2/dict_0000_0014" 6697
"/Engine/EngineMaterials/Substrate/Glints2/dict_0000_0013" 6698
"/Engine/EngineMaterials/Substrate/Glints2/dict_0000_0012" 6699
"/Engine/EngineMaterials/Substrate/Glints2/dict_0000_0011" 6700
"/Engine/EngineMaterials/Substrate/Glints2/dict_0000_0010" 6701
"/Engine/EngineMaterials/Substrate/Glints2/dict_0000_0009" 6702
"/Engine/EngineMaterials/Substrate/Glints2/dict_0000_0008" 6703
"/Engine/EngineMaterials/Substrate/Glints2/dict_0000_0007" 6704
"/Engine/EngineMaterials/Substrate/Glints2/dict_0000_0006" 6705
"/Engine/EngineMaterials/Substrate/Glints2/dict_0000_0005" 6706
"/Engine/EngineMaterials/Substrate/Glints2/dict_0000_0004" 6707
"/Engine/EngineMaterials/Substrate/Glints2/dict_0000_0003" 6708
"../../../Engine/Content/EngineMaterials/Substrate/Glints2/dict_0000_0036.uasset" 6709
"../../../Engine/Content/EngineMaterials/Substrate/Glints2/dict_0000_0035.uasset" 6710
"../../../Engine/Content/EngineMaterials/Substrate/Glints2/dict_0000_0037.uasset" 6711
"../../../Engine/Content/EngineMaterials/Substrate/Glints2/dict_0000_0038.uasset" 6712
"../../../Engine/Content/EngineMaterials/Substrate/Glints2/dict_0000_0039.uasset" 6713
"../../../Engine/Content/EngineMaterials/Substrate/Glints2/dict_0000_0040.uasset" 6714
"../../../Engine/Content/EngineMaterials/Substrate/Glints2/dict_0000_0041.uasset" 6715
"../../../Engine/Content/EngineMaterials/Substrate/Glints2/dict_0000_0042.uasset" 6716
"../../../Engine/Content/EngineMaterials/Substrate/Glints2/dict_0000_0043.uasset" 6717
"../../../Engine/Content/EngineMaterials/Substrate/Glints2/dict_0000_0044.uasset" 6718
"../../../Engine/Content/EngineMaterials/Substrate/Glints2/dict_0000_0045.uasset" 6719
"../../../Engine/Content/EngineMaterials/Substrate/Glints2/dict_0000_0046.uasset" 6720
"../../../Engine/Content/EngineMaterials/Substrate/Glints2/dict_0000_0047.uasset" 6721
"../../../Engine/Content/EngineMaterials/Substrate/Glints2/dict_0000_0048.uasset" 6722
"../../../Engine/Content/EngineMaterials/Substrate/Glints2/dict_0000_0049.uasset" 6723
"../../../Engine/Content/EngineMaterials/Substrate/Glints2/dict_0000_0050.uasset" 6724
"../../../Engine/Content/EngineMaterials/Substrate/Glints2/dict_0000_0051.uasset" 6725
"../../../Engine/Content/EngineMaterials/Substrate/Glints2/dict_0000_0052.uasset" 6726
"../../../Engine/Content/EngineMaterials/Substrate/Glints2/dict_0000_0053.uasset" 6727
"../../../Engine/Content/EngineMaterials/Substrate/Glints2/dict_0000_0054.uasset" 6728
"../../../Engine/Content/EngineMaterials/Substrate/Glints2/dict_0000_0055.uasset" 6729
"../../../Engine/Content/EngineMaterials/Substrate/Glints2/dict_0000_0056.uasset" 6730
"../../../Engine/Content/EngineMaterials/Substrate/Glints2/dict_0000_0057.uasset" 6731
"../../../Engine/Content/EngineMaterials/Substrate/Glints2/dict_0000_0058.uasset" 6732
"/Engine/EngineMaterials/Substrate/Glints2/dict_0000_0034" 6733
"/Engine/EngineMaterials/Substrate/Glints2/dict_0000_0033" 6734
"/Engine/EngineMaterials/Substrate/Glints2/dict_0000_0032" 6735
"/Engine/EngineMaterials/Substrate/Glints2/dict_0000_0031" 6736
"/Engine/EngineMaterials/Substrate/Glints2/dict_0000_0030" 6737
"/Engine/EngineMaterials/Substrate/Glints2/dict_0000_0029" 6738
"/Engine/EngineMaterials/Substrate/Glints2/dict_0000_0028" 6739
"/Engine/EngineMaterials/Substrate/Glints2/dict_0000_0027" 6740
"../../../Engine/Content/EngineMaterials/Substrate/Glints2/dict_0000_0060.uasset" 6741
"../../../Engine/Content/EngineMaterials/Substrate/Glints2/dict_0000_0059.uasset" 6742
"../../../Engine/Content/EngineMaterials/Substrate/Glints2/dict_0000_0061.uasset" 6743
"../../../Engine/Content/EngineMaterials/Substrate/Glints2/dict_0000_0063.uasset" 6744
"../../../Engine/Content/EngineMaterials/Substrate/Glints2/dict_0000_0062.uasset" 6745
"../../../Engine/Content/EngineMaterials/Substrate/Glints2/dict_0000_0064.uasset" 6746
"../../../Engine/Content/EngineMaterials/Substrate/Glints2/dict_0000_0065.uasset" 6747
"../../../Engine/Content/EngineMaterials/Substrate/Glints2/dict_0000_0066.uasset" 6748
"/Engine/EngineMaterials/Substrate/Glints2/dict_0000_0058" 6749
"/Engine/EngineMaterials/Substrate/Glints2/dict_0000_0057" 6750
"/Engine/EngineMaterials/Substrate/Glints2/dict_0000_0056" 6751
"/Engine/EngineMaterials/Substrate/Glints2/dict_0000_0055" 6752
"/Engine/EngineMaterials/Substrate/Glints2/dict_0000_0054" 6753
"/Engine/EngineMaterials/Substrate/Glints2/dict_0000_0053" 6754
"/Engine/EngineMaterials/Substrate/Glints2/dict_0000_0052" 6755
"/Engine/EngineMaterials/Substrate/Glints2/dict_0000_0051" 6756
"/Engine/EngineMaterials/Substrate/Glints2/dict_0000_0050" 6757
"/Engine/EngineMaterials/Substrate/Glints2/dict_0000_0049" 6758
"/Engine/EngineMaterials/Substrate/Glints2/dict_0000_0048" 6759
"/Engine/EngineMaterials/Substrate/Glints2/dict_0000_0047" 6760
"/Engine/EngineMaterials/Substrate/Glints2/dict_0000_0046" 6761
"/Engine/EngineMaterials/Substrate/Glints2/dict_0000_0045" 6762
"/Engine/EngineMaterials/Substrate/Glints2/dict_0000_0044" 6763
"/Engine/EngineMaterials/Substrate/Glints2/dict_0000_0043" 6764
"/Engine/EngineMaterials/Substrate/Glints2/dict_0000_0042" 6765
"/Engine/EngineMaterials/Substrate/Glints2/dict_0000_0041" 6766
"/Engine/EngineMaterials/Substrate/Glints2/dict_0000_0040" 6767
"/Engine/EngineMaterials/Substrate/Glints2/dict_0000_0039" 6768
"/Engine/EngineMaterials/Substrate/Glints2/dict_0000_0038" 6769
"/Engine/EngineMaterials/Substrate/Glints2/dict_0000_0037" 6770
"/Engine/EngineMaterials/Substrate/Glints2/dict_0000_0036" 6771
"/Engine/EngineMaterials/Substrate/Glints2/dict_0000_0035" 6772
"../../../Engine/Content/EngineMaterials/Substrate/Glints2/dict_0000_0067.uasset" 6773
"../../../Engine/Content/EngineMaterials/Substrate/Glints2/dict_0000_0068.uasset" 6774
"../../../Engine/Content/EngineMaterials/Substrate/Glints2/dict_0000_0070.uasset" 6775
"../../../Engine/Content/EngineMaterials/Substrate/Glints2/dict_0000_0069.uasset" 6776
"../../../Engine/Content/EngineMaterials/Substrate/Glints2/dict_0000_0071.uasset" 6777
"../../../Engine/Content/EngineMaterials/Substrate/Glints2/dict_0000_0072.uasset" 6778
"../../../Engine/Content/EngineMaterials/Substrate/Glints2/dict_0000_0073.uasset" 6779
"../../../Engine/Content/EngineMaterials/Substrate/Glints2/dict_0000_0074.uasset" 6780
"../../../Engine/Content/EngineMaterials/Substrate/Glints2/dict_0000_0075.uasset" 6781
"../../../Engine/Content/EngineMaterials/Substrate/Glints2/dict_0000_0077.uasset" 6782
"../../../Engine/Content/EngineMaterials/Substrate/Glints2/dict_0000_0076.uasset" 6783
"../../../Engine/Content/EngineMaterials/Substrate/Glints2/dict_0000_0078.uasset" 6784
"../../../Engine/Content/EngineMaterials/Substrate/Glints2/dict_0000_0079.uasset" 6785
"../../../Engine/Content/EngineMaterials/Substrate/Glints2/dict_0000_0080.uasset" 6786
"../../../Engine/Content/EngineMaterials/Substrate/Glints2/dict_0000_0081.uasset" 6787
"../../../Engine/Content/EngineMaterials/Substrate/Glints2/dict_0000_0082.uasset" 6788
"../../../Engine/Content/EngineMaterials/Substrate/Glints2/dict_0000_0083.uasset" 6789
"../../../Engine/Content/EngineMaterials/Substrate/Glints2/dict_0000_0084.uasset" 6790
"../../../Engine/Content/EngineMaterials/Substrate/Glints2/dict_0000_0085.uasset" 6791
"../../../Engine/Content/EngineMaterials/Substrate/Glints2/dict_0000_0086.uasset" 6792
"../../../Engine/Content/EngineMaterials/Substrate/Glints2/dict_0000_0087.uasset" 6793
"../../../Engine/Content/EngineMaterials/Substrate/Glints2/dict_0000_0088.uasset" 6794
"../../../Engine/Content/EngineMaterials/Substrate/Glints2/dict_0000_0089.uasset" 6795
"../../../Engine/Content/EngineMaterials/Substrate/Glints2/dict_0000_0090.uasset" 6796
"/Engine/EngineMaterials/Substrate/Glints2/dict_0000_0066" 6797
"/Engine/EngineMaterials/Substrate/Glints2/dict_0000_0065" 6798
"/Engine/EngineMaterials/Substrate/Glints2/dict_0000_0064" 6799
"/Engine/EngineMaterials/Substrate/Glints2/dict_0000_0063" 6800
"/Engine/EngineMaterials/Substrate/Glints2/dict_0000_0062" 6801
"/Engine/EngineMaterials/Substrate/Glints2/dict_0000_0061" 6802
"/Engine/EngineMaterials/Substrate/Glints2/dict_0000_0060" 6803
"/Engine/EngineMaterials/Substrate/Glints2/dict_0000_0059" 6804
"../../../Engine/Content/EngineMaterials/Substrate/Glints2/dict_0000_0091.uasset" 6805
"../../../Engine/Content/EngineMaterials/Substrate/Glints2/dict_0000_0092.uasset" 6806
"../../../Engine/Content/EngineMaterials/Substrate/Glints2/dict_0000_0093.uasset" 6807
"../../../Engine/Content/EngineMaterials/Substrate/Glints2/dict_0000_0094.uasset" 6808
"../../../Engine/Content/EngineMaterials/Substrate/Glints2/dict_0000_0095.uasset" 6809
"../../../Engine/Content/EngineMaterials/Substrate/Glints2/dict_0000_0096.uasset" 6810
"../../../Engine/Content/EngineMaterials/Substrate/Glints2/dict_0000_0097.uasset" 6811
"../../../Engine/Content/EngineMaterials/Substrate/Glints2/dict_0000_0098.uasset" 6812
"/Engine/EngineMaterials/Substrate/Glints2/dict_0000_0090" 6813
"/Engine/EngineMaterials/Substrate/Glints2/dict_0000_0089" 6814
"/Engine/EngineMaterials/Substrate/Glints2/dict_0000_0088" 6815
"/Engine/EngineMaterials/Substrate/Glints2/dict_0000_0087" 6816
"/Engine/EngineMaterials/Substrate/Glints2/dict_0000_0086" 6817
"/Engine/EngineMaterials/Substrate/Glints2/dict_0000_0085" 6818
"/Engine/EngineMaterials/Substrate/Glints2/dict_0000_0084" 6819
"/Engine/EngineMaterials/Substrate/Glints2/dict_0000_0083" 6820
"/Engine/EngineMaterials/Substrate/Glints2/dict_0000_0082" 6821
"/Engine/EngineMaterials/Substrate/Glints2/dict_0000_0081" 6822
"/Engine/EngineMaterials/Substrate/Glints2/dict_0000_0080" 6823
"/Engine/EngineMaterials/Substrate/Glints2/dict_0000_0079" 6824
"/Engine/EngineMaterials/Substrate/Glints2/dict_0000_0078" 6825
"/Engine/EngineMaterials/Substrate/Glints2/dict_0000_0077" 6826
"/Engine/EngineMaterials/Substrate/Glints2/dict_0000_0076" 6827
"/Engine/EngineMaterials/Substrate/Glints2/dict_0000_0075" 6828
"/Engine/EngineMaterials/Substrate/Glints2/dict_0000_0074" 6829
"/Engine/EngineMaterials/Substrate/Glints2/dict_0000_0073" 6830
"/Engine/EngineMaterials/Substrate/Glints2/dict_0000_0072" 6831
"/Engine/EngineMaterials/Substrate/Glints2/dict_0000_0071" 6832
"/Engine/EngineMaterials/Substrate/Glints2/dict_0000_0070" 6833
"/Engine/EngineMaterials/Substrate/Glints2/dict_0000_0069" 6834
"/Engine/EngineMaterials/Substrate/Glints2/dict_0000_0068" 6835
"/Engine/EngineMaterials/Substrate/Glints2/dict_0000_0067" 6836
"../../../Engine/Content/EngineMaterials/Substrate/Glints2/dict_0000_0100.uasset" 6837
"../../../Engine/Content/EngineMaterials/Substrate/Glints2/dict_0000_0099.uasset" 6838
"../../../Engine/Content/EngineMaterials/Substrate/Glints2/dict_0000_0101.uasset" 6839
"../../../Engine/Content/EngineMaterials/Substrate/Glints2/dict_0000_0102.uasset" 6840
"../../../Engine/Content/EngineMaterials/Substrate/Glints2/dict_0000_0103.uasset" 6841
"../../../Engine/Content/EngineMaterials/Substrate/Glints2/dict_0000_0104.uasset" 6842
"../../../Engine/Content/EngineMaterials/Substrate/Glints2/dict_0000_0105.uasset" 6843
"../../../Engine/Content/EngineMaterials/Substrate/Glints2/dict_0000_0106.uasset" 6844
"../../../Engine/Content/EngineMaterials/Substrate/Glints2/dict_0000_0107.uasset" 6845
"../../../Engine/Content/EngineMaterials/Substrate/Glints2/dict_0000_0108.uasset" 6846
"../../../Engine/Content/EngineMaterials/Substrate/Glints2/dict_0000_0109.uasset" 6847
"../../../Engine/Content/EngineMaterials/Substrate/Glints2/dict_0000_0110.uasset" 6848
"../../../Engine/Content/EngineMaterials/Substrate/Glints2/dict_0000_0111.uasset" 6849
"../../../Engine/Content/EngineMaterials/Substrate/Glints2/dict_0000_0112.uasset" 6850
"../../../Engine/Content/EngineMaterials/Substrate/Glints2/dict_0000_0113.uasset" 6851
"../../../Engine/Content/EngineMaterials/Substrate/Glints2/dict_0000_0114.uasset" 6852
"../../../Engine/Content/EngineMaterials/Substrate/Glints2/dict_0000_0115.uasset" 6853
"../../../Engine/Content/EngineMaterials/Substrate/Glints2/dict_0000_0116.uasset" 6854
"../../../Engine/Content/EngineMaterials/Substrate/Glints2/dict_0000_0117.uasset" 6855
"../../../Engine/Content/EngineMaterials/Substrate/Glints2/dict_0000_0118.uasset" 6856
"../../../Engine/Content/EngineMaterials/Substrate/Glints2/dict_0000_0119.uasset" 6857
"../../../Engine/Content/EngineMaterials/Substrate/Glints2/dict_0000_0120.uasset" 6858
"../../../Engine/Content/EngineMaterials/Substrate/Glints2/dict_0000_0121.uasset" 6859
"../../../Engine/Content/EngineMaterials/Substrate/Glints2/dict_0000_0122.uasset" 6860
"/Engine/EngineMaterials/Substrate/Glints2/dict_0000_0098" 6861
"/Engine/EngineMaterials/Substrate/Glints2/dict_0000_0097" 6862
"/Engine/EngineMaterials/Substrate/Glints2/dict_0000_0096" 6863
"/Engine/EngineMaterials/Substrate/Glints2/dict_0000_0095" 6864
"/Engine/EngineMaterials/Substrate/Glints2/dict_0000_0094" 6865
"/Engine/EngineMaterials/Substrate/Glints2/dict_0000_0093" 6866
"/Engine/EngineMaterials/Substrate/Glints2/dict_0000_0092" 6867
"/Engine/EngineMaterials/Substrate/Glints2/dict_0000_0091" 6868
"../../../Engine/Content/EngineMaterials/Substrate/Glints2/dict_0000_0123.uasset" 6869
"../../../Engine/Content/EngineMaterials/Substrate/Glints2/dict_0000_0124.uasset" 6870
"../../../Engine/Content/EngineMaterials/Substrate/Glints2/dict_0000_0125.uasset" 6871
"../../../Engine/Content/EngineMaterials/Substrate/Glints2/dict_0000_0126.uasset" 6872
"../../../Engine/Content/EngineMaterials/Substrate/Glints2/dict_0000_0127.uasset" 6873
"../../../Engine/Content/EngineMaterials/Substrate/Glints2/dict_0000_0128.uasset" 6874
"../../../Engine/Content/EngineMaterials/Substrate/Glints2/dict_0000_0129.uasset" 6875
"../../../Engine/Content/EngineMaterials/Substrate/Glints2/dict_0000_0130.uasset" 6876
"/Engine/EngineMaterials/Substrate/Glints2/dict_0000_0122" 6877
"/Engine/EngineMaterials/Substrate/Glints2/dict_0000_0121" 6878
"/Engine/EngineMaterials/Substrate/Glints2/dict_0000_0120" 6879
"/Engine/EngineMaterials/Substrate/Glints2/dict_0000_0119" 6880
"/Engine/EngineMaterials/Substrate/Glints2/dict_0000_0118" 6881
"/Engine/EngineMaterials/Substrate/Glints2/dict_0000_0117" 6882
"/Engine/EngineMaterials/Substrate/Glints2/dict_0000_0116" 6883
"/Engine/EngineMaterials/Substrate/Glints2/dict_0000_0115" 6884
"/Engine/EngineMaterials/Substrate/Glints2/dict_0000_0114" 6885
"/Engine/EngineMaterials/Substrate/Glints2/dict_0000_0113" 6886
"/Engine/EngineMaterials/Substrate/Glints2/dict_0000_0112" 6887
"/Engine/EngineMaterials/Substrate/Glints2/dict_0000_0111" 6888
"/Engine/EngineMaterials/Substrate/Glints2/dict_0000_0110" 6889
"/Engine/EngineMaterials/Substrate/Glints2/dict_0000_0109" 6890
"/Engine/EngineMaterials/Substrate/Glints2/dict_0000_0108" 6891
"/Engine/EngineMaterials/Substrate/Glints2/dict_0000_0107" 6892
"/Engine/EngineMaterials/Substrate/Glints2/dict_0000_0106" 6893
"/Engine/EngineMaterials/Substrate/Glints2/dict_0000_0105" 6894
"/Engine/EngineMaterials/Substrate/Glints2/dict_0000_0104" 6895
"/Engine/EngineMaterials/Substrate/Glints2/dict_0000_0103" 6896
"/Engine/EngineMaterials/Substrate/Glints2/dict_0000_0102" 6897
"/Engine/EngineMaterials/Substrate/Glints2/dict_0000_0101" 6898
"/Engine/EngineMaterials/Substrate/Glints2/dict_0000_0100" 6899
"/Engine/EngineMaterials/Substrate/Glints2/dict_0000_0099" 6900
"../../../Engine/Content/EngineMaterials/Substrate/Glints2/dict_0000_0131.uasset" 6901
"../../../Engine/Content/EngineMaterials/Substrate/Glints2/dict_0000_0132.uasset" 6902
"/Engine/EngineMaterials/Substrate/Glints2/dict_0000_0130" 6903
"../../../Engine/Content/EngineMaterials/Substrate/Glints2/dict_0000_0133.uasset" 6904
"../../../Engine/Content/EngineMaterials/Substrate/Glints2/dict_0000_0134.uasset" 6905
"../../../Engine/Content/EngineMaterials/Substrate/Glints2/dict_0000_0135.uasset" 6906
"/Engine/EngineMaterials/Substrate/Glints2/dict_0000_0129" 6907
"../../../Engine/Content/EngineMaterials/Substrate/Glints2/dict_0000_0136.uasset" 6908
"../../../Engine/Content/EngineMaterials/Substrate/Glints2/dict_0000_0137.uasset" 6909
"../../../Engine/Content/EngineMaterials/Substrate/Glints2/dict_0000_0138.uasset" 6910
"../../../Engine/Content/EngineMaterials/Substrate/Glints2/dict_0000_0139.uasset" 6911
"/Engine/EngineMaterials/Substrate/Glints2/dict_0000_0128" 6912
"../../../Engine/Content/EngineMaterials/Substrate/Glints2/dict_0000_0140.uasset" 6913
"../../../Engine/Content/EngineMaterials/Substrate/Glints2/dict_0000_0141.uasset" 6914
"../../../Engine/Content/EngineMaterials/Substrate/Glints2/dict_0000_0142.uasset" 6915
"/Engine/EngineMaterials/Substrate/Glints2/dict_0000_0127" 6916
"../../../Engine/Content/EngineMaterials/Substrate/Glints2/dict_0000_0143.uasset" 6917
"../../../Engine/Content/EngineMaterials/Substrate/Glints2/dict_0000_0144.uasset" 6918
"../../../Engine/Content/EngineMaterials/Substrate/Glints2/dict_0000_0145.uasset" 6919
"/Engine/EngineMaterials/Substrate/Glints2/dict_0000_0126" 6920
"../../../Engine/Content/EngineMaterials/Substrate/Glints2/dict_0000_0146.uasset" 6921
"../../../Engine/Content/EngineMaterials/Substrate/Glints2/dict_0000_0147.uasset" 6922
"../../../Engine/Content/EngineMaterials/Substrate/Glints2/dict_0000_0148.uasset" 6923
"/Engine/EngineMaterials/Substrate/Glints2/dict_0000_0125" 6924
"../../../Engine/Content/EngineMaterials/Substrate/Glints2/dict_0000_0149.uasset" 6925
"../../../Engine/Content/EngineMaterials/Substrate/Glints2/dict_0000_0150.uasset" 6926
"/Engine/EngineMaterials/Substrate/Glints2/dict_0000_0124" 6927
"../../../Engine/Content/EngineMaterials/Substrate/Glints2/dict_0000_0151.uasset" 6928
"../../../Engine/Content/EngineMaterials/Substrate/Glints2/dict_0000_0152.uasset" 6929
"../../../Engine/Content/EngineMaterials/Substrate/Glints2/dict_0000_0153.uasset" 6930
"../../../Engine/Content/EngineMaterials/Substrate/Glints2/dict_0000_0154.uasset" 6931
"/Engine/EngineMaterials/Substrate/Glints2/dict_0000_0123" 6932
"../../../Engine/Content/EngineMaterials/Substrate/Glints2/dict_0000_0155.uasset" 6933
"/Engine/EngineMaterials/Substrate/Glints2/dict_0000_0154" 6934
"../../../Engine/Content/EngineMaterials/Substrate/Glints2/dict_0000_0156.uasset" 6935
"../../../Engine/Content/EngineMaterials/Substrate/Glints2/dict_0000_0157.uasset" 6936
"../../../Engine/Content/EngineMaterials/Substrate/Glints2/dict_0000_0158.uasset" 6937
"/Engine/EngineMaterials/Substrate/Glints2/dict_0000_0153" 6938
"../../../Engine/Content/EngineMaterials/Substrate/Glints2/dict_0000_0159.uasset" 6939
"../../../Engine/Content/EngineMaterials/Substrate/Glints2/dict_0000_0160.uasset" 6940
"../../../Engine/Content/EngineMaterials/Substrate/Glints2/dict_0000_0161.uasset" 6941
"../../../Engine/Content/EngineMaterials/Substrate/Glints2/dict_0000_0162.uasset" 6942
"/Engine/EngineMaterials/Substrate/Glints2/dict_0000_0152" 6943
"/Engine/EngineMaterials/Substrate/Glints2/dict_0000_0151" 6944
"/Engine/EngineMaterials/Substrate/Glints2/dict_0000_0150" 6945
"/Engine/EngineMaterials/Substrate/Glints2/dict_0000_0149" 6946
"/Engine/EngineMaterials/Substrate/Glints2/dict_0000_0148" 6947
"/Engine/EngineMaterials/Substrate/Glints2/dict_0000_0147" 6948
"/Engine/EngineMaterials/Substrate/Glints2/dict_0000_0146" 6949
"/Engine/EngineMaterials/Substrate/Glints2/dict_0000_0145" 6950
"/Engine/EngineMaterials/Substrate/Glints2/dict_0000_0144" 6951
"/Engine/EngineMaterials/Substrate/Glints2/dict_0000_0143" 6952
"/Engine/EngineMaterials/Substrate/Glints2/dict_0000_0142" 6953
"/Engine/EngineMaterials/Substrate/Glints2/dict_0000_0141" 6954
"/Engine/EngineMaterials/Substrate/Glints2/dict_0000_0140" 6955
"/Engine/EngineMaterials/Substrate/Glints2/dict_0000_0139" 6956
"/Engine/EngineMaterials/Substrate/Glints2/dict_0000_0138" 6957
"/Engine/EngineMaterials/Substrate/Glints2/dict_0000_0137" 6958
"/Engine/EngineMaterials/Substrate/Glints2/dict_0000_0136" 6959
"/Engine/EngineMaterials/Substrate/Glints2/dict_0000_0135" 6960
"/Engine/EngineMaterials/Substrate/Glints2/dict_0000_0134" 6961
"/Engine/EngineMaterials/Substrate/Glints2/dict_0000_0133" 6962
"/Engine/EngineMaterials/Substrate/Glints2/dict_0000_0132" 6963
"/Engine/EngineMaterials/Substrate/Glints2/dict_0000_0131" 6964
"../../../Engine/Content/EngineMaterials/Substrate/Glints2/dict_0000_0163.uasset" 6965
"../../../Engine/Content/EngineMaterials/Substrate/Glints2/dict_0000_0164.uasset" 6966
"../../../Engine/Content/EngineMaterials/Substrate/Glints2/dict_0000_0165.uasset" 6967
"../../../Engine/Content/EngineMaterials/Substrate/Glints2/dict_0000_0166.uasset" 6968
"/Engine/EngineMaterials/Substrate/Glints2/dict_0000_0162" 6969
"../../../Engine/Content/EngineMaterials/Substrate/Glints2/dict_0000_0167.uasset" 6970
"../../../Engine/Content/EngineMaterials/Substrate/Glints2/dict_0000_0168.uasset" 6971
"../../../Engine/Content/EngineMaterials/Substrate/Glints2/dict_0000_0169.uasset" 6972
"../../../Engine/Content/EngineMaterials/Substrate/Glints2/dict_0000_0170.uasset" 6973
"../../../Engine/Content/EngineMaterials/Substrate/Glints2/dict_0000_0171.uasset" 6974
"../../../Engine/Content/EngineMaterials/Substrate/Glints2/dict_0000_0172.uasset" 6975
"../../../Engine/Content/EngineMaterials/Substrate/Glints2/dict_0000_0173.uasset" 6976
"../../../Engine/Content/EngineMaterials/Substrate/Glints2/dict_0000_0174.uasset" 6977
"/Engine/EngineMaterials/Substrate/Glints2/dict_0000_0161" 6978
"../../../Engine/Content/EngineMaterials/Substrate/Glints2/dict_0000_0175.uasset" 6979
"../../../Engine/Content/EngineMaterials/Substrate/Glints2/dict_0000_0177.uasset" 6980
"../../../Engine/Content/EngineMaterials/Substrate/Glints2/dict_0000_0176.uasset" 6981
"../../../Engine/Content/EngineMaterials/Substrate/Glints2/dict_0000_0178.uasset" 6982
"../../../Engine/Content/EngineMaterials/Substrate/Glints2/dict_0000_0179.uasset" 6983
"../../../Engine/Content/EngineMaterials/Substrate/Glints2/dict_0000_0180.uasset" 6984
"/Engine/EngineMaterials/Substrate/Glints2/dict_0000_0160" 6985
"../../../Engine/Content/EngineMaterials/Substrate/Glints2/dict_0000_0181.uasset" 6986
"../../../Engine/Content/EngineMaterials/Substrate/Glints2/dict_0000_0182.uasset" 6987
"../../../Engine/Content/EngineMaterials/Substrate/Glints2/dict_0000_0183.uasset" 6988
"../../../Engine/Content/EngineMaterials/Substrate/Glints2/dict_0000_0184.uasset" 6989
"../../../Engine/Content/EngineMaterials/Substrate/Glints2/dict_0000_0185.uasset" 6990
"/Engine/EngineMaterials/Substrate/Glints2/dict_0000_0159" 6991
"../../../Engine/Content/EngineMaterials/Substrate/Glints2/dict_0000_0186.uasset" 6992
"/Engine/EngineMaterials/Substrate/Glints2/dict_0000_0158" 6993
"/Engine/EngineMaterials/Substrate/Glints2/dict_0000_0157" 6994
"/Engine/EngineMaterials/Substrate/Glints2/dict_0000_0156" 6995
"/Engine/EngineMaterials/Substrate/Glints2/dict_0000_0155" 6996
"/Engine/EngineMaterials/Substrate/Glints2/dict_0000_0164" 6997
"/Engine/EngineMaterials/Substrate/Glints2/dict_0000_0163" 6998
"/Engine/EngineMaterials/Substrate/Glints2/dict_0000_0186" 6999
"../../../Engine/Content/EngineMaterials/Substrate/Glints2/dict_0000_0187.uasset" 7000
"../../../Engine/Content/EngineMaterials/Substrate/Glints2/dict_0000_0188.uasset" 7001
"../../../Engine/Content/EngineMaterials/Substrate/Glints2/dict_0000_0189.uasset" 7002
"../../../Engine/Content/EngineMaterials/Substrate/Glints2/dict_0000_0190.uasset" 7003
"../../../Engine/Content/EngineMaterials/Substrate/Glints2/dict_0000_0191.uasset" 7004
"/Engine/EngineMaterials/Substrate/Glints2/dict_0000_0185" 7005
"../../../Engine/Content/EngineMaterials/Substrate/Glints2/dict_0000_0192.uasset" 7006
"../../../Engine/Content/EngineMaterials/Substrate/Glints2/dict_0000_0193.uasset" 7007
"../../../Engine/Content/EngineMaterials/Substrate/Glints2/dict_0000_0194.uasset" 7008
"/Engine/EngineMaterials/Substrate/Glints2/dict_0000_0184" 7009
"../../../Engine/Content/EngineMaterials/Substrate/Glints2/dict_0000_0195.uasset" 7010
"../../../Engine/Content/EngineMaterials/Substrate/Glints2/dict_0000_0196.uasset" 7011
"/Engine/EngineMaterials/Substrate/Glints2/dict_0000_0183" 7012
"/Engine/EngineMaterials/Substrate/Glints2/dict_0000_0182" 7013
"/Engine/EngineMaterials/Substrate/Glints2/dict_0000_0181" 7014
"/Engine/EngineMaterials/Substrate/Glints2/dict_0000_0180" 7015
"/Engine/EngineMaterials/Substrate/Glints2/dict_0000_0179" 7016
"/Engine/EngineMaterials/Substrate/Glints2/dict_0000_0178" 7017
"/Engine/EngineMaterials/Substrate/Glints2/dict_0000_0177" 7018
"/Engine/EngineMaterials/Substrate/Glints2/dict_0000_0176" 7019
"/Engine/EngineMaterials/Substrate/Glints2/dict_0000_0175" 7020
"/Engine/EngineMaterials/Substrate/Glints2/dict_0000_0174" 7021
"/Engine/EngineMaterials/Substrate/Glints2/dict_0000_0173" 7022
"/Engine/EngineMaterials/Substrate/Glints2/dict_0000_0172" 7023
"/Engine/EngineMaterials/Substrate/Glints2/dict_0000_0171" 7024
"/Engine/EngineMaterials/Substrate/Glints2/dict_0000_0170" 7025
"/Engine/EngineMaterials/Substrate/Glints2/dict_0000_0169" 7026
"/Engine/EngineMaterials/Substrate/Glints2/dict_0000_0168" 7027
"/Engine/EngineMaterials/Substrate/Glints2/dict_0000_0167" 7028
"/Engine/EngineMaterials/Substrate/Glints2/dict_0000_0166" 7029
"/Engine/EngineMaterials/Substrate/Glints2/dict_0000_0165" 7030
"../../../Engine/Content/EngineMaterials/Substrate/Glints2/dict_0000_0198.uasset" 7031
"../../../Engine/Content/EngineMaterials/Substrate/Glints2/dict_0000_0197.uasset" 7032
"/Engine/EngineMaterials/Substrate/Glints2/dict_0000_0196" 7033
"../../../Engine/Content/EngineMaterials/Substrate/Glints2/dict_0000_0199.uasset" 7034
"../../../Engine/Content/EngineMaterials/Substrate/Glints2/dict_0000_0200.uasset" 7035
"../../../Engine/Content/EngineMaterials/Substrate/Glints2/dict_0000_0201.uasset" 7036
"../../../Engine/Content/EngineMaterials/Substrate/Glints2/dict_0000_0202.uasset" 7037
"../../../Engine/Content/EngineMaterials/Substrate/Glints2/dict_0000_0203.uasset" 7038
"../../../Engine/Content/EngineMaterials/Substrate/Glints2/dict_0000_0204.uasset" 7039
"/Engine/EngineMaterials/Substrate/Glints2/dict_0000_0195" 7040
"../../../Engine/Content/EngineMaterials/Substrate/Glints2/dict_0000_0205.uasset" 7041
"../../../Engine/Content/EngineMaterials/Substrate/Glints2/dict_0000_0206.uasset" 7042
"../../../Engine/Content/EngineMaterials/Substrate/Glints2/dict_0000_0207.uasset" 7043
"../../../Engine/Content/EngineMaterials/Substrate/Glints2/dict_0000_0208.uasset" 7044
"../../../Engine/Content/EngineMaterials/Substrate/Glints2/dict_0000_0209.uasset" 7045
"/Engine/EngineMaterials/Substrate/Glints2/dict_0000_0194" 7046
"../../../Engine/Content/EngineMaterials/Substrate/Glints2/dict_0000_0210.uasset" 7047
"../../../Engine/Content/EngineMaterials/Substrate/Glints2/dict_0000_0211.uasset" 7048
"../../../Engine/Content/EngineMaterials/Substrate/Glints2/dict_0000_0212.uasset" 7049
"../../../Engine/Content/EngineMaterials/Substrate/Glints2/dict_0000_0213.uasset" 7050
"/Engine/EngineMaterials/Substrate/Glints2/dict_0000_0193" 7051
"../../../Engine/Content/EngineMaterials/Substrate/Glints2/dict_0000_0214.uasset" 7052
"../../../Engine/Content/EngineMaterials/Substrate/Glints2/dict_0000_0215.uasset" 7053
"../../../Engine/Content/EngineMaterials/Substrate/Glints2/dict_0000_0216.uasset" 7054
"../../../Engine/Content/EngineMaterials/Substrate/Glints2/dict_0000_0217.uasset" 7055
"../../../Engine/Content/EngineMaterials/Substrate/Glints2/dict_0000_0218.uasset" 7056
"/Engine/EngineMaterials/Substrate/Glints2/dict_0000_0192" 7057
"/Engine/EngineMaterials/Substrate/Glints2/dict_0000_0191" 7058
"/Engine/EngineMaterials/Substrate/Glints2/dict_0000_0190" 7059
"/Engine/EngineMaterials/Substrate/Glints2/dict_0000_0189" 7060
"/Engine/EngineMaterials/Substrate/Glints2/dict_0000_0198" 7061
"/Engine/EngineMaterials/Substrate/Glints2/dict_0000_0188" 7062
"/Engine/EngineMaterials/Substrate/Glints2/dict_0000_0187" 7063
"../../../Engine/Content/EngineMaterials/Substrate/Glints2/dict_0000_0219.uasset" 7064
"../../../Engine/Content/EngineMaterials/Substrate/Glints2/dict_0000_0220.uasset" 7065
"/Engine/EngineMaterials/Substrate/Glints2/dict_0000_0218" 7066
"../../../Engine/Content/EngineMaterials/Substrate/Glints2/dict_0000_0221.uasset" 7067
"../../../Engine/Content/EngineMaterials/Substrate/Glints2/dict_0000_0222.uasset" 7068
"../../../Engine/Content/EngineMaterials/Substrate/Glints2/dict_0000_0223.uasset" 7069
"../../../Engine/Content/EngineMaterials/Substrate/Glints2/dict_0000_0224.uasset" 7070
"../../../Engine/Content/EngineMaterials/Substrate/Glints2/dict_0000_0225.uasset" 7071
"../../../Engine/Content/EngineMaterials/Substrate/Glints2/dict_0000_0226.uasset" 7072
"/Engine/EngineMaterials/Substrate/Glints2/dict_0000_0217" 7073
"../../../Engine/Content/EngineMaterials/Substrate/Glints2/dict_0000_0227.uasset" 7074
"../../../Engine/Content/EngineMaterials/Substrate/Glints2/dict_0000_0228.uasset" 7075
"../../../Engine/Content/EngineMaterials/Substrate/Glints2/dict_0000_0229.uasset" 7076
"/Engine/EngineMaterials/Substrate/Glints2/dict_0000_0216" 7077
"/Engine/EngineMaterials/Substrate/Glints2/dict_0000_0215" 7078
"/Engine/EngineMaterials/Substrate/Glints2/dict_0000_0214" 7079
"/Engine/EngineMaterials/Substrate/Glints2/dict_0000_0213" 7080
"/Engine/EngineMaterials/Substrate/Glints2/dict_0000_0212" 7081
"/Engine/EngineMaterials/Substrate/Glints2/dict_0000_0211" 7082
"/Engine/EngineMaterials/Substrate/Glints2/dict_0000_0210" 7083
"/Engine/EngineMaterials/Substrate/Glints2/dict_0000_0209" 7084
"/Engine/EngineMaterials/Substrate/Glints2/dict_0000_0208" 7085
"/Engine/EngineMaterials/Substrate/Glints2/dict_0000_0207" 7086
"/Engine/EngineMaterials/Substrate/Glints2/dict_0000_0206" 7087
"/Engine/EngineMaterials/Substrate/Glints2/dict_0000_0205" 7088
"/Engine/EngineMaterials/Substrate/Glints2/dict_0000_0204" 7089
"/Engine/EngineMaterials/Substrate/Glints2/dict_0000_0203" 7090
"/Engine/EngineMaterials/Substrate/Glints2/dict_0000_0202" 7091
"/Engine/EngineMaterials/Substrate/Glints2/dict_0000_0201" 7092
"/Engine/EngineMaterials/Substrate/Glints2/dict_0000_0200" 7093
"/Engine/EngineMaterials/Substrate/Glints2/dict_0000_0199" 7094
"/Engine/EngineMaterials/Substrate/Glints2/dict_0000_0197" 7095
"/Engine/EngineMaterials/Substrate/Glints2/dict_0000_0219" 7096
"../../../Engine/Content/EngineMaterials/Substrate/Glints2/dict_0000_0231.uasset" 7097
"../../../Engine/Content/EngineMaterials/Substrate/Glints2/dict_0000_0230.uasset" 7098
"/Engine/EngineMaterials/Substrate/Glints2/dict_0000_0229" 7099
"../../../Engine/Content/EngineMaterials/Substrate/Glints2/dict_0000_0232.uasset" 7100
"../../../Engine/Content/EngineMaterials/Substrate/Glints2/dict_0000_0233.uasset" 7101
"../../../Engine/Content/EngineMaterials/Substrate/Glints2/dict_0000_0234.uasset" 7102
"/Engine/EngineMaterials/Substrate/Glints2/dict_0000_0228" 7103
"../../../Engine/Content/EngineMaterials/Substrate/Glints2/dict_0000_0236.uasset" 7104
"../../../Engine/Content/EngineMaterials/Substrate/Glints2/dict_0000_0235.uasset" 7105
"../../../Engine/Content/EngineMaterials/Substrate/Glints2/dict_0000_0237.uasset" 7106
"../../../Engine/Content/EngineMaterials/Substrate/Glints2/dict_0000_0238.uasset" 7107
"../../../Engine/Content/EngineMaterials/Substrate/Glints2/dict_0000_0239.uasset" 7108
"../../../Engine/Content/EngineMaterials/Substrate/Glints2/dict_0000_0241.uasset" 7109
"/Engine/EngineMaterials/Substrate/Glints2/dict_0000_0227" 7110
"../../../Engine/Content/EngineMaterials/Substrate/Glints2/dict_0000_0240.uasset" 7111
"../../../Engine/Content/EngineMaterials/Substrate/Glints2/dict_0000_0242.uasset" 7112
"../../../Engine/Content/EngineMaterials/Substrate/Glints2/dict_0000_0243.uasset" 7113
"../../../Engine/Content/EngineMaterials/Substrate/Glints2/dict_0000_0244.uasset" 7114
"../../../Engine/Content/EngineMaterials/Substrate/Glints2/dict_0000_0245.uasset" 7115
"../../../Engine/Content/EngineMaterials/Substrate/Glints2/dict_0000_0246.uasset" 7116
"/Engine/EngineMaterials/Substrate/Glints2/dict_0000_0226" 7117
"../../../Engine/Content/EngineMaterials/Substrate/Glints2/dict_0000_0247.uasset" 7118
"../../../Engine/Content/EngineMaterials/Substrate/Glints2/dict_0000_0248.uasset" 7119
"../../../Engine/Content/EngineMaterials/Substrate/Glints2/dict_0000_0249.uasset" 7120
"../../../Engine/Content/EngineMaterials/Substrate/Glints2/dict_0000_0250.uasset" 7121
"../../../Engine/Content/EngineMaterials/Substrate/Glints2/dict_0000_0251.uasset" 7122
"/Engine/EngineMaterials/Substrate/Glints2/dict_0000_0225" 7123
"/Engine/EngineMaterials/Substrate/Glints2/dict_0000_0224" 7124
"/Engine/EngineMaterials/Substrate/Glints2/dict_0000_0223" 7125
"/Engine/EngineMaterials/Substrate/Glints2/dict_0000_0222" 7126
"/Engine/EngineMaterials/Substrate/Glints2/dict_0000_0221" 7127
"/Engine/EngineMaterials/Substrate/Glints2/dict_0000_0220" 7128
"../../../Engine/Content/EngineMaterials/Substrate/Glints2/dict_0000_0253.uasset" 7129
"../../../Engine/Content/EngineMaterials/Substrate/Glints2/dict_0000_0252.uasset" 7130
"/Engine/EngineMaterials/Substrate/Glints2/dict_0000_0251" 7131
"../../../Engine/Content/EngineMaterials/Substrate/Glints2/dict_0000_0254.uasset" 7132
"../../../Engine/Content/EngineMaterials/Substrate/Glints2/dict_0000_0255.uasset" 7133
"../../../Engine/Content/EngineMaterials/Substrate/Glints2/dict_0001_0000.uasset" 7134
"../../../Engine/Content/EngineMaterials/Substrate/Glints2/dict_0001_0001.uasset" 7135
"../../../Engine/Content/EngineMaterials/Substrate/Glints2/dict_0001_0002.uasset" 7136
"../../../Engine/Content/EngineMaterials/Substrate/Glints2/dict_0001_0003.uasset" 7137
"/Engine/EngineMaterials/Substrate/Glints2/dict_0000_0250" 7138
"../../../Engine/Content/EngineMaterials/Substrate/Glints2/dict_0001_0004.uasset" 7139
"../../../Engine/Content/EngineMaterials/Substrate/Glints2/dict_0001_0005.uasset" 7140
"/Engine/EngineMaterials/Substrate/Glints2/dict_0000_0249" 7141
"/Engine/EngineMaterials/Substrate/Glints2/dict_0000_0248" 7142
"/Engine/EngineMaterials/Substrate/Glints2/dict_0000_0247" 7143
"/Engine/EngineMaterials/Substrate/Glints2/dict_0000_0246" 7144
"/Engine/EngineMaterials/Substrate/Glints2/dict_0000_0245" 7145
"/Engine/EngineMaterials/Substrate/Glints2/dict_0000_0244" 7146
"/Engine/EngineMaterials/Substrate/Glints2/dict_0000_0243" 7147
"/Engine/EngineMaterials/Substrate/Glints2/dict_0000_0242" 7148
"/Engine/EngineMaterials/Substrate/Glints2/dict_0000_0241" 7149
"/Engine/EngineMaterials/Substrate/Glints2/dict_0000_0240" 7150
"/Engine/EngineMaterials/Substrate/Glints2/dict_0000_0239" 7151
"/Engine/EngineMaterials/Substrate/Glints2/dict_0000_0238" 7152
"/Engine/EngineMaterials/Substrate/Glints2/dict_0000_0237" 7153
"/Engine/EngineMaterials/Substrate/Glints2/dict_0000_0236" 7154
"/Engine/EngineMaterials/Substrate/Glints2/dict_0000_0235" 7155
"/Engine/EngineMaterials/Substrate/Glints2/dict_0000_0234" 7156
"/Engine/EngineMaterials/Substrate/Glints2/dict_0000_0233" 7157
"/Engine/EngineMaterials/Substrate/Glints2/dict_0000_0232" 7158
"/Engine/EngineMaterials/Substrate/Glints2/dict_0000_0231" 7159
"/Engine/EngineMaterials/Substrate/Glints2/dict_0000_0230" 7160
"../../../Engine/Content/EngineMaterials/Substrate/Glints2/dict_0001_0007.uasset" 7161
"../../../Engine/Content/EngineMaterials/Substrate/Glints2/dict_0001_0006.uasset" 7162
"/Engine/EngineMaterials/Substrate/Glints2/dict_0001_0005" 7163
"../../../Engine/Content/EngineMaterials/Substrate/Glints2/dict_0001_0008.uasset" 7164
"../../../Engine/Content/EngineMaterials/Substrate/Glints2/dict_0001_0009.uasset" 7165
"../../../Engine/Content/EngineMaterials/Substrate/Glints2/dict_0001_0010.uasset" 7166
"../../../Engine/Content/EngineMaterials/Substrate/Glints2/dict_0001_0011.uasset" 7167
"../../../Engine/Content/EngineMaterials/Substrate/Glints2/dict_0001_0012.uasset" 7168
"/Engine/EngineMaterials/Substrate/Glints2/dict_0001_0004" 7169
"../../../Engine/Content/EngineMaterials/Substrate/Glints2/dict_0001_0013.uasset" 7170
"../../../Engine/Content/EngineMaterials/Substrate/Glints2/dict_0001_0014.uasset" 7171
"../../../Engine/Content/EngineMaterials/Substrate/Glints2/dict_0001_0016.uasset" 7172
"../../../Engine/Content/EngineMaterials/Substrate/Glints2/dict_0001_0015.uasset" 7173
"../../../Engine/Content/EngineMaterials/Substrate/Glints2/dict_0001_0017.uasset" 7174
"../../../Engine/Content/EngineMaterials/Substrate/Glints2/dict_0001_0018.uasset" 7175
"/Engine/EngineMaterials/Substrate/Glints2/dict_0001_0003" 7176
"../../../Engine/Content/EngineMaterials/Substrate/Glints2/dict_0001_0019.uasset" 7177
"../../../Engine/Content/EngineMaterials/Substrate/Glints2/dict_0001_0020.uasset" 7178
"../../../Engine/Content/EngineMaterials/Substrate/Glints2/dict_0001_0021.uasset" 7179
"../../../Engine/Content/EngineMaterials/Substrate/Glints2/dict_0001_0022.uasset" 7180
"../../../Engine/Content/EngineMaterials/Substrate/Glints2/dict_0001_0023.uasset" 7181
"../../../Engine/Content/EngineMaterials/Substrate/Glints2/dict_0001_0024.uasset" 7182
"../../../Engine/Content/EngineMaterials/Substrate/Glints2/dict_0001_0025.uasset" 7183
"/Engine/EngineMaterials/Substrate/Glints2/dict_0001_0002" 7184
"../../../Engine/Content/EngineMaterials/Substrate/Glints2/dict_0001_0026.uasset" 7185
"../../../Engine/Content/EngineMaterials/Substrate/Glints2/dict_0001_0027.uasset" 7186
"/Engine/EngineMaterials/Substrate/Glints2/dict_0001_0001" 7187
"/Engine/EngineMaterials/Substrate/Glints2/dict_0001_0000" 7188
"/Engine/EngineMaterials/Substrate/Glints2/dict_0000_0255" 7189
"/Engine/EngineMaterials/Substrate/Glints2/dict_0000_0254" 7190
"/Engine/EngineMaterials/Substrate/Glints2/dict_0000_0253" 7191
"/Engine/EngineMaterials/Substrate/Glints2/dict_0000_0252" 7192
"../../../Engine/Content/EngineMaterials/Substrate/Glints2/dict_0001_0029.uasset" 7193
"../../../Engine/Content/EngineMaterials/Substrate/Glints2/dict_0001_0028.uasset" 7194
"/Engine/EngineMaterials/Substrate/Glints2/dict_0001_0027" 7195
"../../../Engine/Content/EngineMaterials/Substrate/Glints2/dict_0001_0030.uasset" 7196
"../../../Engine/Content/EngineMaterials/Substrate/Glints2/dict_0001_0031.uasset" 7197
"../../../Engine/Content/EngineMaterials/Substrate/Glints2/dict_0001_0032.uasset" 7198
"../../../Engine/Content/EngineMaterials/Substrate/Glints2/dict_0001_0033.uasset" 7199
"../../../Engine/Content/EngineMaterials/Substrate/Glints2/dict_0001_0034.uasset" 7200
"../../../Engine/Content/EngineMaterials/Substrate/Glints2/dict_0001_0035.uasset" 7201
"/Engine/EngineMaterials/Substrate/Glints2/dict_0001_0026" 7202
"../../../Engine/Content/EngineMaterials/Substrate/Glints2/dict_0001_0036.uasset" 7203
"../../../Engine/Content/EngineMaterials/Substrate/Glints2/dict_0001_0037.uasset" 7204
"/Engine/EngineMaterials/Substrate/Glints2/dict_0001_0025" 7205
"/Engine/EngineMaterials/Substrate/Glints2/dict_0001_0024" 7206
"/Engine/EngineMaterials/Substrate/Glints2/dict_0001_0023" 7207
"/Engine/EngineMaterials/Substrate/Glints2/dict_0001_0022" 7208
"/Engine/EngineMaterials/Substrate/Glints2/dict_0001_0021" 7209
"/Engine/EngineMaterials/Substrate/Glints2/dict_0001_0020" 7210
"/Engine/EngineMaterials/Substrate/Glints2/dict_0001_0019" 7211
"/Engine/EngineMaterials/Substrate/Glints2/dict_0001_0018" 7212
"/Engine/EngineMaterials/Substrate/Glints2/dict_0001_0017" 7213
"/Engine/EngineMaterials/Substrate/Glints2/dict_0001_0016" 7214
"/Engine/EngineMaterials/Substrate/Glints2/dict_0001_0015" 7215
"/Engine/EngineMaterials/Substrate/Glints2/dict_0001_0014" 7216
"/Engine/EngineMaterials/Substrate/Glints2/dict_0001_0013" 7217
"/Engine/EngineMaterials/Substrate/Glints2/dict_0001_0012" 7218
"/Engine/EngineMaterials/Substrate/Glints2/dict_0001_0011" 7219
"/Engine/EngineMaterials/Substrate/Glints2/dict_0001_0010" 7220
"/Engine/EngineMaterials/Substrate/Glints2/dict_0001_0009" 7221
"/Engine/EngineMaterials/Substrate/Glints2/dict_0001_0008" 7222
"/Engine/EngineMaterials/Substrate/Glints2/dict_0001_0029" 7223
"/Engine/EngineMaterials/Substrate/Glints2/dict_0001_0007" 7224
"/Engine/EngineMaterials/Substrate/Glints2/dict_0001_0006" 7225
"../../../Engine/Content/EngineMaterials/Substrate/Glints2/dict_0001_0038.uasset" 7226
"../../../Engine/Content/EngineMaterials/Substrate/Glints2/dict_0001_0039.uasset" 7227
"/Engine/EngineMaterials/Substrate/Glints2/dict_0001_0037" 7228
"../../../Engine/Content/EngineMaterials/Substrate/Glints2/dict_0001_0040.uasset" 7229
"../../../Engine/Content/EngineMaterials/Substrate/Glints2/dict_0001_0041.uasset" 7230
"../../../Engine/Content/EngineMaterials/Substrate/Glints2/dict_0001_0042.uasset" 7231
"../../../Engine/Content/EngineMaterials/Substrate/Glints2/dict_0001_0043.uasset" 7232
"/Engine/EngineMaterials/Substrate/Glints2/dict_0001_0036" 7233
"../../../Engine/Content/EngineMaterials/Substrate/Glints2/dict_0001_0044.uasset" 7234
"../../../Engine/Content/EngineMaterials/Substrate/Glints2/dict_0001_0045.uasset" 7235
"../../../Engine/Content/EngineMaterials/Substrate/Glints2/dict_0001_0046.uasset" 7236
"../../../Engine/Content/EngineMaterials/Substrate/Glints2/dict_0001_0047.uasset" 7237
"../../../Engine/Content/EngineMaterials/Substrate/Glints2/dict_0001_0048.uasset" 7238
"/Engine/EngineMaterials/Substrate/Glints2/dict_0001_0035" 7239
"../../../Engine/Content/EngineMaterials/Substrate/Glints2/dict_0001_0049.uasset" 7240
"../../../Engine/Content/EngineMaterials/Substrate/Glints2/dict_0001_0050.uasset" 7241
"../../../Engine/Content/EngineMaterials/Substrate/Glints2/dict_0001_0051.uasset" 7242
"../../../Engine/Content/EngineMaterials/Substrate/Glints2/dict_0001_0052.uasset" 7243
"/Engine/EngineMaterials/Substrate/Glints2/dict_0001_0034" 7244
"../../../Engine/Content/EngineMaterials/Substrate/Glints2/dict_0001_0053.uasset" 7245
"../../../Engine/Content/EngineMaterials/Substrate/Glints2/dict_0001_0054.uasset" 7246
"../../../Engine/Content/EngineMaterials/Substrate/Glints2/dict_0001_0055.uasset" 7247
"../../../Engine/Content/EngineMaterials/Substrate/Glints2/dict_0001_0056.uasset" 7248
"../../../Engine/Content/EngineMaterials/Substrate/Glints2/dict_0001_0057.uasset" 7249
"../../../Engine/Content/EngineMaterials/Substrate/Glints2/dict_0001_0058.uasset" 7250
"/Engine/EngineMaterials/Substrate/Glints2/dict_0001_0033" 7251
"../../../Engine/Content/EngineMaterials/Substrate/Glints2/dict_0001_0059.uasset" 7252
"../../../Engine/Content/EngineMaterials/Substrate/Glints2/dict_0001_0060.uasset" 7253
"/Engine/EngineMaterials/Substrate/Glints2/dict_0001_0032" 7254
"/Engine/EngineMaterials/Substrate/Glints2/dict_0001_0031" 7255
"/Engine/EngineMaterials/Substrate/Glints2/dict_0001_0030" 7256
"/Engine/EngineMaterials/Substrate/Glints2/dict_0001_0028" 7257
"../../../Engine/Content/EngineMaterials/Substrate/Glints2/dict_0001_0061.uasset" 7258
"../../../Engine/Content/EngineMaterials/Substrate/Glints2/dict_0001_0062.uasset" 7259
"/Engine/EngineMaterials/Substrate/Glints2/dict_0001_0060" 7260
"../../../Engine/Content/EngineMaterials/Substrate/Glints2/dict_0001_0063.uasset" 7261
"../../../Engine/Content/EngineMaterials/Substrate/Glints2/dict_0001_0064.uasset" 7262
"../../../Engine/Content/EngineMaterials/Substrate/Glints2/dict_0001_0065.uasset" 7263
"../../../Engine/Content/EngineMaterials/Substrate/Glints2/dict_0001_0066.uasset" 7264
"../../../Engine/Content/EngineMaterials/Substrate/Glints2/dict_0001_0067.uasset" 7265
"/Engine/EngineMaterials/Substrate/Glints2/dict_0001_0059" 7266
"../../../Engine/Content/EngineMaterials/Substrate/Glints2/dict_0001_0068.uasset" 7267
"../../../Engine/Content/EngineMaterials/Substrate/Glints2/dict_0001_0069.uasset" 7268
"/Engine/EngineMaterials/Substrate/Glints2/dict_0001_0058" 7269
"/Engine/EngineMaterials/Substrate/Glints2/dict_0001_0057" 7270
"/Engine/EngineMaterials/Substrate/Glints2/dict_0001_0056" 7271
"/Engine/EngineMaterials/Substrate/Glints2/dict_0001_0055" 7272
"/Engine/EngineMaterials/Substrate/Glints2/dict_0001_0054" 7273
"/Engine/EngineMaterials/Substrate/Glints2/dict_0001_0053" 7274
"/Engine/EngineMaterials/Substrate/Glints2/dict_0001_0052" 7275
"/Engine/EngineMaterials/Substrate/Glints2/dict_0001_0051" 7276
"/Engine/EngineMaterials/Substrate/Glints2/dict_0001_0050" 7277
"/Engine/EngineMaterials/Substrate/Glints2/dict_0001_0049" 7278
"/Engine/EngineMaterials/Substrate/Glints2/dict_0001_0048" 7279
"/Engine/EngineMaterials/Substrate/Glints2/dict_0001_0047" 7280
"/Engine/EngineMaterials/Substrate/Glints2/dict_0001_0046" 7281
"/Engine/EngineMaterials/Substrate/Glints2/dict_0001_0045" 7282
"/Engine/EngineMaterials/Substrate/Glints2/dict_0001_0044" 7283
"/Engine/EngineMaterials/Substrate/Glints2/dict_0001_0043" 7284
"/Engine/EngineMaterials/Substrate/Glints2/dict_0001_0042" 7285
"/Engine/EngineMaterials/Substrate/Glints2/dict_0001_0041" 7286
"/Engine/EngineMaterials/Substrate/Glints2/dict_0001_0040" 7287
"/Engine/EngineMaterials/Substrate/Glints2/dict_0001_0039" 7288
"/Engine/EngineMaterials/Substrate/Glints2/dict_0001_0061" 7289
"/Engine/EngineMaterials/Substrate/Glints2/dict_0001_0038" 7290
"../../../Engine/Content/EngineMaterials/Substrate/Glints2/dict_0001_0071.uasset" 7291
"../../../Engine/Content/EngineMaterials/Substrate/Glints2/dict_0001_0070.uasset" 7292
"/Engine/EngineMaterials/Substrate/Glints2/dict_0001_0069" 7293
"../../../Engine/Content/EngineMaterials/Substrate/Glints2/dict_0001_0072.uasset" 7294
"../../../Engine/Content/EngineMaterials/Substrate/Glints2/dict_0001_0073.uasset" 7295
"../../../Engine/Content/EngineMaterials/Substrate/Glints2/dict_0001_0074.uasset" 7296
"../../../Engine/Content/EngineMaterials/Substrate/Glints2/dict_0001_0075.uasset" 7297
"../../../Engine/Content/EngineMaterials/Substrate/Glints2/dict_0001_0076.uasset" 7298
"../../../Engine/Content/EngineMaterials/Substrate/Glints2/dict_0001_0077.uasset" 7299
"../../../Engine/Content/EngineMaterials/Substrate/Glints2/dict_0001_0078.uasset" 7300
"/Engine/EngineMaterials/Substrate/Glints2/dict_0001_0068" 7301
"../../../Engine/Content/EngineMaterials/Substrate/Glints2/dict_0001_0079.uasset" 7302
"../../../Engine/Content/EngineMaterials/Substrate/Glints2/dict_0001_0080.uasset" 7303
"../../../Engine/Content/EngineMaterials/Substrate/Glints2/dict_0001_0081.uasset" 7304
"../../../Engine/Content/EngineMaterials/Substrate/Glints2/dict_0001_0082.uasset" 7305
"../../../Engine/Content/EngineMaterials/Substrate/Glints2/dict_0001_0083.uasset" 7306
"../../../Engine/Content/EngineMaterials/Substrate/Glints2/dict_0001_0084.uasset" 7307
"../../../Engine/Content/EngineMaterials/Substrate/Glints2/dict_0001_0085.uasset" 7308
"../../../Engine/Content/EngineMaterials/Substrate/Glints2/dict_0001_0086.uasset" 7309
"../../../Engine/Content/EngineMaterials/Substrate/Glints2/dict_0001_0087.uasset" 7310
"../../../Engine/Content/EngineMaterials/Substrate/Glints2/dict_0001_0089.uasset" 7311
"../../../Engine/Content/EngineMaterials/Substrate/Glints2/dict_0001_0088.uasset" 7312
"/Engine/EngineMaterials/Substrate/Glints2/dict_0001_0067" 7313
"../../../Engine/Content/EngineMaterials/Substrate/Glints2/dict_0001_0090.uasset" 7314
"../../../Engine/Content/EngineMaterials/Substrate/Glints2/dict_0001_0091.uasset" 7315
"../../../Engine/Content/EngineMaterials/Substrate/Glints2/dict_0001_0092.uasset" 7316
"../../../Engine/Content/EngineMaterials/Substrate/Glints2/dict_0001_0093.uasset" 7317
"/Engine/EngineMaterials/Substrate/Glints2/dict_0001_0066" 7318
"/Engine/EngineMaterials/Substrate/Glints2/dict_0001_0065" 7319
"/Engine/EngineMaterials/Substrate/Glints2/dict_0001_0064" 7320
"/Engine/EngineMaterials/Substrate/Glints2/dict_0001_0063" 7321
"/Engine/EngineMaterials/Substrate/Glints2/dict_0001_0062" 7322
"../../../Engine/Content/EngineMaterials/Substrate/Glints2/dict_0001_0094.uasset" 7323
"../../../Engine/Content/EngineMaterials/Substrate/Glints2/dict_0001_0095.uasset" 7324
"../../../Engine/Content/EngineMaterials/Substrate/Glints2/dict_0001_0096.uasset" 7325
"/Engine/EngineMaterials/Substrate/Glints2/dict_0001_0093" 7326
"../../../Engine/Content/EngineMaterials/Substrate/Glints2/dict_0001_0097.uasset" 7327
"../../../Engine/Content/EngineMaterials/Substrate/Glints2/dict_0001_0098.uasset" 7328
"../../../Engine/Content/EngineMaterials/Substrate/Glints2/dict_0001_0099.uasset" 7329
"../../../Engine/Content/EngineMaterials/Substrate/Glints2/dict_0001_0100.uasset" 7330
"../../../Engine/Content/EngineMaterials/Substrate/Glints2/dict_0001_0101.uasset" 7331
"/Engine/EngineMaterials/Substrate/Glints2/dict_0001_0092" 7332
"/Engine/EngineMaterials/Substrate/Glints2/dict_0001_0091" 7333
"/Engine/EngineMaterials/Substrate/Glints2/dict_0001_0090" 7334
"/Engine/EngineMaterials/Substrate/Glints2/dict_0001_0089" 7335
"/Engine/EngineMaterials/Substrate/Glints2/dict_0001_0088" 7336
"/Engine/EngineMaterials/Substrate/Glints2/dict_0001_0087" 7337
"/Engine/EngineMaterials/Substrate/Glints2/dict_0001_0086" 7338
"/Engine/EngineMaterials/Substrate/Glints2/dict_0001_0085" 7339
"/Engine/EngineMaterials/Substrate/Glints2/dict_0001_0084" 7340
"/Engine/EngineMaterials/Substrate/Glints2/dict_0001_0083" 7341
"/Engine/EngineMaterials/Substrate/Glints2/dict_0001_0082" 7342
"/Engine/EngineMaterials/Substrate/Glints2/dict_0001_0081" 7343
"/Engine/EngineMaterials/Substrate/Glints2/dict_0001_0080" 7344
"/Engine/EngineMaterials/Substrate/Glints2/dict_0001_0079" 7345
"/Engine/EngineMaterials/Substrate/Glints2/dict_0001_0078" 7346
"/Engine/EngineMaterials/Substrate/Glints2/dict_0001_0077" 7347
"/Engine/EngineMaterials/Substrate/Glints2/dict_0001_0076" 7348
"/Engine/EngineMaterials/Substrate/Glints2/dict_0001_0075" 7349
"/Engine/EngineMaterials/Substrate/Glints2/dict_0001_0074" 7350
"/Engine/EngineMaterials/Substrate/Glints2/dict_0001_0073" 7351
"/Engine/EngineMaterials/Substrate/Glints2/dict_0001_0072" 7352
"/Engine/EngineMaterials/Substrate/Glints2/dict_0001_0071" 7353
"/Engine/EngineMaterials/Substrate/Glints2/dict_0001_0070" 7354
"../../../Engine/Content/EngineMaterials/Substrate/Glints2/dict_0001_0103.uasset" 7355
"../../../Engine/Content/EngineMaterials/Substrate/Glints2/dict_0001_0102.uasset" 7356
"/Engine/EngineMaterials/Substrate/Glints2/dict_0001_0101" 7357
"../../../Engine/Content/EngineMaterials/Substrate/Glints2/dict_0001_0104.uasset" 7358
"../../../Engine/Content/EngineMaterials/Substrate/Glints2/dict_0001_0105.uasset" 7359
"../../../Engine/Content/EngineMaterials/Substrate/Glints2/dict_0001_0106.uasset" 7360
"../../../Engine/Content/EngineMaterials/Substrate/Glints2/dict_0001_0107.uasset" 7361
"/Engine/EngineMaterials/Substrate/Glints2/dict_0001_0100" 7362
"../../../Engine/Content/EngineMaterials/Substrate/Glints2/dict_0001_0108.uasset" 7363
"../../../Engine/Content/EngineMaterials/Substrate/Glints2/dict_0001_0109.uasset" 7364
"../../../Engine/Content/EngineMaterials/Substrate/Glints2/dict_0001_0110.uasset" 7365
"../../../Engine/Content/EngineMaterials/Substrate/Glints2/dict_0001_0111.uasset" 7366
"../../../Engine/Content/EngineMaterials/Substrate/Glints2/dict_0001_0112.uasset" 7367
"../../../Engine/Content/EngineMaterials/Substrate/Glints2/dict_0001_0113.uasset" 7368
"../../../Engine/Content/EngineMaterials/Substrate/Glints2/dict_0001_0114.uasset" 7369
"../../../Engine/Content/EngineMaterials/Substrate/Glints2/dict_0001_0115.uasset" 7370
"../../../Engine/Content/EngineMaterials/Substrate/Glints2/dict_0001_0116.uasset" 7371
"../../../Engine/Content/EngineMaterials/Substrate/Glints2/dict_0001_0118.uasset" 7372
"../../../Engine/Content/EngineMaterials/Substrate/Glints2/dict_0001_0117.uasset" 7373
"/Engine/EngineMaterials/Substrate/Glints2/dict_0001_0099" 7374
"../../../Engine/Content/EngineMaterials/Substrate/Glints2/dict_0001_0119.uasset" 7375
"../../../Engine/Content/EngineMaterials/Substrate/Glints2/dict_0001_0120.uasset" 7376
"../../../Engine/Content/EngineMaterials/Substrate/Glints2/dict_0001_0121.uasset" 7377
"../../../Engine/Content/EngineMaterials/Substrate/Glints2/dict_0001_0122.uasset" 7378
"../../../Engine/Content/EngineMaterials/Substrate/Glints2/dict_0001_0123.uasset" 7379
"../../../Engine/Content/EngineMaterials/Substrate/Glints2/dict_0001_0124.uasset" 7380
"../../../Engine/Content/EngineMaterials/Substrate/Glints2/dict_0001_0125.uasset" 7381
"/Engine/EngineMaterials/Substrate/Glints2/dict_0001_0098" 7382
"/Engine/EngineMaterials/Substrate/Glints2/dict_0001_0097" 7383
"/Engine/EngineMaterials/Substrate/Glints2/dict_0001_0096" 7384
"/Engine/EngineMaterials/Substrate/Glints2/dict_0001_0095" 7385
"/Engine/EngineMaterials/Substrate/Glints2/dict_0001_0094" 7386
"../../../Engine/Content/EngineMaterials/Substrate/Glints2/dict_0001_0126.uasset" 7387
"../../../Engine/Content/EngineMaterials/Substrate/Glints2/dict_0001_0127.uasset" 7388
"../../../Engine/Content/EngineMaterials/Substrate/Glints2/dict_0001_0128.uasset" 7389
"../../../Engine/Content/EngineMaterials/Substrate/Glints2/dict_0001_0129.uasset" 7390
"/Engine/EngineMaterials/Substrate/Glints2/dict_0001_0125" 7391
"../../../Engine/Content/EngineMaterials/Substrate/Glints2/dict_0001_0130.uasset" 7392
"../../../Engine/Content/EngineMaterials/Substrate/Glints2/dict_0001_0131.uasset" 7393
"../../../Engine/Content/EngineMaterials/Substrate/Glints2/dict_0001_0132.uasset" 7394
"../../../Engine/Content/EngineMaterials/Substrate/Glints2/dict_0001_0133.uasset" 7395
"/Engine/EngineMaterials/Substrate/Glints2/dict_0001_0124" 7396
"/Engine/EngineMaterials/Substrate/Glints2/dict_0001_0123" 7397
"/Engine/EngineMaterials/Substrate/Glints2/dict_0001_0122" 7398
"/Engine/EngineMaterials/Substrate/Glints2/dict_0001_0121" 7399
"/Engine/EngineMaterials/Substrate/Glints2/dict_0001_0120" 7400
"/Engine/EngineMaterials/Substrate/Glints2/dict_0001_0119" 7401
"/Engine/EngineMaterials/Substrate/Glints2/dict_0001_0118" 7402
"/Engine/EngineMaterials/Substrate/Glints2/dict_0001_0117" 7403
"/Engine/EngineMaterials/Substrate/Glints2/dict_0001_0116" 7404
"/Engine/EngineMaterials/Substrate/Glints2/dict_0001_0115" 7405
"/Engine/EngineMaterials/Substrate/Glints2/dict_0001_0114" 7406
"/Engine/EngineMaterials/Substrate/Glints2/dict_0001_0113" 7407
"/Engine/EngineMaterials/Substrate/Glints2/dict_0001_0112" 7408
"/Engine/EngineMaterials/Substrate/Glints2/dict_0001_0111" 7409
"/Engine/EngineMaterials/Substrate/Glints2/dict_0001_0110" 7410
"/Engine/EngineMaterials/Substrate/Glints2/dict_0001_0109" 7411
"/Engine/EngineMaterials/Substrate/Glints2/dict_0001_0108" 7412
"/Engine/EngineMaterials/Substrate/Glints2/dict_0001_0107" 7413
"/Engine/EngineMaterials/Substrate/Glints2/dict_0001_0106" 7414
"/Engine/EngineMaterials/Substrate/Glints2/dict_0001_0105" 7415
"/Engine/EngineMaterials/Substrate/Glints2/dict_0001_0104" 7416
"/Engine/EngineMaterials/Substrate/Glints2/dict_0001_0103" 7417
"/Engine/EngineMaterials/Substrate/Glints2/dict_0001_0102" 7418
"../../../Engine/Content/EngineMaterials/Substrate/Glints2/dict_0001_0135.uasset" 7419
"../../../Engine/Content/EngineMaterials/Substrate/Glints2/dict_0001_0134.uasset" 7420
"/Engine/EngineMaterials/Substrate/Glints2/dict_0001_0133" 7421
"../../../Engine/Content/EngineMaterials/Substrate/Glints2/dict_0001_0136.uasset" 7422
"../../../Engine/Content/EngineMaterials/Substrate/Glints2/dict_0001_0137.uasset" 7423
"../../../Engine/Content/EngineMaterials/Substrate/Glints2/dict_0001_0138.uasset" 7424
"../../../Engine/Content/EngineMaterials/Substrate/Glints2/dict_0001_0139.uasset" 7425
"../../../Engine/Content/EngineMaterials/Substrate/Glints2/dict_0001_0140.uasset" 7426
"/Engine/EngineMaterials/Substrate/Glints2/dict_0001_0132" 7427
"../../../Engine/Content/EngineMaterials/Substrate/Glints2/dict_0001_0142.uasset" 7428
"../../../Engine/Content/EngineMaterials/Substrate/Glints2/dict_0001_0141.uasset" 7429
"../../../Engine/Content/EngineMaterials/Substrate/Glints2/dict_0001_0143.uasset" 7430
"../../../Engine/Content/EngineMaterials/Substrate/Glints2/dict_0001_0144.uasset" 7431
"../../../Engine/Content/EngineMaterials/Substrate/Glints2/dict_0001_0145.uasset" 7432
"../../../Engine/Content/EngineMaterials/Substrate/Glints2/dict_0001_0146.uasset" 7433
"/Engine/EngineMaterials/Substrate/Glints2/dict_0001_0131" 7434
"../../../Engine/Content/EngineMaterials/Substrate/Glints2/dict_0001_0148.uasset" 7435
"../../../Engine/Content/EngineMaterials/Substrate/Glints2/dict_0001_0147.uasset" 7436
"../../../Engine/Content/EngineMaterials/Substrate/Glints2/dict_0001_0149.uasset" 7437
"../../../Engine/Content/EngineMaterials/Substrate/Glints2/dict_0001_0150.uasset" 7438
"../../../Engine/Content/EngineMaterials/Substrate/Glints2/dict_0001_0151.uasset" 7439
"../../../Engine/Content/EngineMaterials/Substrate/Glints2/dict_0001_0152.uasset" 7440
"../../../Engine/Content/EngineMaterials/Substrate/Glints2/dict_0001_0153.uasset" 7441
"../../../Engine/Content/EngineMaterials/Substrate/Glints2/dict_0001_0154.uasset" 7442
"../../../Engine/Content/EngineMaterials/Substrate/Glints2/dict_0001_0155.uasset" 7443
"/Engine/EngineMaterials/Substrate/Glints2/dict_0001_0130" 7444
"../../../Engine/Content/EngineMaterials/Substrate/Glints2/dict_0001_0156.uasset" 7445
"../../../Engine/Content/EngineMaterials/Substrate/Glints2/dict_0001_0157.uasset" 7446
"/Engine/EngineMaterials/Substrate/Glints2/dict_0001_0129" 7447
"/Engine/EngineMaterials/Substrate/Glints2/dict_0001_0128" 7448
"/Engine/EngineMaterials/Substrate/Glints2/dict_0001_0127" 7449
"/Engine/EngineMaterials/Substrate/Glints2/dict_0001_0126" 7450
"../../../Engine/Content/EngineMaterials/Substrate/Glints2/dict_0001_0159.uasset" 7451
"/Engine/EngineMaterials/Substrate/Glints2/dict_0001_0157" 7452
"../../../Engine/Content/EngineMaterials/Substrate/Glints2/dict_0001_0158.uasset" 7453
"../../../Engine/Content/EngineMaterials/Substrate/Glints2/dict_0001_0160.uasset" 7454
"../../../Engine/Content/EngineMaterials/Substrate/Glints2/dict_0001_0161.uasset" 7455
"../../../Engine/Content/EngineMaterials/Substrate/Glints2/dict_0001_0162.uasset" 7456
"../../../Engine/Content/EngineMaterials/Substrate/Glints2/dict_0001_0163.uasset" 7457
"../../../Engine/Content/EngineMaterials/Substrate/Glints2/dict_0001_0164.uasset" 7458
"../../../Engine/Content/EngineMaterials/Substrate/Glints2/dict_0001_0165.uasset" 7459
"/Engine/EngineMaterials/Substrate/Glints2/dict_0001_0156" 7460
"/Engine/EngineMaterials/Substrate/Glints2/dict_0001_0155" 7461
"/Engine/EngineMaterials/Substrate/Glints2/dict_0001_0154" 7462
"/Engine/EngineMaterials/Substrate/Glints2/dict_0001_0153" 7463
"/Engine/EngineMaterials/Substrate/Glints2/dict_0001_0152" 7464
"/Engine/EngineMaterials/Substrate/Glints2/dict_0001_0151" 7465
"/Engine/EngineMaterials/Substrate/Glints2/dict_0001_0150" 7466
"/Engine/EngineMaterials/Substrate/Glints2/dict_0001_0149" 7467
"/Engine/EngineMaterials/Substrate/Glints2/dict_0001_0148" 7468
"/Engine/EngineMaterials/Substrate/Glints2/dict_0001_0147" 7469
"/Engine/EngineMaterials/Substrate/Glints2/dict_0001_0146" 7470
"/Engine/EngineMaterials/Substrate/Glints2/dict_0001_0145" 7471
"/Engine/EngineMaterials/Substrate/Glints2/dict_0001_0144" 7472
"/Engine/EngineMaterials/Substrate/Glints2/dict_0001_0143" 7473
"/Engine/EngineMaterials/Substrate/Glints2/dict_0001_0142" 7474
"/Engine/EngineMaterials/Substrate/Glints2/dict_0001_0141" 7475
"/Engine/EngineMaterials/Substrate/Glints2/dict_0001_0140" 7476
"/Engine/EngineMaterials/Substrate/Glints2/dict_0001_0139" 7477
"/Engine/EngineMaterials/Substrate/Glints2/dict_0001_0138" 7478
"/Engine/EngineMaterials/Substrate/Glints2/dict_0001_0137" 7479
"/Engine/EngineMaterials/Substrate/Glints2/dict_0001_0136" 7480
"/Engine/EngineMaterials/Substrate/Glints2/dict_0001_0135" 7481
"/Engine/EngineMaterials/Substrate/Glints2/dict_0001_0134" 7482
"../../../Engine/Content/EngineMaterials/Substrate/Glints2/dict_0001_0167.uasset" 7483
"../../../Engine/Content/EngineMaterials/Substrate/Glints2/dict_0001_0166.uasset" 7484
"/Engine/EngineMaterials/Substrate/Glints2/dict_0001_0165" 7485
"../../../Engine/Content/EngineMaterials/Substrate/Glints2/dict_0001_0168.uasset" 7486
"../../../Engine/Content/EngineMaterials/Substrate/Glints2/dict_0001_0169.uasset" 7487
"../../../Engine/Content/EngineMaterials/Substrate/Glints2/dict_0001_0170.uasset" 7488
"../../../Engine/Content/EngineMaterials/Substrate/Glints2/dict_0001_0171.uasset" 7489
"../../../Engine/Content/EngineMaterials/Substrate/Glints2/dict_0001_0172.uasset" 7490
"/Engine/EngineMaterials/Substrate/Glints2/dict_0001_0164" 7491
"../../../Engine/Content/EngineMaterials/Substrate/Glints2/dict_0001_0173.uasset" 7492
"../../../Engine/Content/EngineMaterials/Substrate/Glints2/dict_0001_0174.uasset" 7493
"../../../Engine/Content/EngineMaterials/Substrate/Glints2/dict_0001_0175.uasset" 7494
"../../../Engine/Content/EngineMaterials/Substrate/Glints2/dict_0001_0176.uasset" 7495
"../../../Engine/Content/EngineMaterials/Substrate/Glints2/dict_0001_0177.uasset" 7496
"../../../Engine/Content/EngineMaterials/Substrate/Glints2/dict_0001_0178.uasset" 7497
"../../../Engine/Content/EngineMaterials/Substrate/Glints2/dict_0001_0179.uasset" 7498
"/Engine/EngineMaterials/Substrate/Glints2/dict_0001_0163" 7499
"../../../Engine/Content/EngineMaterials/Substrate/Glints2/dict_0001_0180.uasset" 7500
"../../../Engine/Content/EngineMaterials/Substrate/Glints2/dict_0001_0181.uasset" 7501
"../../../Engine/Content/EngineMaterials/Substrate/Glints2/dict_0001_0182.uasset" 7502
"../../../Engine/Content/EngineMaterials/Substrate/Glints2/dict_0001_0183.uasset" 7503
"../../../Engine/Content/EngineMaterials/Substrate/Glints2/dict_0001_0184.uasset" 7504
"../../../Engine/Content/EngineMaterials/Substrate/Glints2/dict_0001_0185.uasset" 7505
"../../../Engine/Content/EngineMaterials/Substrate/Glints2/dict_0001_0186.uasset" 7506
"../../../Engine/Content/EngineMaterials/Substrate/Glints2/dict_0001_0187.uasset" 7507
"../../../Engine/Content/EngineMaterials/Substrate/Glints2/dict_0001_0188.uasset" 7508
"../../../Engine/Content/EngineMaterials/Substrate/Glints2/dict_0001_0189.uasset" 7509
"/Engine/EngineMaterials/Substrate/Glints2/dict_0001_0162" 7510
"/Engine/EngineMaterials/Substrate/Glints2/dict_0001_0161" 7511
"/Engine/EngineMaterials/Substrate/Glints2/dict_0001_0160" 7512
"/Engine/EngineMaterials/Substrate/Glints2/dict_0001_0159" 7513
"/Engine/EngineMaterials/Substrate/Glints2/dict_0001_0158" 7514
"../../../Engine/Content/EngineMaterials/Substrate/Glints2/dict_0001_0191.uasset" 7515
"../../../Engine/Content/EngineMaterials/Substrate/Glints2/dict_0001_0190.uasset" 7516
"/Engine/EngineMaterials/Substrate/Glints2/dict_0001_0189" 7517
"../../../Engine/Content/EngineMaterials/Substrate/Glints2/dict_0001_0192.uasset" 7518
"../../../Engine/Content/EngineMaterials/Substrate/Glints2/dict_0001_0193.uasset" 7519
"../../../Engine/Content/EngineMaterials/Substrate/Glints2/dict_0001_0194.uasset" 7520
"../../../Engine/Content/EngineMaterials/Substrate/Glints2/dict_0001_0195.uasset" 7521
"../../../Engine/Content/EngineMaterials/Substrate/Glints2/dict_0001_0196.uasset" 7522
"/Engine/EngineMaterials/Substrate/Glints2/dict_0001_0188" 7523
"../../../Engine/Content/EngineMaterials/Substrate/Glints2/dict_0001_0197.uasset" 7524
"/Engine/EngineMaterials/Substrate/Glints2/dict_0001_0187" 7525
"/Engine/EngineMaterials/Substrate/Glints2/dict_0001_0186" 7526
"/Engine/EngineMaterials/Substrate/Glints2/dict_0001_0185" 7527
"/Engine/EngineMaterials/Substrate/Glints2/dict_0001_0184" 7528
"/Engine/EngineMaterials/Substrate/Glints2/dict_0001_0183" 7529
"/Engine/EngineMaterials/Substrate/Glints2/dict_0001_0182" 7530
"/Engine/EngineMaterials/Substrate/Glints2/dict_0001_0181" 7531
"/Engine/EngineMaterials/Substrate/Glints2/dict_0001_0180" 7532
"/Engine/EngineMaterials/Substrate/Glints2/dict_0001_0179" 7533
"/Engine/EngineMaterials/Substrate/Glints2/dict_0001_0178" 7534
"/Engine/EngineMaterials/Substrate/Glints2/dict_0001_0177" 7535
"/Engine/EngineMaterials/Substrate/Glints2/dict_0001_0176" 7536
"/Engine/EngineMaterials/Substrate/Glints2/dict_0001_0175" 7537
"/Engine/EngineMaterials/Substrate/Glints2/dict_0001_0174" 7538
"/Engine/EngineMaterials/Substrate/Glints2/dict_0001_0173" 7539
"/Engine/EngineMaterials/Substrate/Glints2/dict_0001_0172" 7540
"/Engine/EngineMaterials/Substrate/Glints2/dict_0001_0171" 7541
"/Engine/EngineMaterials/Substrate/Glints2/dict_0001_0170" 7542
"/Engine/EngineMaterials/Substrate/Glints2/dict_0001_0169" 7543
"/Engine/EngineMaterials/Substrate/Glints2/dict_0001_0168" 7544
"/Engine/EngineMaterials/Substrate/Glints2/dict_0001_0167" 7545
"/Engine/EngineMaterials/Substrate/Glints2/dict_0001_0166" 7546
"../../../Engine/Content/EngineMaterials/Substrate/Glints2/dict_0001_0199.uasset" 7547
"../../../Engine/Content/EngineMaterials/Substrate/Glints2/dict_0001_0198.uasset" 7548
"/Engine/EngineMaterials/Substrate/Glints2/dict_0001_0197" 7549
"../../../Engine/Content/EngineMaterials/Substrate/Glints2/dict_0001_0200.uasset" 7550
"../../../Engine/Content/EngineMaterials/Substrate/Glints2/dict_0001_0201.uasset" 7551
"../../../Engine/Content/EngineMaterials/Substrate/Glints2/dict_0001_0202.uasset" 7552
"../../../Engine/Content/EngineMaterials/Substrate/Glints2/dict_0001_0203.uasset" 7553
"/Engine/EngineMaterials/Substrate/Glints2/dict_0001_0196" 7554
"../../../Engine/Content/EngineMaterials/Substrate/Glints2/dict_0001_0204.uasset" 7555
"../../../Engine/Content/EngineMaterials/Substrate/Glints2/dict_0001_0205.uasset" 7556
"../../../Engine/Content/EngineMaterials/Substrate/Glints2/dict_0001_0207.uasset" 7557
"../../../Engine/Content/EngineMaterials/Substrate/Glints2/dict_0001_0206.uasset" 7558
"../../../Engine/Content/EngineMaterials/Substrate/Glints2/dict_0001_0208.uasset" 7559
"../../../Engine/Content/EngineMaterials/Substrate/Glints2/dict_0001_0209.uasset" 7560
"../../../Engine/Content/EngineMaterials/Substrate/Glints2/dict_0001_0210.uasset" 7561
"/Engine/EngineMaterials/Substrate/Glints2/dict_0001_0195" 7562
"../../../Engine/Content/EngineMaterials/Substrate/Glints2/dict_0001_0211.uasset" 7563
"../../../Engine/Content/EngineMaterials/Substrate/Glints2/dict_0001_0212.uasset" 7564
"../../../Engine/Content/EngineMaterials/Substrate/Glints2/dict_0001_0213.uasset" 7565
"../../../Engine/Content/EngineMaterials/Substrate/Glints2/dict_0001_0214.uasset" 7566
"../../../Engine/Content/EngineMaterials/Substrate/Glints2/dict_0001_0216.uasset" 7567
"/Engine/EngineMaterials/Substrate/Glints2/dict_0001_0194" 7568
"../../../Engine/Content/EngineMaterials/Substrate/Glints2/dict_0001_0215.uasset" 7569
"../../../Engine/Content/EngineMaterials/Substrate/Glints2/dict_0001_0217.uasset" 7570
"../../../Engine/Content/EngineMaterials/Substrate/Glints2/dict_0001_0218.uasset" 7571
"../../../Engine/Content/EngineMaterials/Substrate/Glints2/dict_0001_0219.uasset" 7572
"../../../Engine/Content/EngineMaterials/Substrate/Glints2/dict_0001_0220.uasset" 7573
"/Engine/EngineMaterials/Substrate/Glints2/dict_0001_0193" 7574
"../../../Engine/Content/EngineMaterials/Substrate/Glints2/dict_0001_0221.uasset" 7575
"/Engine/EngineMaterials/Substrate/Glints2/dict_0001_0192" 7576
"/Engine/EngineMaterials/Substrate/Glints2/dict_0001_0191" 7577
"/Engine/EngineMaterials/Substrate/Glints2/dict_0001_0190" 7578
"../../../Engine/Content/EngineMaterials/Substrate/Glints2/dict_0001_0222.uasset" 7579
"../../../Engine/Content/EngineMaterials/Substrate/Glints2/dict_0001_0223.uasset" 7580
"/Engine/EngineMaterials/Substrate/Glints2/dict_0001_0221" 7581
"../../../Engine/Content/EngineMaterials/Substrate/Glints2/dict_0001_0224.uasset" 7582
"../../../Engine/Content/EngineMaterials/Substrate/Glints2/dict_0001_0225.uasset" 7583
"../../../Engine/Content/EngineMaterials/Substrate/Glints2/dict_0001_0226.uasset" 7584
"../../../Engine/Content/EngineMaterials/Substrate/Glints2/dict_0001_0227.uasset" 7585
"../../../Engine/Content/EngineMaterials/Substrate/Glints2/dict_0001_0228.uasset" 7586
"../../../Engine/Content/EngineMaterials/Substrate/Glints2/dict_0001_0229.uasset" 7587
"/Engine/EngineMaterials/Substrate/Glints2/dict_0001_0220" 7588
"/Engine/EngineMaterials/Substrate/Glints2/dict_0001_0219" 7589
"/Engine/EngineMaterials/Substrate/Glints2/dict_0001_0218" 7590
"/Engine/EngineMaterials/Substrate/Glints2/dict_0001_0217" 7591
"/Engine/EngineMaterials/Substrate/Glints2/dict_0001_0216" 7592
"/Engine/EngineMaterials/Substrate/Glints2/dict_0001_0215" 7593
"/Engine/EngineMaterials/Substrate/Glints2/dict_0001_0214" 7594
"/Engine/EngineMaterials/Substrate/Glints2/dict_0001_0213" 7595
"/Engine/EngineMaterials/Substrate/Glints2/dict_0001_0212" 7596
"/Engine/EngineMaterials/Substrate/Glints2/dict_0001_0211" 7597
"/Engine/EngineMaterials/Substrate/Glints2/dict_0001_0210" 7598
"/Engine/EngineMaterials/Substrate/Glints2/dict_0001_0209" 7599
"/Engine/EngineMaterials/Substrate/Glints2/dict_0001_0208" 7600
"/Engine/EngineMaterials/Substrate/Glints2/dict_0001_0207" 7601
"/Engine/EngineMaterials/Substrate/Glints2/dict_0001_0206" 7602
"/Engine/EngineMaterials/Substrate/Glints2/dict_0001_0205" 7603
"/Engine/EngineMaterials/Substrate/Glints2/dict_0001_0204" 7604
"/Engine/EngineMaterials/Substrate/Glints2/dict_0001_0203" 7605
"/Engine/EngineMaterials/Substrate/Glints2/dict_0001_0202" 7606
"/Engine/EngineMaterials/Substrate/Glints2/dict_0001_0201" 7607
"/Engine/EngineMaterials/Substrate/Glints2/dict_0001_0200" 7608
"/Engine/EngineMaterials/Substrate/Glints2/dict_0001_0199" 7609
"/Engine/EngineMaterials/Substrate/Glints2/dict_0001_0198" 7610
"../../../Engine/Content/EngineMaterials/Substrate/Glints2/dict_0001_0231.uasset" 7611
"../../../Engine/Content/EngineMaterials/Substrate/Glints2/dict_0001_0230.uasset" 7612
"../../../Engine/Content/EngineMaterials/Substrate/Glints2/dict_0001_0232.uasset" 7613
"/Engine/EngineMaterials/Substrate/Glints2/dict_0001_0229" 7614
"../../../Engine/Content/EngineMaterials/Substrate/Glints2/dict_0001_0233.uasset" 7615
"../../../Engine/Content/EngineMaterials/Substrate/Glints2/dict_0001_0234.uasset" 7616
"../../../Engine/Content/EngineMaterials/Substrate/Glints2/dict_0001_0235.uasset" 7617
"../../../Engine/Content/EngineMaterials/Substrate/Glints2/dict_0001_0236.uasset" 7618
"/Engine/EngineMaterials/Substrate/Glints2/dict_0001_0228" 7619
"../../../Engine/Content/EngineMaterials/Substrate/Glints2/dict_0001_0237.uasset" 7620
"../../../Engine/Content/EngineMaterials/Substrate/Glints2/dict_0001_0238.uasset" 7621
"../../../Engine/Content/EngineMaterials/Substrate/Glints2/dict_0001_0239.uasset" 7622
"../../../Engine/Content/EngineMaterials/Substrate/Glints2/dict_0001_0240.uasset" 7623
"../../../Engine/Content/EngineMaterials/Substrate/Glints2/dict_0001_0241.uasset" 7624
"../../../Engine/Content/EngineMaterials/Substrate/Glints2/dict_0001_0242.uasset" 7625
"/Engine/EngineMaterials/Substrate/Glints2/dict_0001_0227" 7626
"../../../Engine/Content/EngineMaterials/Substrate/Glints2/dict_0001_0243.uasset" 7627
"../../../Engine/Content/EngineMaterials/Substrate/Glints2/dict_0001_0244.uasset" 7628
"../../../Engine/Content/EngineMaterials/Substrate/Glints2/dict_0001_0245.uasset" 7629
"../../../Engine/Content/EngineMaterials/Substrate/Glints2/dict_0001_0246.uasset" 7630
"../../../Engine/Content/EngineMaterials/Substrate/Glints2/dict_0001_0247.uasset" 7631
"../../../Engine/Content/EngineMaterials/Substrate/Glints2/dict_0001_0248.uasset" 7632
"../../../Engine/Content/EngineMaterials/Substrate/Glints2/dict_0001_0249.uasset" 7633
"/Engine/EngineMaterials/Substrate/Glints2/dict_0001_0226" 7634
"../../../Engine/Content/EngineMaterials/Substrate/Glints2/dict_0001_0250.uasset" 7635
"../../../Engine/Content/EngineMaterials/Substrate/Glints2/dict_0001_0251.uasset" 7636
"../../../Engine/Content/EngineMaterials/Substrate/Glints2/dict_0001_0252.uasset" 7637
"../../../Engine/Content/EngineMaterials/Substrate/Glints2/dict_0001_0253.uasset" 7638
"/Engine/EngineMaterials/Substrate/Glints2/dict_0001_0225" 7639
"/Engine/EngineMaterials/Substrate/Glints2/dict_0001_0224" 7640
"/Engine/EngineMaterials/Substrate/Glints2/dict_0001_0223" 7641
"/Engine/EngineMaterials/Substrate/Glints2/dict_0001_0222" 7642
"/Engine/EngineMaterials/Substrate/Glints2/dict_0001_0231" 7643
"../../../Engine/Content/EngineMaterials/Substrate/Glints2/dict_0001_0255.uasset" 7644
"../../../Engine/Content/EngineMaterials/Substrate/Glints2/dict_0001_0254.uasset" 7645
"/Engine/EngineMaterials/Substrate/Glints2/dict_0001_0253" 7646
"../../../Engine/Content/EngineMaterials/Substrate/Glints2/dict_0002_0000.uasset" 7647
"../../../Engine/Content/EngineMaterials/Substrate/Glints2/dict_0002_0001.uasset" 7648
"../../../Engine/Content/EngineMaterials/Substrate/Glints2/dict_0002_0002.uasset" 7649
"../../../Engine/Content/EngineMaterials/Substrate/Glints2/dict_0002_0003.uasset" 7650
"../../../Engine/Content/EngineMaterials/Substrate/Glints2/dict_0002_0004.uasset" 7651
"../../../Engine/Content/EngineMaterials/Substrate/Glints2/dict_0002_0005.uasset" 7652
"/Engine/EngineMaterials/Substrate/Glints2/dict_0001_0252" 7653
"../../../Engine/Content/EngineMaterials/Substrate/Glints2/dict_0002_0006.uasset" 7654
"/Engine/EngineMaterials/Substrate/Glints2/dict_0001_0251" 7655
"/Engine/EngineMaterials/Substrate/Glints2/dict_0001_0250" 7656
"/Engine/EngineMaterials/Substrate/Glints2/dict_0001_0249" 7657
"/Engine/EngineMaterials/Substrate/Glints2/dict_0001_0248" 7658
"/Engine/EngineMaterials/Substrate/Glints2/dict_0001_0247" 7659
"/Engine/EngineMaterials/Substrate/Glints2/dict_0001_0246" 7660
"/Engine/EngineMaterials/Substrate/Glints2/dict_0001_0245" 7661
"/Engine/EngineMaterials/Substrate/Glints2/dict_0001_0244" 7662
"/Engine/EngineMaterials/Substrate/Glints2/dict_0001_0243" 7663
"/Engine/EngineMaterials/Substrate/Glints2/dict_0001_0242" 7664
"/Engine/EngineMaterials/Substrate/Glints2/dict_0001_0241" 7665
"/Engine/EngineMaterials/Substrate/Glints2/dict_0001_0240" 7666
"/Engine/EngineMaterials/Substrate/Glints2/dict_0001_0239" 7667
"/Engine/EngineMaterials/Substrate/Glints2/dict_0001_0238" 7668
"/Engine/EngineMaterials/Substrate/Glints2/dict_0001_0237" 7669
"/Engine/EngineMaterials/Substrate/Glints2/dict_0001_0236" 7670
"/Engine/EngineMaterials/Substrate/Glints2/dict_0001_0235" 7671
"/Engine/EngineMaterials/Substrate/Glints2/dict_0001_0234" 7672
"/Engine/EngineMaterials/Substrate/Glints2/dict_0001_0233" 7673
"/Engine/EngineMaterials/Substrate/Glints2/dict_0001_0232" 7674
"/Engine/EngineMaterials/Substrate/Glints2/dict_0001_0230" 7675
"../../../Engine/Content/EngineMaterials/Substrate/Glints2/dict_0002_0007.uasset" 7676
"../../../Engine/Content/EngineMaterials/Substrate/Glints2/dict_0002_0008.uasset" 7677
"/Engine/EngineMaterials/Substrate/Glints2/dict_0002_0006" 7678
"../../../Engine/Content/EngineMaterials/Substrate/Glints2/dict_0002_0009.uasset" 7679
"../../../Engine/Content/EngineMaterials/Substrate/Glints2/dict_0002_0010.uasset" 7680
"../../../Engine/Content/EngineMaterials/Substrate/Glints2/dict_0002_0011.uasset" 7681
"../../../Engine/Content/EngineMaterials/Substrate/Glints2/dict_0002_0012.uasset" 7682
"../../../Engine/Content/EngineMaterials/Substrate/Glints2/dict_0002_0013.uasset" 7683
"../../../Engine/Content/EngineMaterials/Substrate/Glints2/dict_0002_0014.uasset" 7684
"../../../Engine/Content/EngineMaterials/Substrate/Glints2/dict_0002_0015.uasset" 7685
"/Engine/EngineMaterials/Substrate/Glints2/dict_0002_0005" 7686
"../../../Engine/Content/EngineMaterials/Substrate/Glints2/dict_0002_0016.uasset" 7687
"../../../Engine/Content/EngineMaterials/Substrate/Glints2/dict_0002_0017.uasset" 7688
"../../../Engine/Content/EngineMaterials/Substrate/Glints2/dict_0002_0018.uasset" 7689
"../../../Engine/Content/EngineMaterials/Substrate/Glints2/dict_0002_0019.uasset" 7690
"../../../Engine/Content/EngineMaterials/Substrate/Glints2/dict_0002_0020.uasset" 7691
"../../../Engine/Content/EngineMaterials/Substrate/Glints2/dict_0002_0021.uasset" 7692
"../../../Engine/Content/EngineMaterials/Substrate/Glints2/dict_0002_0022.uasset" 7693
"../../../Engine/Content/EngineMaterials/Substrate/Glints2/dict_0002_0023.uasset" 7694
"/Engine/EngineMaterials/Substrate/Glints2/dict_0002_0004" 7695
"../../../Engine/Content/EngineMaterials/Substrate/Glints2/dict_0002_0024.uasset" 7696
"../../../Engine/Content/EngineMaterials/Substrate/Glints2/dict_0002_0025.uasset" 7697
"../../../Engine/Content/EngineMaterials/Substrate/Glints2/dict_0002_0027.uasset" 7698
"../../../Engine/Content/EngineMaterials/Substrate/Glints2/dict_0002_0026.uasset" 7699
"../../../Engine/Content/EngineMaterials/Substrate/Glints2/dict_0002_0028.uasset" 7700
"../../../Engine/Content/EngineMaterials/Substrate/Glints2/dict_0002_0029.uasset" 7701
"/Engine/EngineMaterials/Substrate/Glints2/dict_0002_0003" 7702
"/Engine/EngineMaterials/Substrate/Glints2/dict_0002_0002" 7703
"/Engine/EngineMaterials/Substrate/Glints2/dict_0002_0001" 7704
"/Engine/EngineMaterials/Substrate/Glints2/dict_0002_0000" 7705
"/Engine/EngineMaterials/Substrate/Glints2/dict_0001_0255" 7706
"/Engine/EngineMaterials/Substrate/Glints2/dict_0001_0254" 7707
"../../../Engine/Content/EngineMaterials/Substrate/Glints2/dict_0002_0030.uasset" 7708
"../../../Engine/Content/EngineMaterials/Substrate/Glints2/dict_0002_0031.uasset" 7709
"/Engine/EngineMaterials/Substrate/Glints2/dict_0002_0029" 7710
"../../../Engine/Content/EngineMaterials/Substrate/Glints2/dict_0002_0033.uasset" 7711
"../../../Engine/Content/EngineMaterials/Substrate/Glints2/dict_0002_0032.uasset" 7712
"../../../Engine/Content/EngineMaterials/Substrate/Glints2/dict_0002_0034.uasset" 7713
"../../../Engine/Content/EngineMaterials/Substrate/Glints2/dict_0002_0035.uasset" 7714
"../../../Engine/Content/EngineMaterials/Substrate/Glints2/dict_0002_0036.uasset" 7715
"../../../Engine/Content/EngineMaterials/Substrate/Glints2/dict_0002_0037.uasset" 7716
"/Engine/EngineMaterials/Substrate/Glints2/dict_0002_0028" 7717
"../../../Engine/Content/EngineMaterials/Substrate/Glints2/dict_0002_0038.uasset" 7718
"/Engine/EngineMaterials/Substrate/Glints2/dict_0002_0027" 7719
"/Engine/EngineMaterials/Substrate/Glints2/dict_0002_0026" 7720
"/Engine/EngineMaterials/Substrate/Glints2/dict_0002_0025" 7721
"/Engine/EngineMaterials/Substrate/Glints2/dict_0002_0024" 7722
"/Engine/EngineMaterials/Substrate/Glints2/dict_0002_0023" 7723
"/Engine/EngineMaterials/Substrate/Glints2/dict_0002_0022" 7724
"/Engine/EngineMaterials/Substrate/Glints2/dict_0002_0021" 7725
"/Engine/EngineMaterials/Substrate/Glints2/dict_0002_0020" 7726
"/Engine/EngineMaterials/Substrate/Glints2/dict_0002_0019" 7727
"/Engine/EngineMaterials/Substrate/Glints2/dict_0002_0018" 7728
"/Engine/EngineMaterials/Substrate/Glints2/dict_0002_0017" 7729
"/Engine/EngineMaterials/Substrate/Glints2/dict_0002_0016" 7730
"/Engine/EngineMaterials/Substrate/Glints2/dict_0002_0015" 7731
"/Engine/EngineMaterials/Substrate/Glints2/dict_0002_0014" 7732
"/Engine/EngineMaterials/Substrate/Glints2/dict_0002_0013" 7733
"/Engine/EngineMaterials/Substrate/Glints2/dict_0002_0012" 7734
"/Engine/EngineMaterials/Substrate/Glints2/dict_0002_0011" 7735
"/Engine/EngineMaterials/Substrate/Glints2/dict_0002_0010" 7736
"/Engine/EngineMaterials/Substrate/Glints2/dict_0002_0009" 7737
"/Engine/EngineMaterials/Substrate/Glints2/dict_0002_0008" 7738
"/Engine/EngineMaterials/Substrate/Glints2/dict_0002_0030" 7739
"/Engine/EngineMaterials/Substrate/Glints2/dict_0002_0007" 7740
"../../../Engine/Content/EngineMaterials/Substrate/Glints2/dict_0002_0040.uasset" 7741
"../../../Engine/Content/EngineMaterials/Substrate/Glints2/dict_0002_0039.uasset" 7742
"../../../Engine/Content/EngineMaterials/Substrate/Glints2/dict_0002_0041.uasset" 7743
"/Engine/EngineMaterials/Substrate/Glints2/dict_0002_0038" 7744
"../../../Engine/Content/EngineMaterials/Substrate/Glints2/dict_0002_0042.uasset" 7745
"../../../Engine/Content/EngineMaterials/Substrate/Glints2/dict_0002_0043.uasset" 7746
"../../../Engine/Content/EngineMaterials/Substrate/Glints2/dict_0002_0044.uasset" 7747
"../../../Engine/Content/EngineMaterials/Substrate/Glints2/dict_0002_0045.uasset" 7748
"../../../Engine/Content/EngineMaterials/Substrate/Glints2/dict_0002_0046.uasset" 7749
"../../../Engine/Content/EngineMaterials/Substrate/Glints2/dict_0002_0047.uasset" 7750
"../../../Engine/Content/EngineMaterials/Substrate/Glints2/dict_0002_0048.uasset" 7751
"../../../Engine/Content/EngineMaterials/Substrate/Glints2/dict_0002_0049.uasset" 7752
"/Engine/EngineMaterials/Substrate/Glints2/dict_0002_0037" 7753
"../../../Engine/Content/EngineMaterials/Substrate/Glints2/dict_0002_0050.uasset" 7754
"../../../Engine/Content/EngineMaterials/Substrate/Glints2/dict_0002_0051.uasset" 7755
"../../../Engine/Content/EngineMaterials/Substrate/Glints2/dict_0002_0052.uasset" 7756
"../../../Engine/Content/EngineMaterials/Substrate/Glints2/dict_0002_0053.uasset" 7757
"../../../Engine/Content/EngineMaterials/Substrate/Glints2/dict_0002_0054.uasset" 7758
"../../../Engine/Content/EngineMaterials/Substrate/Glints2/dict_0002_0055.uasset" 7759
"/Engine/EngineMaterials/Substrate/Glints2/dict_0002_0036" 7760
"../../../Engine/Content/EngineMaterials/Substrate/Glints2/dict_0002_0056.uasset" 7761
"../../../Engine/Content/EngineMaterials/Substrate/Glints2/dict_0002_0057.uasset" 7762
"../../../Engine/Content/EngineMaterials/Substrate/Glints2/dict_0002_0058.uasset" 7763
"../../../Engine/Content/EngineMaterials/Substrate/Glints2/dict_0002_0059.uasset" 7764
"../../../Engine/Content/EngineMaterials/Substrate/Glints2/dict_0002_0060.uasset" 7765
"../../../Engine/Content/EngineMaterials/Substrate/Glints2/dict_0002_0061.uasset" 7766
"../../../Engine/Content/EngineMaterials/Substrate/Glints2/dict_0002_0062.uasset" 7767
"/Engine/EngineMaterials/Substrate/Glints2/dict_0002_0035" 7768
"/Engine/EngineMaterials/Substrate/Glints2/dict_0002_0034" 7769
"/Engine/EngineMaterials/Substrate/Glints2/dict_0002_0033" 7770
"/Engine/EngineMaterials/Substrate/Glints2/dict_0002_0032" 7771
"/Engine/EngineMaterials/Substrate/Glints2/dict_0002_0031" 7772
"/Engine/EngineMaterials/Substrate/Glints2/dict_0002_0040" 7773
"../../../Engine/Content/EngineMaterials/Substrate/Glints2/dict_0002_0063.uasset" 7774
"../../../Engine/Content/EngineMaterials/Substrate/Glints2/dict_0002_0064.uasset" 7775
"/Engine/EngineMaterials/Substrate/Glints2/dict_0002_0062" 7776
"../../../Engine/Content/EngineMaterials/Substrate/Glints2/dict_0002_0065.uasset" 7777
"../../../Engine/Content/EngineMaterials/Substrate/Glints2/dict_0002_0066.uasset" 7778
"../../../Engine/Content/EngineMaterials/Substrate/Glints2/dict_0002_0067.uasset" 7779
"../../../Engine/Content/EngineMaterials/Substrate/Glints2/dict_0002_0068.uasset" 7780
"/Engine/EngineMaterials/Substrate/Glints2/dict_0002_0061" 7781
"../../../Engine/Content/EngineMaterials/Substrate/Glints2/dict_0002_0069.uasset" 7782
"../../../Engine/Content/EngineMaterials/Substrate/Glints2/dict_0002_0070.uasset" 7783
"../../../Engine/Content/EngineMaterials/Substrate/Glints2/dict_0002_0071.uasset" 7784
"/Engine/EngineMaterials/Substrate/Glints2/dict_0002_0060" 7785
"/Engine/EngineMaterials/Substrate/Glints2/dict_0002_0059" 7786
"/Engine/EngineMaterials/Substrate/Glints2/dict_0002_0058" 7787
"/Engine/EngineMaterials/Substrate/Glints2/dict_0002_0057" 7788
"/Engine/EngineMaterials/Substrate/Glints2/dict_0002_0056" 7789
"/Engine/EngineMaterials/Substrate/Glints2/dict_0002_0055" 7790
"/Engine/EngineMaterials/Substrate/Glints2/dict_0002_0054" 7791
"/Engine/EngineMaterials/Substrate/Glints2/dict_0002_0053" 7792
"/Engine/EngineMaterials/Substrate/Glints2/dict_0002_0052" 7793
"/Engine/EngineMaterials/Substrate/Glints2/dict_0002_0051" 7794
"/Engine/EngineMaterials/Substrate/Glints2/dict_0002_0050" 7795
"/Engine/EngineMaterials/Substrate/Glints2/dict_0002_0049" 7796
"/Engine/EngineMaterials/Substrate/Glints2/dict_0002_0048" 7797
"/Engine/EngineMaterials/Substrate/Glints2/dict_0002_0047" 7798
"/Engine/EngineMaterials/Substrate/Glints2/dict_0002_0046" 7799
"/Engine/EngineMaterials/Substrate/Glints2/dict_0002_0045" 7800
"/Engine/EngineMaterials/Substrate/Glints2/dict_0002_0044" 7801
"/Engine/EngineMaterials/Substrate/Glints2/dict_0002_0043" 7802
"/Engine/EngineMaterials/Substrate/Glints2/dict_0002_0042" 7803
"/Engine/EngineMaterials/Substrate/Glints2/dict_0002_0041" 7804
"/Engine/EngineMaterials/Substrate/Glints2/dict_0002_0063" 7805
"/Engine/EngineMaterials/Substrate/Glints2/dict_0002_0039" 7806
"../../../Engine/Content/EngineMaterials/Substrate/Glints2/dict_0002_0072.uasset" 7807
"/Engine/EngineMaterials/Substrate/Glints2/dict_0002_0071" 7808
"../../../Engine/Content/EngineMaterials/Substrate/Glints2/dict_0002_0073.uasset" 7809
"../../../Engine/Content/EngineMaterials/Substrate/Glints2/dict_0002_0074.uasset" 7810
"/Engine/EngineMaterials/Substrate/Glints2/dict_0002_0070" 7811
"../../../Engine/Content/EngineMaterials/Substrate/Glints2/dict_0002_0075.uasset" 7812
"../../../Engine/Content/EngineMaterials/Substrate/Glints2/dict_0002_0076.uasset" 7813
"../../../Engine/Content/EngineMaterials/Substrate/Glints2/dict_0002_0077.uasset" 7814
"../../../Engine/Content/EngineMaterials/Substrate/Glints2/dict_0002_0078.uasset" 7815
"/Engine/EngineMaterials/Substrate/Glints2/dict_0002_0069" 7816
"../../../Engine/Content/EngineMaterials/Substrate/Glints2/dict_0002_0079.uasset" 7817
"../../../Engine/Content/EngineMaterials/Substrate/Glints2/dict_0002_0080.uasset" 7818
"../../../Engine/Content/EngineMaterials/Substrate/Glints2/dict_0002_0081.uasset" 7819
"/Engine/EngineMaterials/Substrate/Glints2/dict_0002_0068" 7820
"../../../Engine/Content/EngineMaterials/Substrate/Glints2/dict_0002_0082.uasset" 7821
"../../../Engine/Content/EngineMaterials/Substrate/Glints2/dict_0002_0083.uasset" 7822
"../../../Engine/Content/EngineMaterials/Substrate/Glints2/dict_0002_0084.uasset" 7823
"../../../Engine/Content/EngineMaterials/Substrate/Glints2/dict_0002_0085.uasset" 7824
"/Engine/EngineMaterials/Substrate/Glints2/dict_0002_0067" 7825
"../../../Engine/Content/EngineMaterials/Substrate/Glints2/dict_0002_0086.uasset" 7826
"../../../Engine/Content/EngineMaterials/Substrate/Glints2/dict_0002_0087.uasset" 7827
"../../../Engine/Content/EngineMaterials/Substrate/Glints2/dict_0002_0088.uasset" 7828
"../../../Engine/Content/EngineMaterials/Substrate/Glints2/dict_0002_0089.uasset" 7829
"/Engine/EngineMaterials/Substrate/Glints2/dict_0002_0066" 7830
"../../../Engine/Content/EngineMaterials/Substrate/Glints2/dict_0002_0090.uasset" 7831
"../../../Engine/Content/EngineMaterials/Substrate/Glints2/dict_0002_0091.uasset" 7832
"../../../Engine/Content/EngineMaterials/Substrate/Glints2/dict_0002_0092.uasset" 7833
"../../../Engine/Content/EngineMaterials/Substrate/Glints2/dict_0002_0093.uasset" 7834
"/Engine/EngineMaterials/Substrate/Glints2/dict_0002_0065" 7835
"../../../Engine/Content/EngineMaterials/Substrate/Glints2/dict_0002_0094.uasset" 7836
"../../../Engine/Content/EngineMaterials/Substrate/Glints2/dict_0002_0095.uasset" 7837
"/Engine/EngineMaterials/Substrate/Glints2/dict_0002_0064" 7838
"../../../Engine/Content/EngineMaterials/Substrate/Glints2/dict_0002_0096.uasset" 7839
"../../../Engine/Content/EngineMaterials/Substrate/Glints2/dict_0002_0097.uasset" 7840
"/Engine/EngineMaterials/Substrate/Glints2/dict_0002_0095" 7841
"../../../Engine/Content/EngineMaterials/Substrate/Glints2/dict_0002_0098.uasset" 7842
"../../../Engine/Content/EngineMaterials/Substrate/Glints2/dict_0002_0099.uasset" 7843
"../../../Engine/Content/EngineMaterials/Substrate/Glints2/dict_0002_0100.uasset" 7844
"../../../Engine/Content/EngineMaterials/Substrate/Glints2/dict_0002_0101.uasset" 7845
"../../../Engine/Content/EngineMaterials/Substrate/Glints2/dict_0002_0102.uasset" 7846
"../../../Engine/Content/EngineMaterials/Substrate/Glints2/dict_0002_0103.uasset" 7847
"/Engine/EngineMaterials/Substrate/Glints2/dict_0002_0094" 7848
"/Engine/EngineMaterials/Substrate/Glints2/dict_0002_0093" 7849
"/Engine/EngineMaterials/Substrate/Glints2/dict_0002_0092" 7850
"/Engine/EngineMaterials/Substrate/Glints2/dict_0002_0091" 7851
"/Engine/EngineMaterials/Substrate/Glints2/dict_0002_0090" 7852
"/Engine/EngineMaterials/Substrate/Glints2/dict_0002_0089" 7853
"/Engine/EngineMaterials/Substrate/Glints2/dict_0002_0088" 7854
"/Engine/EngineMaterials/Substrate/Glints2/dict_0002_0087" 7855
"/Engine/EngineMaterials/Substrate/Glints2/dict_0002_0086" 7856
"/Engine/EngineMaterials/Substrate/Glints2/dict_0002_0085" 7857
"/Engine/EngineMaterials/Substrate/Glints2/dict_0002_0084" 7858
"/Engine/EngineMaterials/Substrate/Glints2/dict_0002_0083" 7859
"/Engine/EngineMaterials/Substrate/Glints2/dict_0002_0082" 7860
"/Engine/EngineMaterials/Substrate/Glints2/dict_0002_0081" 7861
"/Engine/EngineMaterials/Substrate/Glints2/dict_0002_0080" 7862
"/Engine/EngineMaterials/Substrate/Glints2/dict_0002_0079" 7863
"/Engine/EngineMaterials/Substrate/Glints2/dict_0002_0078" 7864
"/Engine/EngineMaterials/Substrate/Glints2/dict_0002_0077" 7865
"/Engine/EngineMaterials/Substrate/Glints2/dict_0002_0076" 7866
"/Engine/EngineMaterials/Substrate/Glints2/dict_0002_0075" 7867
"/Engine/EngineMaterials/Substrate/Glints2/dict_0002_0074" 7868
"/Engine/EngineMaterials/Substrate/Glints2/dict_0002_0073" 7869
"/Engine/EngineMaterials/Substrate/Glints2/dict_0002_0072" 7870
"../../../Engine/Content/EngineMaterials/Substrate/Glints2/dict_0002_0104.uasset" 7871
"../../../Engine/Content/EngineMaterials/Substrate/Glints2/dict_0002_0105.uasset" 7872
"/Engine/EngineMaterials/Substrate/Glints2/dict_0002_0103" 7873
"../../../Engine/Content/EngineMaterials/Substrate/Glints2/dict_0002_0106.uasset" 7874
"../../../Engine/Content/EngineMaterials/Substrate/Glints2/dict_0002_0107.uasset" 7875
"../../../Engine/Content/EngineMaterials/Substrate/Glints2/dict_0002_0108.uasset" 7876
"/Engine/EngineMaterials/Substrate/Glints2/dict_0002_0102" 7877
"../../../Engine/Content/EngineMaterials/Substrate/Glints2/dict_0002_0109.uasset" 7878
"../../../Engine/Content/EngineMaterials/Substrate/Glints2/dict_0002_0110.uasset" 7879
"../../../Engine/Content/EngineMaterials/Substrate/Glints2/dict_0002_0111.uasset" 7880
"/Engine/EngineMaterials/Substrate/Glints2/dict_0002_0101" 7881
"../../../Engine/Content/EngineMaterials/Substrate/Glints2/dict_0002_0112.uasset" 7882
"../../../Engine/Content/EngineMaterials/Substrate/Glints2/dict_0002_0113.uasset" 7883
"../../../Engine/Content/EngineMaterials/Substrate/Glints2/dict_0002_0114.uasset" 7884
"/Engine/EngineMaterials/Substrate/Glints2/dict_0002_0100" 7885
"../../../Engine/Content/EngineMaterials/Substrate/Glints2/dict_0002_0115.uasset" 7886
"../../../Engine/Content/EngineMaterials/Substrate/Glints2/dict_0002_0116.uasset" 7887
"../../../Engine/Content/EngineMaterials/Substrate/Glints2/dict_0002_0117.uasset" 7888
"../../../Engine/Content/EngineMaterials/Substrate/Glints2/dict_0002_0118.uasset" 7889
"../../../Engine/Content/EngineMaterials/Substrate/Glints2/dict_0002_0119.uasset" 7890
"/Engine/EngineMaterials/Substrate/Glints2/dict_0002_0099" 7891
"../../../Engine/Content/EngineMaterials/Substrate/Glints2/dict_0002_0120.uasset" 7892
"../../../Engine/Content/EngineMaterials/Substrate/Glints2/dict_0002_0121.uasset" 7893
"../../../Engine/Content/EngineMaterials/Substrate/Glints2/dict_0002_0122.uasset" 7894
"../../../Engine/Content/EngineMaterials/Substrate/Glints2/dict_0002_0123.uasset" 7895
"../../../Engine/Content/EngineMaterials/Substrate/Glints2/dict_0002_0124.uasset" 7896
"../../../Engine/Content/EngineMaterials/Substrate/Glints2/dict_0002_0125.uasset" 7897
"../../../Engine/Content/EngineMaterials/Substrate/Glints2/dict_0002_0126.uasset" 7898
"../../../Engine/Content/EngineMaterials/Substrate/Glints2/dict_0002_0127.uasset" 7899
"/Engine/EngineMaterials/Substrate/Glints2/dict_0002_0098" 7900
"/Engine/EngineMaterials/Substrate/Glints2/dict_0002_0097" 7901
"/Engine/EngineMaterials/Substrate/Glints2/dict_0002_0096" 7902
"../../../Engine/Content/EngineMaterials/Substrate/Glints2/dict_0002_0128.uasset" 7903
"../../../Engine/Content/EngineMaterials/Substrate/Glints2/dict_0002_0129.uasset" 7904
"/Engine/EngineMaterials/Substrate/Glints2/dict_0002_0127" 7905
"../../../Engine/Content/EngineMaterials/Substrate/Glints2/dict_0002_0130.uasset" 7906
"../../../Engine/Content/EngineMaterials/Substrate/Glints2/dict_0002_0131.uasset" 7907
"../../../Engine/Content/EngineMaterials/Substrate/Glints2/dict_0002_0132.uasset" 7908
"../../../Engine/Content/EngineMaterials/Substrate/Glints2/dict_0002_0133.uasset" 7909
"../../../Engine/Content/EngineMaterials/Substrate/Glints2/dict_0002_0134.uasset" 7910
"../../../Engine/Content/EngineMaterials/Substrate/Glints2/dict_0002_0135.uasset" 7911
"/Engine/EngineMaterials/Substrate/Glints2/dict_0002_0126" 7912
"/Engine/EngineMaterials/Substrate/Glints2/dict_0002_0125" 7913
"/Engine/EngineMaterials/Substrate/Glints2/dict_0002_0124" 7914
"/Engine/EngineMaterials/Substrate/Glints2/dict_0002_0123" 7915
"/Engine/EngineMaterials/Substrate/Glints2/dict_0002_0122" 7916
"/Engine/EngineMaterials/Substrate/Glints2/dict_0002_0121" 7917
"/Engine/EngineMaterials/Substrate/Glints2/dict_0002_0120" 7918
"/Engine/EngineMaterials/Substrate/Glints2/dict_0002_0119" 7919
"/Engine/EngineMaterials/Substrate/Glints2/dict_0002_0118" 7920
"/Engine/EngineMaterials/Substrate/Glints2/dict_0002_0117" 7921
"/Engine/EngineMaterials/Substrate/Glints2/dict_0002_0116" 7922
"/Engine/EngineMaterials/Substrate/Glints2/dict_0002_0115" 7923
"/Engine/EngineMaterials/Substrate/Glints2/dict_0002_0114" 7924
"/Engine/EngineMaterials/Substrate/Glints2/dict_0002_0113" 7925
"/Engine/EngineMaterials/Substrate/Glints2/dict_0002_0112" 7926
"/Engine/EngineMaterials/Substrate/Glints2/dict_0002_0111" 7927
"/Engine/EngineMaterials/Substrate/Glints2/dict_0002_0110" 7928
"/Engine/EngineMaterials/Substrate/Glints2/dict_0002_0109" 7929
"/Engine/EngineMaterials/Substrate/Glints2/dict_0002_0108" 7930
"/Engine/EngineMaterials/Substrate/Glints2/dict_0002_0107" 7931
"/Engine/EngineMaterials/Substrate/Glints2/dict_0002_0106" 7932
"/Engine/EngineMaterials/Substrate/Glints2/dict_0002_0105" 7933
"/Engine/EngineMaterials/Substrate/Glints2/dict_0002_0104" 7934
"../../../Engine/Content/EngineMaterials/Substrate/Glints2/dict_0002_0136.uasset" 7935
"../../../Engine/Content/EngineMaterials/Substrate/Glints2/dict_0002_0137.uasset" 7936
"/Engine/EngineMaterials/Substrate/Glints2/dict_0002_0135" 7937
"../../../Engine/Content/EngineMaterials/Substrate/Glints2/dict_0002_0139.uasset" 7938
"../../../Engine/Content/EngineMaterials/Substrate/Glints2/dict_0002_0138.uasset" 7939
"../../../Engine/Content/EngineMaterials/Substrate/Glints2/dict_0002_0140.uasset" 7940
"../../../Engine/Content/EngineMaterials/Substrate/Glints2/dict_0002_0141.uasset" 7941
"/Engine/EngineMaterials/Substrate/Glints2/dict_0002_0134" 7942
"../../../Engine/Content/EngineMaterials/Substrate/Glints2/dict_0002_0142.uasset" 7943
"../../../Engine/Content/EngineMaterials/Substrate/Glints2/dict_0002_0143.uasset" 7944
"../../../Engine/Content/EngineMaterials/Substrate/Glints2/dict_0002_0144.uasset" 7945
"../../../Engine/Content/EngineMaterials/Substrate/Glints2/dict_0002_0145.uasset" 7946
"../../../Engine/Content/EngineMaterials/Substrate/Glints2/dict_0002_0146.uasset" 7947
"../../../Engine/Content/EngineMaterials/Substrate/Glints2/dict_0002_0147.uasset" 7948
"../../../Engine/Content/EngineMaterials/Substrate/Glints2/dict_0002_0148.uasset" 7949
"/Engine/EngineMaterials/Substrate/Glints2/dict_0002_0133" 7950
"../../../Engine/Content/EngineMaterials/Substrate/Glints2/dict_0002_0149.uasset" 7951
"../../../Engine/Content/EngineMaterials/Substrate/Glints2/dict_0002_0150.uasset" 7952
"../../../Engine/Content/EngineMaterials/Substrate/Glints2/dict_0002_0151.uasset" 7953
"../../../Engine/Content/EngineMaterials/Substrate/Glints2/dict_0002_0152.uasset" 7954
"../../../Engine/Content/EngineMaterials/Substrate/Glints2/dict_0002_0153.uasset" 7955
"../../../Engine/Content/EngineMaterials/Substrate/Glints2/dict_0002_0154.uasset" 7956
"../../../Engine/Content/EngineMaterials/Substrate/Glints2/dict_0002_0155.uasset" 7957
"../../../Engine/Content/EngineMaterials/Substrate/Glints2/dict_0002_0156.uasset" 7958
"../../../Engine/Content/EngineMaterials/Substrate/Glints2/dict_0002_0157.uasset" 7959
"/Engine/EngineMaterials/Substrate/Glints2/dict_0002_0132" 7960
"../../../Engine/Content/EngineMaterials/Substrate/Glints2/dict_0002_0158.uasset" 7961
"../../../Engine/Content/EngineMaterials/Substrate/Glints2/dict_0002_0159.uasset" 7962
"/Engine/EngineMaterials/Substrate/Glints2/dict_0002_0131" 7963
"/Engine/EngineMaterials/Substrate/Glints2/dict_0002_0130" 7964
"/Engine/EngineMaterials/Substrate/Glints2/dict_0002_0129" 7965
"/Engine/EngineMaterials/Substrate/Glints2/dict_0002_0128" 7966
"../../../Engine/Content/EngineMaterials/Substrate/Glints2/dict_0002_0160.uasset" 7967
"../../../Engine/Content/EngineMaterials/Substrate/Glints2/dict_0002_0161.uasset" 7968
"../../../Engine/Content/EngineMaterials/Substrate/Glints2/dict_0002_0162.uasset" 7969
"/Engine/EngineMaterials/Substrate/Glints2/dict_0002_0159" 7970
"../../../Engine/Content/EngineMaterials/Substrate/Glints2/dict_0002_0163.uasset" 7971
"../../../Engine/Content/EngineMaterials/Substrate/Glints2/dict_0002_0164.uasset" 7972
"../../../Engine/Content/EngineMaterials/Substrate/Glints2/dict_0002_0165.uasset" 7973
"../../../Engine/Content/EngineMaterials/Substrate/Glints2/dict_0002_0166.uasset" 7974
"../../../Engine/Content/EngineMaterials/Substrate/Glints2/dict_0002_0167.uasset" 7975
"/Engine/EngineMaterials/Substrate/Glints2/dict_0002_0158" 7976
"/Engine/EngineMaterials/Substrate/Glints2/dict_0002_0157" 7977
"/Engine/EngineMaterials/Substrate/Glints2/dict_0002_0156" 7978
"/Engine/EngineMaterials/Substrate/Glints2/dict_0002_0155" 7979
"/Engine/EngineMaterials/Substrate/Glints2/dict_0002_0154" 7980
"/Engine/EngineMaterials/Substrate/Glints2/dict_0002_0153" 7981
"/Engine/EngineMaterials/Substrate/Glints2/dict_0002_0152" 7982
"/Engine/EngineMaterials/Substrate/Glints2/dict_0002_0151" 7983
"/Engine/EngineMaterials/Substrate/Glints2/dict_0002_0150" 7984
"/Engine/EngineMaterials/Substrate/Glints2/dict_0002_0149" 7985
"/Engine/EngineMaterials/Substrate/Glints2/dict_0002_0148" 7986
"/Engine/EngineMaterials/Substrate/Glints2/dict_0002_0147" 7987
"/Engine/EngineMaterials/Substrate/Glints2/dict_0002_0146" 7988
"/Engine/EngineMaterials/Substrate/Glints2/dict_0002_0145" 7989
"/Engine/EngineMaterials/Substrate/Glints2/dict_0002_0144" 7990
"/Engine/EngineMaterials/Substrate/Glints2/dict_0002_0143" 7991
"/Engine/EngineMaterials/Substrate/Glints2/dict_0002_0142" 7992
"/Engine/EngineMaterials/Substrate/Glints2/dict_0002_0141" 7993
"/Engine/EngineMaterials/Substrate/Glints2/dict_0002_0140" 7994
"/Engine/EngineMaterials/Substrate/Glints2/dict_0002_0139" 7995
"/Engine/EngineMaterials/Substrate/Glints2/dict_0002_0138" 7996
"/Engine/EngineMaterials/Substrate/Glints2/dict_0002_0137" 7997
"/Engine/EngineMaterials/Substrate/Glints2/dict_0002_0136" 7998
"../../../Engine/Content/EngineMaterials/Substrate/Glints2/dict_0002_0168.uasset" 7999
"../../../Engine/Content/EngineMaterials/Substrate/Glints2/dict_0002_0169.uasset" 8000
"/Engine/EngineMaterials/Substrate/Glints2/dict_0002_0167" 8001
"../../../Engine/Content/EngineMaterials/Substrate/Glints2/dict_0002_0170.uasset" 8002
"../../../Engine/Content/EngineMaterials/Substrate/Glints2/dict_0002_0171.uasset" 8003
"../../../Engine/Content/EngineMaterials/Substrate/Glints2/dict_0002_0172.uasset" 8004
"../../../Engine/Content/EngineMaterials/Substrate/Glints2/dict_0002_0173.uasset" 8005
"../../../Engine/Content/EngineMaterials/Substrate/Glints2/dict_0002_0174.uasset" 8006
"../../../Engine/Content/EngineMaterials/Substrate/Glints2/dict_0002_0175.uasset" 8007
"../../../Engine/Content/EngineMaterials/Substrate/Glints2/dict_0002_0176.uasset" 8008
"../../../Engine/Content/EngineMaterials/Substrate/Glints2/dict_0002_0177.uasset" 8009
"../../../Engine/Content/EngineMaterials/Substrate/Glints2/dict_0002_0178.uasset" 8010
"/Engine/EngineMaterials/Substrate/Glints2/dict_0002_0166" 8011
"../../../Engine/Content/EngineMaterials/Substrate/Glints2/dict_0002_0180.uasset" 8012
"../../../Engine/Content/EngineMaterials/Substrate/Glints2/dict_0002_0179.uasset" 8013
"../../../Engine/Content/EngineMaterials/Substrate/Glints2/dict_0002_0181.uasset" 8014
"../../../Engine/Content/EngineMaterials/Substrate/Glints2/dict_0002_0182.uasset" 8015
"../../../Engine/Content/EngineMaterials/Substrate/Glints2/dict_0002_0183.uasset" 8016
"../../../Engine/Content/EngineMaterials/Substrate/Glints2/dict_0002_0184.uasset" 8017
"../../../Engine/Content/EngineMaterials/Substrate/Glints2/dict_0002_0185.uasset" 8018
"../../../Engine/Content/EngineMaterials/Substrate/Glints2/dict_0002_0186.uasset" 8019
"../../../Engine/Content/EngineMaterials/Substrate/Glints2/dict_0002_0187.uasset" 8020
"../../../Engine/Content/EngineMaterials/Substrate/Glints2/dict_0002_0188.uasset" 8021
"/Engine/EngineMaterials/Substrate/Glints2/dict_0002_0165" 8022
"../../../Engine/Content/EngineMaterials/Substrate/Glints2/dict_0002_0189.uasset" 8023
"../../../Engine/Content/EngineMaterials/Substrate/Glints2/dict_0002_0190.uasset" 8024
"../../../Engine/Content/EngineMaterials/Substrate/Glints2/dict_0002_0191.uasset" 8025
"/Engine/EngineMaterials/Substrate/Glints2/dict_0002_0164" 8026
"/Engine/EngineMaterials/Substrate/Glints2/dict_0002_0163" 8027
"/Engine/EngineMaterials/Substrate/Glints2/dict_0002_0162" 8028
"/Engine/EngineMaterials/Substrate/Glints2/dict_0002_0161" 8029
"/Engine/EngineMaterials/Substrate/Glints2/dict_0002_0160" 8030
"../../../Engine/Content/EngineMaterials/Substrate/Glints2/dict_0002_0193.uasset" 8031
"/Engine/EngineMaterials/Substrate/Glints2/dict_0002_0191" 8032
"../../../Engine/Content/EngineMaterials/Substrate/Glints2/dict_0002_0192.uasset" 8033
"../../../Engine/Content/EngineMaterials/Substrate/Glints2/dict_0002_0194.uasset" 8034
"../../../Engine/Content/EngineMaterials/Substrate/Glints2/dict_0002_0195.uasset" 8035
"../../../Engine/Content/EngineMaterials/Substrate/Glints2/dict_0002_0196.uasset" 8036
"../../../Engine/Content/EngineMaterials/Substrate/Glints2/dict_0002_0197.uasset" 8037
"../../../Engine/Content/EngineMaterials/Substrate/Glints2/dict_0002_0198.uasset" 8038
"../../../Engine/Content/EngineMaterials/Substrate/Glints2/dict_0002_0199.uasset" 8039
"/Engine/EngineMaterials/Substrate/Glints2/dict_0002_0190" 8040
"/Engine/EngineMaterials/Substrate/Glints2/dict_0002_0189" 8041
"/Engine/EngineMaterials/Substrate/Glints2/dict_0002_0188" 8042
"/Engine/EngineMaterials/Substrate/Glints2/dict_0002_0187" 8043
"/Engine/EngineMaterials/Substrate/Glints2/dict_0002_0186" 8044
"/Engine/EngineMaterials/Substrate/Glints2/dict_0002_0185" 8045
"/Engine/EngineMaterials/Substrate/Glints2/dict_0002_0184" 8046
"/Engine/EngineMaterials/Substrate/Glints2/dict_0002_0183" 8047
"/Engine/EngineMaterials/Substrate/Glints2/dict_0002_0182" 8048
"/Engine/EngineMaterials/Substrate/Glints2/dict_0002_0181" 8049
"/Engine/EngineMaterials/Substrate/Glints2/dict_0002_0180" 8050
"/Engine/EngineMaterials/Substrate/Glints2/dict_0002_0179" 8051
"/Engine/EngineMaterials/Substrate/Glints2/dict_0002_0178" 8052
"/Engine/EngineMaterials/Substrate/Glints2/dict_0002_0177" 8053
"/Engine/EngineMaterials/Substrate/Glints2/dict_0002_0176" 8054
"/Engine/EngineMaterials/Substrate/Glints2/dict_0002_0175" 8055
"/Engine/EngineMaterials/Substrate/Glints2/dict_0002_0174" 8056
"/Engine/EngineMaterials/Substrate/Glints2/dict_0002_0173" 8057
"/Engine/EngineMaterials/Substrate/Glints2/dict_0002_0172" 8058
"/Engine/EngineMaterials/Substrate/Glints2/dict_0002_0171" 8059
"/Engine/EngineMaterials/Substrate/Glints2/dict_0002_0170" 8060
"/Engine/EngineMaterials/Substrate/Glints2/dict_0002_0169" 8061
"/Engine/EngineMaterials/Substrate/Glints2/dict_0002_0168" 8062
"../../../Engine/Content/EngineMaterials/Substrate/Glints2/dict_0002_0200.uasset" 8063
"../../../Engine/Content/EngineMaterials/Substrate/Glints2/dict_0002_0201.uasset" 8064
"/Engine/EngineMaterials/Substrate/Glints2/dict_0002_0199" 8065
"../../../Engine/Content/EngineMaterials/Substrate/Glints2/dict_0002_0202.uasset" 8066
"../../../Engine/Content/EngineMaterials/Substrate/Glints2/dict_0002_0203.uasset" 8067
"../../../Engine/Content/EngineMaterials/Substrate/Glints2/dict_0002_0204.uasset" 8068
"../../../Engine/Content/EngineMaterials/Substrate/Glints2/dict_0002_0205.uasset" 8069
"../../../Engine/Content/EngineMaterials/Substrate/Glints2/dict_0002_0207.uasset" 8070
"../../../Engine/Content/EngineMaterials/Substrate/Glints2/dict_0002_0206.uasset" 8071
"/Engine/EngineMaterials/Substrate/Glints2/dict_0002_0198" 8072
"../../../Engine/Content/EngineMaterials/Substrate/Glints2/dict_0002_0208.uasset" 8073
"../../../Engine/Content/EngineMaterials/Substrate/Glints2/dict_0002_0209.uasset" 8074
"../../../Engine/Content/EngineMaterials/Substrate/Glints2/dict_0002_0210.uasset" 8075
"../../../Engine/Content/EngineMaterials/Substrate/Glints2/dict_0002_0211.uasset" 8076
"../../../Engine/Content/EngineMaterials/Substrate/Glints2/dict_0002_0213.uasset" 8077
"../../../Engine/Content/EngineMaterials/Substrate/Glints2/dict_0002_0212.uasset" 8078
"../../../Engine/Content/EngineMaterials/Substrate/Glints2/dict_0002_0214.uasset" 8079
"../../../Engine/Content/EngineMaterials/Substrate/Glints2/dict_0002_0215.uasset" 8080
"../../../Engine/Content/EngineMaterials/Substrate/Glints2/dict_0002_0216.uasset" 8081
"../../../Engine/Content/EngineMaterials/Substrate/Glints2/dict_0002_0217.uasset" 8082
"../../../Engine/Content/EngineMaterials/Substrate/Glints2/dict_0002_0218.uasset" 8083
"../../../Engine/Content/EngineMaterials/Substrate/Glints2/dict_0002_0219.uasset" 8084
"/Engine/EngineMaterials/Substrate/Glints2/dict_0002_0197" 8085
"../../../Engine/Content/EngineMaterials/Substrate/Glints2/dict_0002_0220.uasset" 8086
"../../../Engine/Content/EngineMaterials/Substrate/Glints2/dict_0002_0221.uasset" 8087
"../../../Engine/Content/EngineMaterials/Substrate/Glints2/dict_0002_0222.uasset" 8088
"../../../Engine/Content/EngineMaterials/Substrate/Glints2/dict_0002_0223.uasset" 8089
"/Engine/EngineMaterials/Substrate/Glints2/dict_0002_0196" 8090
"/Engine/EngineMaterials/Substrate/Glints2/dict_0002_0195" 8091
"/Engine/EngineMaterials/Substrate/Glints2/dict_0002_0194" 8092
"/Engine/EngineMaterials/Substrate/Glints2/dict_0002_0193" 8093
"/Engine/EngineMaterials/Substrate/Glints2/dict_0002_0192" 8094
"../../../Engine/Content/EngineMaterials/Substrate/Glints2/dict_0002_0224.uasset" 8095
"../../../Engine/Content/EngineMaterials/Substrate/Glints2/dict_0002_0225.uasset" 8096
"/Engine/EngineMaterials/Substrate/Glints2/dict_0002_0223" 8097
"../../../Engine/Content/EngineMaterials/Substrate/Glints2/dict_0002_0226.uasset" 8098
"../../../Engine/Content/EngineMaterials/Substrate/Glints2/dict_0002_0227.uasset" 8099
"../../../Engine/Content/EngineMaterials/Substrate/Glints2/dict_0002_0228.uasset" 8100
"../../../Engine/Content/EngineMaterials/Substrate/Glints2/dict_0002_0229.uasset" 8101
"../../../Engine/Content/EngineMaterials/Substrate/Glints2/dict_0002_0230.uasset" 8102
"../../../Engine/Content/EngineMaterials/Substrate/Glints2/dict_0002_0231.uasset" 8103
"/Engine/EngineMaterials/Substrate/Glints2/dict_0002_0222" 8104
"/Engine/EngineMaterials/Substrate/Glints2/dict_0002_0221" 8105
"/Engine/EngineMaterials/Substrate/Glints2/dict_0002_0220" 8106
"/Engine/EngineMaterials/Substrate/Glints2/dict_0002_0219" 8107
"/Engine/EngineMaterials/Substrate/Glints2/dict_0002_0218" 8108
"/Engine/EngineMaterials/Substrate/Glints2/dict_0002_0217" 8109
"/Engine/EngineMaterials/Substrate/Glints2/dict_0002_0216" 8110
"/Engine/EngineMaterials/Substrate/Glints2/dict_0002_0215" 8111
"/Engine/EngineMaterials/Substrate/Glints2/dict_0002_0214" 8112
"/Engine/EngineMaterials/Substrate/Glints2/dict_0002_0213" 8113
"/Engine/EngineMaterials/Substrate/Glints2/dict_0002_0212" 8114
"/Engine/EngineMaterials/Substrate/Glints2/dict_0002_0211" 8115
"/Engine/EngineMaterials/Substrate/Glints2/dict_0002_0210" 8116
"/Engine/EngineMaterials/Substrate/Glints2/dict_0002_0209" 8117
"/Engine/EngineMaterials/Substrate/Glints2/dict_0002_0208" 8118
"/Engine/EngineMaterials/Substrate/Glints2/dict_0002_0207" 8119
"/Engine/EngineMaterials/Substrate/Glints2/dict_0002_0206" 8120
"/Engine/EngineMaterials/Substrate/Glints2/dict_0002_0205" 8121
"/Engine/EngineMaterials/Substrate/Glints2/dict_0002_0204" 8122
"/Engine/EngineMaterials/Substrate/Glints2/dict_0002_0203" 8123
"/Engine/EngineMaterials/Substrate/Glints2/dict_0002_0202" 8124
"/Engine/EngineMaterials/Substrate/Glints2/dict_0002_0201" 8125
"/Engine/EngineMaterials/Substrate/Glints2/dict_0002_0200" 8126
"../../../Engine/Content/EngineMaterials/Substrate/Glints2/dict_0002_0232.uasset" 8127
"../../../Engine/Content/EngineMaterials/Substrate/Glints2/dict_0002_0233.uasset" 8128
"/Engine/EngineMaterials/Substrate/Glints2/dict_0002_0231" 8129
"../../../Engine/Content/EngineMaterials/Substrate/Glints2/dict_0002_0234.uasset" 8130
"../../../Engine/Content/EngineMaterials/Substrate/Glints2/dict_0002_0235.uasset" 8131
"../../../Engine/Content/EngineMaterials/Substrate/Glints2/dict_0002_0236.uasset" 8132
"../../../Engine/Content/EngineMaterials/Substrate/Glints2/dict_0002_0237.uasset" 8133
"../../../Engine/Content/EngineMaterials/Substrate/Glints2/dict_0002_0238.uasset" 8134
"../../../Engine/Content/EngineMaterials/Substrate/Glints2/dict_0002_0239.uasset" 8135
"/Engine/EngineMaterials/Substrate/Glints2/dict_0002_0230" 8136
"../../../Engine/Content/EngineMaterials/Substrate/Glints2/dict_0002_0240.uasset" 8137
"../../../Engine/Content/EngineMaterials/Substrate/Glints2/dict_0002_0241.uasset" 8138
"../../../Engine/Content/EngineMaterials/Substrate/Glints2/dict_0002_0242.uasset" 8139
"../../../Engine/Content/EngineMaterials/Substrate/Glints2/dict_0002_0243.uasset" 8140
"../../../Engine/Content/EngineMaterials/Substrate/Glints2/dict_0002_0244.uasset" 8141
"../../../Engine/Content/EngineMaterials/Substrate/Glints2/dict_0002_0245.uasset" 8142
"../../../Engine/Content/EngineMaterials/Substrate/Glints2/dict_0002_0246.uasset" 8143
"../../../Engine/Content/EngineMaterials/Substrate/Glints2/dict_0002_0247.uasset" 8144
"../../../Engine/Content/EngineMaterials/Substrate/Glints2/dict_0002_0248.uasset" 8145
"/Engine/EngineMaterials/Substrate/Glints2/dict_0002_0229" 8146
"../../../Engine/Content/EngineMaterials/Substrate/Glints2/dict_0002_0250.uasset" 8147
"../../../Engine/Content/EngineMaterials/Substrate/Glints2/dict_0002_0251.uasset" 8148
"../../../Engine/Content/EngineMaterials/Substrate/Glints2/dict_0002_0252.uasset" 8149
"../../../Engine/Content/EngineMaterials/Substrate/Glints2/dict_0002_0253.uasset" 8150
"../../../Engine/Content/EngineMaterials/Substrate/Glints2/dict_0002_0254.uasset" 8151
"../../../Engine/Content/EngineMaterials/Substrate/Glints2/dict_0002_0255.uasset" 8152
"/Engine/EngineMaterials/Substrate/Glints2/dict_0002_0228" 8153
"../../../Engine/Content/EngineMaterials/Substrate/Glints2/dict_0002_0249.uasset" 8154
"/Engine/EngineMaterials/Substrate/Glints2/dict_0002_0227" 8155
"/Engine/EngineMaterials/Substrate/Glints2/dict_0002_0226" 8156
"/Engine/EngineMaterials/Substrate/Glints2/dict_0002_0225" 8157
"/Engine/EngineMaterials/Substrate/Glints2/dict_0002_0224" 8158
"../../../Engine/Content/EngineMaterials/Substrate/Glints2/dict_0003_0000.uasset" 8159
"/Engine/EngineMaterials/Substrate/Glints2/dict_0002_0255" 8160
"../../../Engine/Content/EngineMaterials/Substrate/Glints2/dict_0003_0001.uasset" 8161
"../../../Engine/Content/EngineMaterials/Substrate/Glints2/dict_0003_0002.uasset" 8162
"../../../Engine/Content/EngineMaterials/Substrate/Glints2/dict_0003_0003.uasset" 8163
"/Engine/EngineMaterials/Substrate/Glints2/dict_0002_0254" 8164
"../../../Engine/Content/EngineMaterials/Substrate/Glints2/dict_0003_0004.uasset" 8165
"../../../Engine/Content/EngineMaterials/Substrate/Glints2/dict_0003_0005.uasset" 8166
"/Engine/EngineMaterials/Substrate/Glints2/dict_0002_0253" 8167
"../../../Engine/Content/EngineMaterials/Substrate/Glints2/dict_0003_0006.uasset" 8168
"../../../Engine/Content/EngineMaterials/Substrate/Glints2/dict_0003_0007.uasset" 8169
"/Engine/EngineMaterials/Substrate/Glints2/dict_0002_0252" 8170
"/Engine/EngineMaterials/Substrate/Glints2/dict_0002_0251" 8171
"/Engine/EngineMaterials/Substrate/Glints2/dict_0002_0250" 8172
"/Engine/EngineMaterials/Substrate/Glints2/dict_0002_0249" 8173
"/Engine/EngineMaterials/Substrate/Glints2/dict_0002_0248" 8174
"/Engine/EngineMaterials/Substrate/Glints2/dict_0002_0247" 8175
"/Engine/EngineMaterials/Substrate/Glints2/dict_0002_0246" 8176
"/Engine/EngineMaterials/Substrate/Glints2/dict_0002_0245" 8177
"/Engine/EngineMaterials/Substrate/Glints2/dict_0002_0244" 8178
"/Engine/EngineMaterials/Substrate/Glints2/dict_0002_0243" 8179
"/Engine/EngineMaterials/Substrate/Glints2/dict_0002_0242" 8180
"/Engine/EngineMaterials/Substrate/Glints2/dict_0002_0241" 8181
"/Engine/EngineMaterials/Substrate/Glints2/dict_0002_0240" 8182
"/Engine/EngineMaterials/Substrate/Glints2/dict_0002_0239" 8183
"/Engine/EngineMaterials/Substrate/Glints2/dict_0002_0238" 8184
"/Engine/EngineMaterials/Substrate/Glints2/dict_0002_0237" 8185
"/Engine/EngineMaterials/Substrate/Glints2/dict_0002_0236" 8186
"/Engine/EngineMaterials/Substrate/Glints2/dict_0002_0235" 8187
"/Engine/EngineMaterials/Substrate/Glints2/dict_0002_0234" 8188
"/Engine/EngineMaterials/Substrate/Glints2/dict_0002_0233" 8189
"/Engine/EngineMaterials/Substrate/Glints2/dict_0002_0232" 8190
"../../../Engine/Content/EngineMaterials/Substrate/Glints2/dict_0003_0008.uasset" 8191
"/Engine/EngineMaterials/Substrate/Glints2/dict_0003_0007" 8192
"../../../Engine/Content/EngineMaterials/Substrate/Glints2/dict_0003_0009.uasset" 8193
"../../../Engine/Content/EngineMaterials/Substrate/Glints2/dict_0003_0010.uasset" 8194
"../../../Engine/Content/EngineMaterials/Substrate/Glints2/dict_0003_0011.uasset" 8195
"../../../Engine/Content/EngineMaterials/Substrate/Glints2/dict_0003_0012.uasset" 8196
"../../../Engine/Content/EngineMaterials/Substrate/Glints2/dict_0003_0013.uasset" 8197
"../../../Engine/Content/EngineMaterials/Substrate/Glints2/dict_0003_0014.uasset" 8198
"../../../Engine/Content/EngineMaterials/Substrate/Glints2/dict_0003_0015.uasset" 8199
"../../../Engine/Content/EngineMaterials/Substrate/Glints2/dict_0003_0016.uasset" 8200
"../../../Engine/Content/EngineMaterials/Substrate/Glints2/dict_0003_0017.uasset" 8201
"../../../Engine/Content/EngineMaterials/Substrate/Glints2/dict_0003_0018.uasset" 8202
"../../../Engine/Content/EngineMaterials/Substrate/Glints2/dict_0003_0019.uasset" 8203
"../../../Engine/Content/EngineMaterials/Substrate/Glints2/dict_0003_0020.uasset" 8204
"../../../Engine/Content/EngineMaterials/Substrate/Glints2/dict_0003_0022.uasset" 8205
"../../../Engine/Content/EngineMaterials/Substrate/Glints2/dict_0003_0023.uasset" 8206
"../../../Engine/Content/EngineMaterials/Substrate/Glints2/dict_0003_0021.uasset" 8207
"/Engine/EngineMaterials/Substrate/Glints2/dict_0003_0006" 8208
"../../../Engine/Content/EngineMaterials/Substrate/Glints2/dict_0003_0025.uasset" 8209
"../../../Engine/Content/EngineMaterials/Substrate/Glints2/dict_0003_0026.uasset" 8210
"../../../Engine/Content/EngineMaterials/Substrate/Glints2/dict_0003_0024.uasset" 8211
"../../../Engine/Content/EngineMaterials/Substrate/Glints2/dict_0003_0027.uasset" 8212
"../../../Engine/Content/EngineMaterials/Substrate/Glints2/dict_0003_0028.uasset" 8213
"../../../Engine/Content/EngineMaterials/Substrate/Glints2/dict_0003_0029.uasset" 8214
"../../../Engine/Content/EngineMaterials/Substrate/Glints2/dict_0003_0030.uasset" 8215
"../../../Engine/Content/EngineMaterials/Substrate/Glints2/dict_0003_0031.uasset" 8216
"/Engine/EngineMaterials/Substrate/Glints2/dict_0003_0005" 8217
"/Engine/EngineMaterials/Substrate/Glints2/dict_0003_0004" 8218
"/Engine/EngineMaterials/Substrate/Glints2/dict_0003_0003" 8219
"/Engine/EngineMaterials/Substrate/Glints2/dict_0003_0002" 8220
"/Engine/EngineMaterials/Substrate/Glints2/dict_0003_0001" 8221
"/Engine/EngineMaterials/Substrate/Glints2/dict_0003_0000" 8222
"../../../Engine/Content/EngineMaterials/Substrate/Glints2/dict_0003_0032.uasset" 8223
"/Engine/EngineMaterials/Substrate/Glints2/dict_0003_0031" 8224
"../../../Engine/Content/EngineMaterials/Substrate/Glints2/dict_0003_0033.uasset" 8225
"../../../Engine/Content/EngineMaterials/Substrate/Glints2/dict_0003_0034.uasset" 8226
"../../../Engine/Content/EngineMaterials/Substrate/Glints2/dict_0003_0035.uasset" 8227
"/Engine/EngineMaterials/Substrate/Glints2/dict_0003_0030" 8228
"../../../Engine/Content/EngineMaterials/Substrate/Glints2/dict_0003_0036.uasset" 8229
"../../../Engine/Content/EngineMaterials/Substrate/Glints2/dict_0003_0037.uasset" 8230
"../../../Engine/Content/EngineMaterials/Substrate/Glints2/dict_0003_0038.uasset" 8231
"../../../Engine/Content/EngineMaterials/Substrate/Glints2/dict_0003_0039.uasset" 8232
"/Engine/EngineMaterials/Substrate/Glints2/dict_0003_0029" 8233
"/Engine/EngineMaterials/Substrate/Glints2/dict_0003_0028" 8234
"/Engine/EngineMaterials/Substrate/Glints2/dict_0003_0027" 8235
"/Engine/EngineMaterials/Substrate/Glints2/dict_0003_0026" 8236
"/Engine/EngineMaterials/Substrate/Glints2/dict_0003_0025" 8237
"/Engine/EngineMaterials/Substrate/Glints2/dict_0003_0024" 8238
"/Engine/EngineMaterials/Substrate/Glints2/dict_0003_0023" 8239
"/Engine/EngineMaterials/Substrate/Glints2/dict_0003_0022" 8240
"/Engine/EngineMaterials/Substrate/Glints2/dict_0003_0021" 8241
"/Engine/EngineMaterials/Substrate/Glints2/dict_0003_0020" 8242
"/Engine/EngineMaterials/Substrate/Glints2/dict_0003_0019" 8243
"/Engine/EngineMaterials/Substrate/Glints2/dict_0003_0018" 8244
"/Engine/EngineMaterials/Substrate/Glints2/dict_0003_0017" 8245
"/Engine/EngineMaterials/Substrate/Glints2/dict_0003_0016" 8246
"/Engine/EngineMaterials/Substrate/Glints2/dict_0003_0015" 8247
"/Engine/EngineMaterials/Substrate/Glints2/dict_0003_0014" 8248
"/Engine/EngineMaterials/Substrate/Glints2/dict_0003_0013" 8249
"/Engine/EngineMaterials/Substrate/Glints2/dict_0003_0012" 8250
"/Engine/EngineMaterials/Substrate/Glints2/dict_0003_0011" 8251
"/Engine/EngineMaterials/Substrate/Glints2/dict_0003_0010" 8252
"/Engine/EngineMaterials/Substrate/Glints2/dict_0003_0009" 8253
"/Engine/EngineMaterials/Substrate/Glints2/dict_0003_0008" 8254
"../../../Engine/Content/EngineMaterials/Substrate/Glints2/dict_0003_0040.uasset" 8255
"../../../Engine/Content/EngineMaterials/Substrate/Glints2/dict_0003_0041.uasset" 8256
"/Engine/EngineMaterials/Substrate/Glints2/dict_0003_0039" 8257
"../../../Engine/Content/EngineMaterials/Substrate/Glints2/dict_0003_0043.uasset" 8258
"../../../Engine/Content/EngineMaterials/Substrate/Glints2/dict_0003_0042.uasset" 8259
"../../../Engine/Content/EngineMaterials/Substrate/Glints2/dict_0003_0044.uasset" 8260
"../../../Engine/Content/EngineMaterials/Substrate/Glints2/dict_0003_0045.uasset" 8261
"/Engine/EngineMaterials/Substrate/Glints2/dict_0003_0038" 8262
"../../../Engine/Content/EngineMaterials/Substrate/Glints2/dict_0003_0046.uasset" 8263
"../../../Engine/Content/EngineMaterials/Substrate/Glints2/dict_0003_0047.uasset" 8264
"../../../Engine/Content/EngineMaterials/Substrate/Glints2/dict_0003_0048.uasset" 8265
"../../../Engine/Content/EngineMaterials/Substrate/Glints2/dict_0003_0049.uasset" 8266
"../../../Engine/Content/EngineMaterials/Substrate/Glints2/dict_0003_0050.uasset" 8267
"../../../Engine/Content/EngineMaterials/Substrate/Glints2/dict_0003_0051.uasset" 8268
"../../../Engine/Content/EngineMaterials/Substrate/Glints2/dict_0003_0052.uasset" 8269
"../../../Engine/Content/EngineMaterials/Substrate/Glints2/dict_0003_0053.uasset" 8270
"/Engine/EngineMaterials/Substrate/Glints2/dict_0003_0037" 8271
"../../../Engine/Content/EngineMaterials/Substrate/Glints2/dict_0003_0054.uasset" 8272
"../../../Engine/Content/EngineMaterials/Substrate/Glints2/dict_0003_0055.uasset" 8273
"../../../Engine/Content/EngineMaterials/Substrate/Glints2/dict_0003_0057.uasset" 8274
"../../../Engine/Content/EngineMaterials/Substrate/Glints2/dict_0003_0056.uasset" 8275
"../../../Engine/Content/EngineMaterials/Substrate/Glints2/dict_0003_0058.uasset" 8276
"../../../Engine/Content/EngineMaterials/Substrate/Glints2/dict_0003_0059.uasset" 8277
"../../../Engine/Content/EngineMaterials/Substrate/Glints2/dict_0003_0060.uasset" 8278
"/Engine/EngineMaterials/Substrate/Glints2/dict_0003_0036" 8279
"../../../Engine/Content/EngineMaterials/Substrate/Glints2/dict_0003_0061.uasset" 8280
"../../../Engine/Content/EngineMaterials/Substrate/Glints2/dict_0003_0062.uasset" 8281
"../../../Engine/Content/EngineMaterials/Substrate/Glints2/dict_0003_0063.uasset" 8282
"/Engine/EngineMaterials/Substrate/Glints2/dict_0003_0035" 8283
"/Engine/EngineMaterials/Substrate/Glints2/dict_0003_0034" 8284
"/Engine/EngineMaterials/Substrate/Glints2/dict_0003_0033" 8285
"/Engine/EngineMaterials/Substrate/Glints2/dict_0003_0032" 8286
"../../../Engine/Content/EngineMaterials/Substrate/Glints2/dict_0003_0064.uasset" 8287
"/Engine/EngineMaterials/Substrate/Glints2/dict_0003_0063" 8288
"../../../Engine/Content/EngineMaterials/Substrate/Glints2/dict_0003_0065.uasset" 8289
"../../../Engine/Content/EngineMaterials/Substrate/Glints2/dict_0003_0066.uasset" 8290
"../../../Engine/Content/EngineMaterials/Substrate/Glints2/dict_0003_0067.uasset" 8291
"../../../Engine/Content/EngineMaterials/Substrate/Glints2/dict_0003_0068.uasset" 8292
"/Engine/EngineMaterials/Substrate/Glints2/dict_0003_0062" 8293
"../../../Engine/Content/EngineMaterials/Substrate/Glints2/dict_0003_0069.uasset" 8294
"../../../Engine/Content/EngineMaterials/Substrate/Glints2/dict_0003_0070.uasset" 8295
"../../../Engine/Content/EngineMaterials/Substrate/Glints2/dict_0003_0071.uasset" 8296
"/Engine/EngineMaterials/Substrate/Glints2/dict_0003_0061" 8297
"/Engine/EngineMaterials/Substrate/Glints2/dict_0003_0060" 8298
"/Engine/EngineMaterials/Substrate/Glints2/dict_0003_0059" 8299
"/Engine/EngineMaterials/Substrate/Glints2/dict_0003_0058" 8300
"/Engine/EngineMaterials/Substrate/Glints2/dict_0003_0057" 8301
"/Engine/EngineMaterials/Substrate/Glints2/dict_0003_0056" 8302
"/Engine/EngineMaterials/Substrate/Glints2/dict_0003_0055" 8303
"/Engine/EngineMaterials/Substrate/Glints2/dict_0003_0054" 8304
"/Engine/EngineMaterials/Substrate/Glints2/dict_0003_0053" 8305
"/Engine/EngineMaterials/Substrate/Glints2/dict_0003_0052" 8306
"/Engine/EngineMaterials/Substrate/Glints2/dict_0003_0051" 8307
"/Engine/EngineMaterials/Substrate/Glints2/dict_0003_0050" 8308
"/Engine/EngineMaterials/Substrate/Glints2/dict_0003_0049" 8309
"/Engine/EngineMaterials/Substrate/Glints2/dict_0003_0048" 8310
"/Engine/EngineMaterials/Substrate/Glints2/dict_0003_0047" 8311
"/Engine/EngineMaterials/Substrate/Glints2/dict_0003_0046" 8312
"/Engine/EngineMaterials/Substrate/Glints2/dict_0003_0045" 8313
"/Engine/EngineMaterials/Substrate/Glints2/dict_0003_0044" 8314
"/Engine/EngineMaterials/Substrate/Glints2/dict_0003_0043" 8315
"/Engine/EngineMaterials/Substrate/Glints2/dict_0003_0042" 8316
"/Engine/EngineMaterials/Substrate/Glints2/dict_0003_0041" 8317
"/Engine/EngineMaterials/Substrate/Glints2/dict_0003_0040" 8318
"../../../Engine/Content/EngineMaterials/Substrate/Glints2/dict_0003_0072.uasset" 8319
"/Engine/EngineMaterials/Substrate/Glints2/dict_0003_0071" 8320
"../../../Engine/Content/EngineMaterials/Substrate/Glints2/dict_0003_0073.uasset" 8321
"../../../Engine/Content/EngineMaterials/Substrate/Glints2/dict_0003_0074.uasset" 8322
"../../../Engine/Content/EngineMaterials/Substrate/Glints2/dict_0003_0075.uasset" 8323
"../../../Engine/Content/EngineMaterials/Substrate/Glints2/dict_0003_0076.uasset" 8324
"/Engine/EngineMaterials/Substrate/Glints2/dict_0003_0070" 8325
"../../../Engine/Content/EngineMaterials/Substrate/Glints2/dict_0003_0077.uasset" 8326
"../../../Engine/Content/EngineMaterials/Substrate/Glints2/dict_0003_0078.uasset" 8327
"../../../Engine/Content/EngineMaterials/Substrate/Glints2/dict_0003_0079.uasset" 8328
"../../../Engine/Content/EngineMaterials/Substrate/Glints2/dict_0003_0080.uasset" 8329
"../../../Engine/Content/EngineMaterials/Substrate/Glints2/dict_0003_0081.uasset" 8330
"../../../Engine/Content/EngineMaterials/Substrate/Glints2/dict_0003_0082.uasset" 8331
"../../../Engine/Content/EngineMaterials/Substrate/Glints2/dict_0003_0083.uasset" 8332
"/Engine/EngineMaterials/Substrate/Glints2/dict_0003_0069" 8333
"../../../Engine/Content/EngineMaterials/Substrate/Glints2/dict_0003_0084.uasset" 8334
"../../../Engine/Content/EngineMaterials/Substrate/Glints2/dict_0003_0085.uasset" 8335
"../../../Engine/Content/EngineMaterials/Substrate/Glints2/dict_0003_0086.uasset" 8336
"../../../Engine/Content/EngineMaterials/Substrate/Glints2/dict_0003_0087.uasset" 8337
"../../../Engine/Content/EngineMaterials/Substrate/Glints2/dict_0003_0088.uasset" 8338
"../../../Engine/Content/EngineMaterials/Substrate/Glints2/dict_0003_0089.uasset" 8339
"../../../Engine/Content/EngineMaterials/Substrate/Glints2/dict_0003_0090.uasset" 8340
"/Engine/EngineMaterials/Substrate/Glints2/dict_0003_0068" 8341
"../../../Engine/Content/EngineMaterials/Substrate/Glints2/dict_0003_0091.uasset" 8342
"../../../Engine/Content/EngineMaterials/Substrate/Glints2/dict_0003_0092.uasset" 8343
"../../../Engine/Content/EngineMaterials/Substrate/Glints2/dict_0003_0093.uasset" 8344
"../../../Engine/Content/EngineMaterials/Substrate/Glints2/dict_0003_0094.uasset" 8345
"../../../Engine/Content/EngineMaterials/Substrate/Glints2/dict_0003_0095.uasset" 8346
"/Engine/EngineMaterials/Substrate/Glints2/dict_0003_0067" 8347
"/Engine/EngineMaterials/Substrate/Glints2/dict_0003_0066" 8348
"/Engine/EngineMaterials/Substrate/Glints2/dict_0003_0065" 8349
"/Engine/EngineMaterials/Substrate/Glints2/dict_0003_0064" 8350
"../../../Engine/Content/EngineMaterials/Substrate/Glints2/dict_0003_0097.uasset" 8351
"../../../Engine/Content/EngineMaterials/Substrate/Glints2/dict_0003_0096.uasset" 8352
"/Engine/EngineMaterials/Substrate/Glints2/dict_0003_0095" 8353
"../../../Engine/Content/EngineMaterials/Substrate/Glints2/dict_0003_0098.uasset" 8354
"../../../Engine/Content/EngineMaterials/Substrate/Glints2/dict_0003_0099.uasset" 8355
"../../../Engine/Content/EngineMaterials/Substrate/Glints2/dict_0003_0100.uasset" 8356
"../../../Engine/Content/EngineMaterials/Substrate/Glints2/dict_0003_0101.uasset" 8357
"../../../Engine/Content/EngineMaterials/Substrate/Glints2/dict_0003_0102.uasset" 8358
"../../../Engine/Content/EngineMaterials/Substrate/Glints2/dict_0003_0103.uasset" 8359
"/Engine/EngineMaterials/Substrate/Glints2/dict_0003_0094" 8360
"/Engine/EngineMaterials/Substrate/Glints2/dict_0003_0093" 8361
"/Engine/EngineMaterials/Substrate/Glints2/dict_0003_0092" 8362
"/Engine/EngineMaterials/Substrate/Glints2/dict_0003_0091" 8363
"/Engine/EngineMaterials/Substrate/Glints2/dict_0003_0090" 8364
"/Engine/EngineMaterials/Substrate/Glints2/dict_0003_0089" 8365
"/Engine/EngineMaterials/Substrate/Glints2/dict_0003_0088" 8366
"/Engine/EngineMaterials/Substrate/Glints2/dict_0003_0087" 8367
"/Engine/EngineMaterials/Substrate/Glints2/dict_0003_0086" 8368
"/Engine/EngineMaterials/Substrate/Glints2/dict_0003_0085" 8369
"/Engine/EngineMaterials/Substrate/Glints2/dict_0003_0084" 8370
"/Engine/EngineMaterials/Substrate/Glints2/dict_0003_0083" 8371
"/Engine/EngineMaterials/Substrate/Glints2/dict_0003_0082" 8372
"/Engine/EngineMaterials/Substrate/Glints2/dict_0003_0081" 8373
"/Engine/EngineMaterials/Substrate/Glints2/dict_0003_0080" 8374
"/Engine/EngineMaterials/Substrate/Glints2/dict_0003_0079" 8375
"/Engine/EngineMaterials/Substrate/Glints2/dict_0003_0078" 8376
"/Engine/EngineMaterials/Substrate/Glints2/dict_0003_0077" 8377
"/Engine/EngineMaterials/Substrate/Glints2/dict_0003_0076" 8378
"/Engine/EngineMaterials/Substrate/Glints2/dict_0003_0075" 8379
"/Engine/EngineMaterials/Substrate/Glints2/dict_0003_0074" 8380
"/Engine/EngineMaterials/Substrate/Glints2/dict_0003_0073" 8381
"/Engine/EngineMaterials/Substrate/Glints2/dict_0003_0072" 8382
"../../../Engine/Content/EngineMaterials/Substrate/Glints2/dict_0003_0104.uasset" 8383
"../../../Engine/Content/EngineMaterials/Substrate/Glints2/dict_0003_0105.uasset" 8384
"../../../Engine/Content/EngineMaterials/Substrate/Glints2/dict_0003_0107.uasset" 8385
"../../../Engine/Content/EngineMaterials/Substrate/Glints2/dict_0003_0106.uasset" 8386
"../../../Engine/Content/EngineMaterials/Substrate/Glints2/dict_0003_0108.uasset" 8387
"../../../Engine/Content/EngineMaterials/Substrate/Glints2/dict_0003_0109.uasset" 8388
"/Engine/EngineMaterials/Substrate/Glints2/dict_0003_0103" 8389
"../../../Engine/Content/EngineMaterials/Substrate/Glints2/dict_0003_0110.uasset" 8390
"../../../Engine/Content/EngineMaterials/Substrate/Glints2/dict_0003_0111.uasset" 8391
"../../../Engine/Content/EngineMaterials/Substrate/Glints2/dict_0003_0112.uasset" 8392
"../../../Engine/Content/EngineMaterials/Substrate/Glints2/dict_0003_0114.uasset" 8393
"../../../Engine/Content/EngineMaterials/Substrate/Glints2/dict_0003_0113.uasset" 8394
"../../../Engine/Content/EngineMaterials/Substrate/Glints2/dict_0003_0115.uasset" 8395
"../../../Engine/Content/EngineMaterials/Substrate/Glints2/dict_0003_0116.uasset" 8396
"/Engine/EngineMaterials/Substrate/Glints2/dict_0003_0102" 8397
"../../../Engine/Content/EngineMaterials/Substrate/Glints2/dict_0003_0117.uasset" 8398
"../../../Engine/Content/EngineMaterials/Substrate/Glints2/dict_0003_0118.uasset" 8399
"../../../Engine/Content/EngineMaterials/Substrate/Glints2/dict_0003_0120.uasset" 8400
"../../../Engine/Content/EngineMaterials/Substrate/Glints2/dict_0003_0121.uasset" 8401
"../../../Engine/Content/EngineMaterials/Substrate/Glints2/dict_0003_0119.uasset" 8402
"../../../Engine/Content/EngineMaterials/Substrate/Glints2/dict_0003_0122.uasset" 8403
"../../../Engine/Content/EngineMaterials/Substrate/Glints2/dict_0003_0123.uasset" 8404
"../../../Engine/Content/EngineMaterials/Substrate/Glints2/dict_0003_0124.uasset" 8405
"/Engine/EngineMaterials/Substrate/Glints2/dict_0003_0101" 8406
"../../../Engine/Content/EngineMaterials/Substrate/Glints2/dict_0003_0125.uasset" 8407
"../../../Engine/Content/EngineMaterials/Substrate/Glints2/dict_0003_0127.uasset" 8408
"../../../Engine/Content/EngineMaterials/Substrate/Glints2/dict_0003_0126.uasset" 8409
"/Engine/EngineMaterials/Substrate/Glints2/dict_0003_0100" 8410
"/Engine/EngineMaterials/Substrate/Glints2/dict_0003_0099" 8411
"/Engine/EngineMaterials/Substrate/Glints2/dict_0003_0098" 8412
"/Engine/EngineMaterials/Substrate/Glints2/dict_0003_0097" 8413
"/Engine/EngineMaterials/Substrate/Glints2/dict_0003_0096" 8414
"/Engine/EngineMaterials/Substrate/Glints2/dict_0003_0107" 8415
"/Engine/EngineMaterials/Substrate/Glints2/dict_0003_0106" 8416
"/Engine/EngineMaterials/Substrate/Glints2/dict_0003_0105" 8417
"/Engine/EngineMaterials/Substrate/Glints2/dict_0003_0104" 8418
"/Engine/EngineMaterials/Substrate/Glints2/dict_0003_0127" 8419
"../../../Engine/Content/EngineMaterials/Substrate/Glints2/dict_0003_0128.uasset" 8420
"../../../Engine/Content/EngineMaterials/Substrate/Glints2/dict_0003_0129.uasset" 8421
"../../../Engine/Content/EngineMaterials/Substrate/Glints2/dict_0003_0131.uasset" 8422
"../../../Engine/Content/EngineMaterials/Substrate/Glints2/dict_0003_0130.uasset" 8423
"/Engine/EngineMaterials/Substrate/Glints2/dict_0003_0126" 8424
"../../../Engine/Content/EngineMaterials/Substrate/Glints2/dict_0003_0132.uasset" 8425
"../../../Engine/Content/EngineMaterials/Substrate/Glints2/dict_0003_0133.uasset" 8426
"../../../Engine/Content/EngineMaterials/Substrate/Glints2/dict_0003_0134.uasset" 8427
"../../../Engine/Content/EngineMaterials/Substrate/Glints2/dict_0003_0135.uasset" 8428
"../../../Engine/Content/EngineMaterials/Substrate/Glints2/dict_0003_0136.uasset" 8429
"/Engine/EngineMaterials/Substrate/Glints2/dict_0003_0125" 8430
"../../../Engine/Content/EngineMaterials/Substrate/Glints2/dict_0003_0137.uasset" 8431
"../../../Engine/Content/EngineMaterials/Substrate/Glints2/dict_0003_0138.uasset" 8432
"../../../Engine/Content/EngineMaterials/Substrate/Glints2/dict_0003_0139.uasset" 8433
"/Engine/EngineMaterials/Substrate/Glints2/dict_0003_0124" 8434
"/Engine/EngineMaterials/Substrate/Glints2/dict_0003_0123" 8435
"/Engine/EngineMaterials/Substrate/Glints2/dict_0003_0122" 8436
"/Engine/EngineMaterials/Substrate/Glints2/dict_0003_0121" 8437
"/Engine/EngineMaterials/Substrate/Glints2/dict_0003_0120" 8438
"/Engine/EngineMaterials/Substrate/Glints2/dict_0003_0119" 8439
"/Engine/EngineMaterials/Substrate/Glints2/dict_0003_0118" 8440
"/Engine/EngineMaterials/Substrate/Glints2/dict_0003_0117" 8441
"/Engine/EngineMaterials/Substrate/Glints2/dict_0003_0116" 8442
"/Engine/EngineMaterials/Substrate/Glints2/dict_0003_0115" 8443
"/Engine/EngineMaterials/Substrate/Glints2/dict_0003_0114" 8444
"/Engine/EngineMaterials/Substrate/Glints2/dict_0003_0113" 8445
"/Engine/EngineMaterials/Substrate/Glints2/dict_0003_0112" 8446
"/Engine/EngineMaterials/Substrate/Glints2/dict_0003_0111" 8447
"/Engine/EngineMaterials/Substrate/Glints2/dict_0003_0110" 8448
"/Engine/EngineMaterials/Substrate/Glints2/dict_0003_0109" 8449
"/Engine/EngineMaterials/Substrate/Glints2/dict_0003_0108" 8450
"/Engine/EngineMaterials/Substrate/Glints2/dict_0003_0139" 8451
"../../../Engine/Content/EngineMaterials/Substrate/Glints2/dict_0003_0140.uasset" 8452
"../../../Engine/Content/EngineMaterials/Substrate/Glints2/dict_0003_0141.uasset" 8453
"../../../Engine/Content/EngineMaterials/Substrate/Glints2/dict_0003_0142.uasset" 8454
"/Engine/EngineMaterials/Substrate/Glints2/dict_0003_0138" 8455
"../../../Engine/Content/EngineMaterials/Substrate/Glints2/dict_0003_0143.uasset" 8456
"../../../Engine/Content/EngineMaterials/Substrate/Glints2/dict_0003_0144.uasset" 8457
"/Engine/EngineMaterials/Substrate/Glints2/dict_0003_0137" 8458
"../../../Engine/Content/EngineMaterials/Substrate/Glints2/dict_0003_0145.uasset" 8459
"../../../Engine/Content/EngineMaterials/Substrate/Glints2/dict_0003_0146.uasset" 8460
"/Engine/EngineMaterials/Substrate/Glints2/dict_0003_0136" 8461
"../../../Engine/Content/EngineMaterials/Substrate/Glints2/dict_0003_0147.uasset" 8462
"../../../Engine/Content/EngineMaterials/Substrate/Glints2/dict_0003_0148.uasset" 8463
"../../../Engine/Content/EngineMaterials/Substrate/Glints2/dict_0003_0149.uasset" 8464
"/Engine/EngineMaterials/Substrate/Glints2/dict_0003_0135" 8465
"../../../Engine/Content/EngineMaterials/Substrate/Glints2/dict_0003_0150.uasset" 8466
"../../../Engine/Content/EngineMaterials/Substrate/Glints2/dict_0003_0151.uasset" 8467
"../../../Engine/Content/EngineMaterials/Substrate/Glints2/dict_0003_0152.uasset" 8468
"/Engine/EngineMaterials/Substrate/Glints2/dict_0003_0134" 8469
"../../../Engine/Content/EngineMaterials/Substrate/Glints2/dict_0003_0153.uasset" 8470
"../../../Engine/Content/EngineMaterials/Substrate/Glints2/dict_0003_0154.uasset" 8471
"../../../Engine/Content/EngineMaterials/Substrate/Glints2/dict_0003_0155.uasset" 8472
"/Engine/EngineMaterials/Substrate/Glints2/dict_0003_0133" 8473
"../../../Engine/Content/EngineMaterials/Substrate/Glints2/dict_0003_0156.uasset" 8474
"../../../Engine/Content/EngineMaterials/Substrate/Glints2/dict_0003_0157.uasset" 8475
"../../../Engine/Content/EngineMaterials/Substrate/Glints2/dict_0003_0158.uasset" 8476
"../../../Engine/Content/EngineMaterials/Substrate/Glints2/dict_0003_0159.uasset" 8477
"/Engine/EngineMaterials/Substrate/Glints2/dict_0003_0132" 8478
"/Engine/EngineMaterials/Substrate/Glints2/dict_0003_0131" 8479
"/Engine/EngineMaterials/Substrate/Glints2/dict_0003_0130" 8480
"/Engine/EngineMaterials/Substrate/Glints2/dict_0003_0129" 8481
"/Engine/EngineMaterials/Substrate/Glints2/dict_0003_0128" 8482
"../../../Engine/Content/EngineMaterials/Substrate/Glints2/dict_0003_0160.uasset" 8483
"/Engine/EngineMaterials/Substrate/Glints2/dict_0003_0159" 8484
"../../../Engine/Content/EngineMaterials/Substrate/Glints2/dict_0003_0161.uasset" 8485
"../../../Engine/Content/EngineMaterials/Substrate/Glints2/dict_0003_0162.uasset" 8486
"../../../Engine/Content/EngineMaterials/Substrate/Glints2/dict_0003_0163.uasset" 8487
"../../../Engine/Content/EngineMaterials/Substrate/Glints2/dict_0003_0164.uasset" 8488
"/Engine/EngineMaterials/Substrate/Glints2/dict_0003_0158" 8489
"../../../Engine/Content/EngineMaterials/Substrate/Glints2/dict_0003_0165.uasset" 8490
"../../../Engine/Content/EngineMaterials/Substrate/Glints2/dict_0003_0166.uasset" 8491
"../../../Engine/Content/EngineMaterials/Substrate/Glints2/dict_0003_0167.uasset" 8492
"/Engine/EngineMaterials/Substrate/Glints2/dict_0003_0157" 8493
"../../../Engine/Content/EngineMaterials/Substrate/Glints2/dict_0003_0168.uasset" 8494
"../../../Engine/Content/EngineMaterials/Substrate/Glints2/dict_0003_0169.uasset" 8495
"../../../Engine/Content/EngineMaterials/Substrate/Glints2/dict_0003_0170.uasset" 8496
"../../../Engine/Content/EngineMaterials/Substrate/Glints2/dict_0003_0171.uasset" 8497
"/Engine/EngineMaterials/Substrate/Glints2/dict_0003_0156" 8498
"/Engine/EngineMaterials/Substrate/Glints2/dict_0003_0155" 8499
"/Engine/EngineMaterials/Substrate/Glints2/dict_0003_0154" 8500
"/Engine/EngineMaterials/Substrate/Glints2/dict_0003_0153" 8501
"/Engine/EngineMaterials/Substrate/Glints2/dict_0003_0152" 8502
"/Engine/EngineMaterials/Substrate/Glints2/dict_0003_0151" 8503
"/Engine/EngineMaterials/Substrate/Glints2/dict_0003_0150" 8504
"/Engine/EngineMaterials/Substrate/Glints2/dict_0003_0149" 8505
"/Engine/EngineMaterials/Substrate/Glints2/dict_0003_0148" 8506
"/Engine/EngineMaterials/Substrate/Glints2/dict_0003_0147" 8507
"/Engine/EngineMaterials/Substrate/Glints2/dict_0003_0146" 8508
"/Engine/EngineMaterials/Substrate/Glints2/dict_0003_0145" 8509
"/Engine/EngineMaterials/Substrate/Glints2/dict_0003_0144" 8510
"/Engine/EngineMaterials/Substrate/Glints2/dict_0003_0143" 8511
"/Engine/EngineMaterials/Substrate/Glints2/dict_0003_0142" 8512
"/Engine/EngineMaterials/Substrate/Glints2/dict_0003_0141" 8513
"/Engine/EngineMaterials/Substrate/Glints2/dict_0003_0140" 8514
"/Engine/EngineMaterials/Substrate/Glints2/dict_0003_0160" 8515
"../../../Engine/Content/EngineMaterials/Substrate/Glints2/dict_0003_0172.uasset" 8516
"/Engine/EngineMaterials/Substrate/Glints2/dict_0003_0171" 8517
"../../../Engine/Content/EngineMaterials/Substrate/Glints2/dict_0003_0173.uasset" 8518
"../../../Engine/Content/EngineMaterials/Substrate/Glints2/dict_0003_0174.uasset" 8519
"../../../Engine/Content/EngineMaterials/Substrate/Glints2/dict_0003_0175.uasset" 8520
"../../../Engine/Content/EngineMaterials/Substrate/Glints2/dict_0003_0176.uasset" 8521
"/Engine/EngineMaterials/Substrate/Glints2/dict_0003_0170" 8522
"../../../Engine/Content/EngineMaterials/Substrate/Glints2/dict_0003_0177.uasset" 8523
"../../../Engine/Content/EngineMaterials/Substrate/Glints2/dict_0003_0178.uasset" 8524
"../../../Engine/Content/EngineMaterials/Substrate/Glints2/dict_0003_0179.uasset" 8525
"/Engine/EngineMaterials/Substrate/Glints2/dict_0003_0169" 8526
"../../../Engine/Content/EngineMaterials/Substrate/Glints2/dict_0003_0180.uasset" 8527
"../../../Engine/Content/EngineMaterials/Substrate/Glints2/dict_0003_0181.uasset" 8528
"../../../Engine/Content/EngineMaterials/Substrate/Glints2/dict_0003_0182.uasset" 8529
"../../../Engine/Content/EngineMaterials/Substrate/Glints2/dict_0003_0183.uasset" 8530
"/Engine/EngineMaterials/Substrate/Glints2/dict_0003_0168" 8531
"../../../Engine/Content/EngineMaterials/Substrate/Glints2/dict_0003_0184.uasset" 8532
"../../../Engine/Content/EngineMaterials/Substrate/Glints2/dict_0003_0185.uasset" 8533
"../../../Engine/Content/EngineMaterials/Substrate/Glints2/dict_0003_0186.uasset" 8534
"/Engine/EngineMaterials/Substrate/Glints2/dict_0003_0167" 8535
"../../../Engine/Content/EngineMaterials/Substrate/Glints2/dict_0003_0187.uasset" 8536
"../../../Engine/Content/EngineMaterials/Substrate/Glints2/dict_0003_0188.uasset" 8537
"../../../Engine/Content/EngineMaterials/Substrate/Glints2/dict_0003_0189.uasset" 8538
"/Engine/EngineMaterials/Substrate/Glints2/dict_0003_0166" 8539
"../../../Engine/Content/EngineMaterials/Substrate/Glints2/dict_0003_0190.uasset" 8540
"../../../Engine/Content/EngineMaterials/Substrate/Glints2/dict_0003_0191.uasset" 8541
"../../../Engine/Content/EngineMaterials/Substrate/Glints2/dict_0003_0192.uasset" 8542
"/Engine/EngineMaterials/Substrate/Glints2/dict_0003_0165" 8543
"/Engine/EngineMaterials/Substrate/Glints2/dict_0003_0164" 8544
"/Engine/EngineMaterials/Substrate/Glints2/dict_0003_0163" 8545
"/Engine/EngineMaterials/Substrate/Glints2/dict_0003_0162" 8546
"/Engine/EngineMaterials/Substrate/Glints2/dict_0003_0161" 8547
"../../../Engine/Content/EngineMaterials/Substrate/Glints2/dict_0003_0193.uasset" 8548
"/Engine/EngineMaterials/Substrate/Glints2/dict_0003_0192" 8549
"../../../Engine/Content/EngineMaterials/Substrate/Glints2/dict_0003_0194.uasset" 8550
"../../../Engine/Content/EngineMaterials/Substrate/Glints2/dict_0003_0195.uasset" 8551
"../../../Engine/Content/EngineMaterials/Substrate/Glints2/dict_0003_0196.uasset" 8552
"../../../Engine/Content/EngineMaterials/Substrate/Glints2/dict_0003_0197.uasset" 8553
"/Engine/EngineMaterials/Substrate/Glints2/dict_0003_0191" 8554
"../../../Engine/Content/EngineMaterials/Substrate/Glints2/dict_0003_0198.uasset" 8555
"../../../Engine/Content/EngineMaterials/Substrate/Glints2/dict_0003_0199.uasset" 8556
"../../../Engine/Content/EngineMaterials/Substrate/Glints2/dict_0003_0200.uasset" 8557
"../../../Engine/Content/EngineMaterials/Substrate/Glints2/dict_0003_0201.uasset" 8558
"/Engine/EngineMaterials/Substrate/Glints2/dict_0003_0190" 8559
"../../../Engine/Content/EngineMaterials/Substrate/Glints2/dict_0003_0202.uasset" 8560
"../../../Engine/Content/EngineMaterials/Substrate/Glints2/dict_0003_0203.uasset" 8561
"/Engine/EngineMaterials/Substrate/Glints2/dict_0003_0189" 8562
"/Engine/EngineMaterials/Substrate/Glints2/dict_0003_0188" 8563
"/Engine/EngineMaterials/Substrate/Glints2/dict_0003_0187" 8564
"/Engine/EngineMaterials/Substrate/Glints2/dict_0003_0186" 8565
"/Engine/EngineMaterials/Substrate/Glints2/dict_0003_0185" 8566
"/Engine/EngineMaterials/Substrate/Glints2/dict_0003_0184" 8567
"/Engine/EngineMaterials/Substrate/Glints2/dict_0003_0183" 8568
"/Engine/EngineMaterials/Substrate/Glints2/dict_0003_0182" 8569
"/Engine/EngineMaterials/Substrate/Glints2/dict_0003_0181" 8570
"/Engine/EngineMaterials/Substrate/Glints2/dict_0003_0180" 8571
"/Engine/EngineMaterials/Substrate/Glints2/dict_0003_0179" 8572
"/Engine/EngineMaterials/Substrate/Glints2/dict_0003_0178" 8573
"/Engine/EngineMaterials/Substrate/Glints2/dict_0003_0177" 8574
"/Engine/EngineMaterials/Substrate/Glints2/dict_0003_0176" 8575
"/Engine/EngineMaterials/Substrate/Glints2/dict_0003_0175" 8576
"/Engine/EngineMaterials/Substrate/Glints2/dict_0003_0174" 8577
"/Engine/EngineMaterials/Substrate/Glints2/dict_0003_0173" 8578
"/Engine/EngineMaterials/Substrate/Glints2/dict_0003_0172" 8579
"../../../Engine/Content/EngineMaterials/Substrate/Glints2/dict_0003_0204.uasset" 8580
"/Engine/EngineMaterials/Substrate/Glints2/dict_0003_0203" 8581
"../../../Engine/Content/EngineMaterials/Substrate/Glints2/dict_0003_0205.uasset" 8582
"../../../Engine/Content/EngineMaterials/Substrate/Glints2/dict_0003_0206.uasset" 8583
"../../../Engine/Content/EngineMaterials/Substrate/Glints2/dict_0003_0207.uasset" 8584
"/Engine/EngineMaterials/Substrate/Glints2/dict_0003_0202" 8585
"../../../Engine/Content/EngineMaterials/Substrate/Glints2/dict_0003_0208.uasset" 8586
"../../../Engine/Content/EngineMaterials/Substrate/Glints2/dict_0003_0209.uasset" 8587
"../../../Engine/Content/EngineMaterials/Substrate/Glints2/dict_0003_0210.uasset" 8588
"../../../Engine/Content/EngineMaterials/Substrate/Glints2/dict_0003_0212.uasset" 8589
"/Engine/EngineMaterials/Substrate/Glints2/dict_0003_0201" 8590
"../../../Engine/Content/EngineMaterials/Substrate/Glints2/dict_0003_0211.uasset" 8591
"../../../Engine/Content/EngineMaterials/Substrate/Glints2/dict_0003_0213.uasset" 8592
"../../../Engine/Content/EngineMaterials/Substrate/Glints2/dict_0003_0214.uasset" 8593
"../../../Engine/Content/EngineMaterials/Substrate/Glints2/dict_0003_0215.uasset" 8594
"../../../Engine/Content/EngineMaterials/Substrate/Glints2/dict_0003_0216.uasset" 8595
"/Engine/EngineMaterials/Substrate/Glints2/dict_0003_0200" 8596
"../../../Engine/Content/EngineMaterials/Substrate/Glints2/dict_0003_0218.uasset" 8597
"../../../Engine/Content/EngineMaterials/Substrate/Glints2/dict_0003_0217.uasset" 8598
"../../../Engine/Content/EngineMaterials/Substrate/Glints2/dict_0003_0219.uasset" 8599
"../../../Engine/Content/EngineMaterials/Substrate/Glints2/dict_0003_0220.uasset" 8600
"../../../Engine/Content/EngineMaterials/Substrate/Glints2/dict_0003_0221.uasset" 8601
"/Engine/EngineMaterials/Substrate/Glints2/dict_0003_0199" 8602
"../../../Engine/Content/EngineMaterials/Substrate/Glints2/dict_0003_0223.uasset" 8603
"../../../Engine/Content/EngineMaterials/Substrate/Glints2/dict_0003_0222.uasset" 8604
"../../../Engine/Content/EngineMaterials/Substrate/Glints2/dict_0003_0224.uasset" 8605
"/Engine/EngineMaterials/Substrate/Glints2/dict_0003_0198" 8606
"/Engine/EngineMaterials/Substrate/Glints2/dict_0003_0197" 8607
"/Engine/EngineMaterials/Substrate/Glints2/dict_0003_0196" 8608
"/Engine/EngineMaterials/Substrate/Glints2/dict_0003_0195" 8609
"/Engine/EngineMaterials/Substrate/Glints2/dict_0003_0194" 8610
"/Engine/EngineMaterials/Substrate/Glints2/dict_0003_0193" 8611
"../../../Engine/Content/EngineMaterials/Substrate/Glints2/dict_0003_0225.uasset" 8612
"../../../Engine/Content/EngineMaterials/Substrate/Glints2/dict_0003_0226.uasset" 8613
"/Engine/EngineMaterials/Substrate/Glints2/dict_0003_0224" 8614
"../../../Engine/Content/EngineMaterials/Substrate/Glints2/dict_0003_0228.uasset" 8615
"../../../Engine/Content/EngineMaterials/Substrate/Glints2/dict_0003_0227.uasset" 8616
"../../../Engine/Content/EngineMaterials/Substrate/Glints2/dict_0003_0229.uasset" 8617
"../../../Engine/Content/EngineMaterials/Substrate/Glints2/dict_0003_0230.uasset" 8618
"../../../Engine/Content/EngineMaterials/Substrate/Glints2/dict_0003_0232.uasset" 8619
"../../../Engine/Content/EngineMaterials/Substrate/Glints2/dict_0003_0231.uasset" 8620
"../../../Engine/Content/EngineMaterials/Substrate/Glints2/dict_0003_0233.uasset" 8621
"/Engine/EngineMaterials/Substrate/Glints2/dict_0003_0223" 8622
"../../../Engine/Content/EngineMaterials/Substrate/Glints2/dict_0003_0234.uasset" 8623
"../../../Engine/Content/EngineMaterials/Substrate/Glints2/dict_0003_0235.uasset" 8624
"/Engine/EngineMaterials/Substrate/Glints2/dict_0003_0222" 8625
"/Engine/EngineMaterials/Substrate/Glints2/dict_0003_0221" 8626
"/Engine/EngineMaterials/Substrate/Glints2/dict_0003_0220" 8627
"/Engine/EngineMaterials/Substrate/Glints2/dict_0003_0219" 8628
"/Engine/EngineMaterials/Substrate/Glints2/dict_0003_0218" 8629
"/Engine/EngineMaterials/Substrate/Glints2/dict_0003_0217" 8630
"/Engine/EngineMaterials/Substrate/Glints2/dict_0003_0216" 8631
"/Engine/EngineMaterials/Substrate/Glints2/dict_0003_0215" 8632
"/Engine/EngineMaterials/Substrate/Glints2/dict_0003_0214" 8633
"/Engine/EngineMaterials/Substrate/Glints2/dict_0003_0213" 8634
"/Engine/EngineMaterials/Substrate/Glints2/dict_0003_0212" 8635
"/Engine/EngineMaterials/Substrate/Glints2/dict_0003_0211" 8636
"/Engine/EngineMaterials/Substrate/Glints2/dict_0003_0210" 8637
"/Engine/EngineMaterials/Substrate/Glints2/dict_0003_0209" 8638
"/Engine/EngineMaterials/Substrate/Glints2/dict_0003_0208" 8639
"/Engine/EngineMaterials/Substrate/Glints2/dict_0003_0207" 8640
"/Engine/EngineMaterials/Substrate/Glints2/dict_0003_0206" 8641
"/Engine/EngineMaterials/Substrate/Glints2/dict_0003_0205" 8642
"/Engine/EngineMaterials/Substrate/Glints2/dict_0003_0204" 8643
"/Engine/EngineMaterials/Substrate/Glints2/dict_0003_0235" 8644
"../../../Engine/Content/EngineMaterials/Substrate/Glints2/dict_0003_0236.uasset" 8645
"../../../Engine/Content/EngineMaterials/Substrate/Glints2/dict_0003_0238.uasset" 8646
"../../../Engine/Content/EngineMaterials/Substrate/Glints2/dict_0003_0239.uasset" 8647
"/Engine/EngineMaterials/Substrate/Glints2/dict_0003_0234" 8648
"../../../Engine/Content/EngineMaterials/Substrate/Glints2/dict_0003_0240.uasset" 8649
"../../../Engine/Content/EngineMaterials/Substrate/Glints2/dict_0003_0237.uasset" 8650
"../../../Engine/Content/EngineMaterials/Substrate/Glints2/dict_0003_0241.uasset" 8651
"../../../Engine/Content/EngineMaterials/Substrate/Glints2/dict_0003_0242.uasset" 8652
"../../../Engine/Content/EngineMaterials/Substrate/Glints2/dict_0003_0243.uasset" 8653
"../../../Engine/Content/EngineMaterials/Substrate/Glints2/dict_0003_0244.uasset" 8654
"../../../Engine/Content/EngineMaterials/Substrate/Glints2/dict_0003_0245.uasset" 8655
"/Engine/EngineMaterials/Substrate/Glints2/dict_0003_0233" 8656
"../../../Engine/Content/EngineMaterials/Substrate/Glints2/dict_0003_0246.uasset" 8657
"../../../Engine/Content/EngineMaterials/Substrate/Glints2/dict_0003_0247.uasset" 8658
"../../../Engine/Content/EngineMaterials/Substrate/Glints2/dict_0003_0248.uasset" 8659
"/Engine/EngineMaterials/Substrate/Glints2/dict_0003_0232" 8660
"../../../Engine/Content/EngineMaterials/Substrate/Glints2/dict_0003_0249.uasset" 8661
"../../../Engine/Content/EngineMaterials/Substrate/Glints2/dict_0003_0250.uasset" 8662
"/Engine/EngineMaterials/Substrate/Glints2/dict_0003_0231" 8663
"/Engine/EngineMaterials/Substrate/Glints2/dict_0003_0230" 8664
"../../../Engine/Content/EngineMaterials/Substrate/Glints2/dict_0003_0251.uasset" 8665
"../../../Engine/Content/EngineMaterials/Substrate/Glints2/dict_0003_0253.uasset" 8666
"../../../Engine/Content/EngineMaterials/Substrate/Glints2/dict_0003_0254.uasset" 8667
"../../../Engine/Content/EngineMaterials/Substrate/Glints2/dict_0003_0252.uasset" 8668
"/Engine/EngineMaterials/Substrate/Glints2/dict_0003_0229" 8669
"../../../Engine/Content/EngineMaterials/Substrate/Glints2/dict_0003_0255.uasset" 8670
"../../../Engine/Content/EngineMaterials/Substrate/Glints2/dict_0004_0000.uasset" 8671
"/Engine/EngineMaterials/Substrate/Glints2/dict_0003_0228" 8672
"/Engine/EngineMaterials/Substrate/Glints2/dict_0003_0227" 8673
"/Engine/EngineMaterials/Substrate/Glints2/dict_0003_0226" 8674
"/Engine/EngineMaterials/Substrate/Glints2/dict_0003_0225" 8675
"../../../Engine/Content/EngineMaterials/Substrate/Glints2/dict_0004_0001.uasset" 8676
"../../../Engine/Content/EngineMaterials/Substrate/Glints2/dict_0004_0002.uasset" 8677
"/Engine/EngineMaterials/Substrate/Glints2/dict_0004_0000" 8678
"../../../Engine/Content/EngineMaterials/Substrate/Glints2/dict_0004_0003.uasset" 8679
"../../../Engine/Content/EngineMaterials/Substrate/Glints2/dict_0004_0004.uasset" 8680
"../../../Engine/Content/EngineMaterials/Substrate/Glints2/dict_0004_0005.uasset" 8681
"../../../Engine/Content/EngineMaterials/Substrate/Glints2/dict_0004_0006.uasset" 8682
"../../../Engine/Content/EngineMaterials/Substrate/Glints2/dict_0004_0007.uasset" 8683
"/Engine/EngineMaterials/Substrate/Glints2/dict_0003_0255" 8684
"../../../Engine/Content/EngineMaterials/Substrate/Glints2/dict_0004_0008.uasset" 8685
"../../../Engine/Content/EngineMaterials/Substrate/Glints2/dict_0004_0009.uasset" 8686
"../../../Engine/Content/EngineMaterials/Substrate/Glints2/dict_0004_0010.uasset" 8687
"../../../Engine/Content/EngineMaterials/Substrate/Glints2/dict_0004_0011.uasset" 8688
"/Engine/EngineMaterials/Substrate/Glints2/dict_0003_0254" 8689
"/Engine/EngineMaterials/Substrate/Glints2/dict_0003_0253" 8690
"/Engine/EngineMaterials/Substrate/Glints2/dict_0003_0252" 8691
"/Engine/EngineMaterials/Substrate/Glints2/dict_0003_0251" 8692
"/Engine/EngineMaterials/Substrate/Glints2/dict_0003_0250" 8693
"/Engine/EngineMaterials/Substrate/Glints2/dict_0003_0249" 8694
"/Engine/EngineMaterials/Substrate/Glints2/dict_0003_0248" 8695
"/Engine/EngineMaterials/Substrate/Glints2/dict_0003_0247" 8696
"/Engine/EngineMaterials/Substrate/Glints2/dict_0003_0246" 8697
"/Engine/EngineMaterials/Substrate/Glints2/dict_0003_0245" 8698
"/Engine/EngineMaterials/Substrate/Glints2/dict_0003_0244" 8699
"/Engine/EngineMaterials/Substrate/Glints2/dict_0003_0243" 8700
"/Engine/EngineMaterials/Substrate/Glints2/dict_0003_0242" 8701
"/Engine/EngineMaterials/Substrate/Glints2/dict_0003_0241" 8702
"/Engine/EngineMaterials/Substrate/Glints2/dict_0003_0240" 8703
"/Engine/EngineMaterials/Substrate/Glints2/dict_0003_0239" 8704
"/Engine/EngineMaterials/Substrate/Glints2/dict_0003_0238" 8705
"/Engine/EngineMaterials/Substrate/Glints2/dict_0003_0237" 8706
"/Engine/EngineMaterials/Substrate/Glints2/dict_0003_0236" 8707
"../../../Engine/Content/EngineMaterials/Substrate/Glints2/dict_0004_0012.uasset" 8708
"../../../Engine/Content/EngineMaterials/Substrate/Glints2/dict_0004_0013.uasset" 8709
"/Engine/EngineMaterials/Substrate/Glints2/dict_0004_0011" 8710
"../../../Engine/Content/EngineMaterials/Substrate/Glints2/dict_0004_0015.uasset" 8711
"../../../Engine/Content/EngineMaterials/Substrate/Glints2/dict_0004_0014.uasset" 8712
"../../../Engine/Content/EngineMaterials/Substrate/Glints2/dict_0004_0016.uasset" 8713
"../../../Engine/Content/EngineMaterials/Substrate/Glints2/dict_0004_0017.uasset" 8714
"../../../Engine/Content/EngineMaterials/Substrate/Glints2/dict_0004_0018.uasset" 8715
"/Engine/EngineMaterials/Substrate/Glints2/dict_0004_0010" 8716
"../../../Engine/Content/EngineMaterials/Substrate/Glints2/dict_0004_0019.uasset" 8717
"../../../Engine/Content/EngineMaterials/Substrate/Glints2/dict_0004_0020.uasset" 8718
"../../../Engine/Content/EngineMaterials/Substrate/Glints2/dict_0004_0021.uasset" 8719
"../../../Engine/Content/EngineMaterials/Substrate/Glints2/dict_0004_0022.uasset" 8720
"../../../Engine/Content/EngineMaterials/Substrate/Glints2/dict_0004_0023.uasset" 8721
"../../../Engine/Content/EngineMaterials/Substrate/Glints2/dict_0004_0024.uasset" 8722
"../../../Engine/Content/EngineMaterials/Substrate/Glints2/dict_0004_0025.uasset" 8723
"/Engine/EngineMaterials/Substrate/Glints2/dict_0004_0009" 8724
"../../../Engine/Content/EngineMaterials/Substrate/Glints2/dict_0004_0026.uasset" 8725
"../../../Engine/Content/EngineMaterials/Substrate/Glints2/dict_0004_0027.uasset" 8726
"../../../Engine/Content/EngineMaterials/Substrate/Glints2/dict_0004_0028.uasset" 8727
"../../../Engine/Content/EngineMaterials/Substrate/Glints2/dict_0004_0029.uasset" 8728
"../../../Engine/Content/EngineMaterials/Substrate/Glints2/dict_0004_0030.uasset" 8729
"../../../Engine/Content/EngineMaterials/Substrate/Glints2/dict_0004_0031.uasset" 8730
"../../../Engine/Content/EngineMaterials/Substrate/Glints2/dict_0004_0032.uasset" 8731
"/Engine/EngineMaterials/Substrate/Glints2/dict_0004_0008" 8732
"/Engine/EngineMaterials/Substrate/Glints2/dict_0004_0007" 8733
"/Engine/EngineMaterials/Substrate/Glints2/dict_0004_0006" 8734
"/Engine/EngineMaterials/Substrate/Glints2/dict_0004_0005" 8735
"/Engine/EngineMaterials/Substrate/Glints2/dict_0004_0004" 8736
"/Engine/EngineMaterials/Substrate/Glints2/dict_0004_0003" 8737
"/Engine/EngineMaterials/Substrate/Glints2/dict_0004_0002" 8738
"/Engine/EngineMaterials/Substrate/Glints2/dict_0004_0001" 8739
"../../../Engine/Content/EngineMaterials/Substrate/Glints2/dict_0004_0033.uasset" 8740
"../../../Engine/Content/EngineMaterials/Substrate/Glints2/dict_0004_0034.uasset" 8741
"../../../Engine/Content/EngineMaterials/Substrate/Glints2/dict_0004_0035.uasset" 8742
"../../../Engine/Content/EngineMaterials/Substrate/Glints2/dict_0004_0036.uasset" 8743
"/Engine/EngineMaterials/Substrate/Glints2/dict_0004_0032" 8744
"../../../Engine/Content/EngineMaterials/Substrate/Glints2/dict_0004_0037.uasset" 8745
"../../../Engine/Content/EngineMaterials/Substrate/Glints2/dict_0004_0038.uasset" 8746
"../../../Engine/Content/EngineMaterials/Substrate/Glints2/dict_0004_0039.uasset" 8747
"../../../Engine/Content/EngineMaterials/Substrate/Glints2/dict_0004_0040.uasset" 8748
"../../../Engine/Content/EngineMaterials/Substrate/Glints2/dict_0004_0041.uasset" 8749
"../../../Engine/Content/EngineMaterials/Substrate/Glints2/dict_0004_0042.uasset" 8750
"/Engine/EngineMaterials/Substrate/Glints2/dict_0004_0031" 8751
"../../../Engine/Content/EngineMaterials/Substrate/Glints2/dict_0004_0043.uasset" 8752
"/Engine/EngineMaterials/Substrate/Glints2/dict_0004_0030" 8753
"/Engine/EngineMaterials/Substrate/Glints2/dict_0004_0029" 8754
"/Engine/EngineMaterials/Substrate/Glints2/dict_0004_0028" 8755
"/Engine/EngineMaterials/Substrate/Glints2/dict_0004_0027" 8756
"/Engine/EngineMaterials/Substrate/Glints2/dict_0004_0026" 8757
"/Engine/EngineMaterials/Substrate/Glints2/dict_0004_0025" 8758
"/Engine/EngineMaterials/Substrate/Glints2/dict_0004_0024" 8759
"/Engine/EngineMaterials/Substrate/Glints2/dict_0004_0023" 8760
"/Engine/EngineMaterials/Substrate/Glints2/dict_0004_0022" 8761
"/Engine/EngineMaterials/Substrate/Glints2/dict_0004_0021" 8762
"/Engine/EngineMaterials/Substrate/Glints2/dict_0004_0020" 8763
"/Engine/EngineMaterials/Substrate/Glints2/dict_0004_0019" 8764
"/Engine/EngineMaterials/Substrate/Glints2/dict_0004_0018" 8765
"/Engine/EngineMaterials/Substrate/Glints2/dict_0004_0017" 8766
"/Engine/EngineMaterials/Substrate/Glints2/dict_0004_0016" 8767
"/Engine/EngineMaterials/Substrate/Glints2/dict_0004_0015" 8768
"/Engine/EngineMaterials/Substrate/Glints2/dict_0004_0014" 8769
"/Engine/EngineMaterials/Substrate/Glints2/dict_0004_0013" 8770
"/Engine/EngineMaterials/Substrate/Glints2/dict_0004_0034" 8771
"/Engine/EngineMaterials/Substrate/Glints2/dict_0004_0033" 8772
"/Engine/EngineMaterials/Substrate/Glints2/dict_0004_0012" 8773
"../../../Engine/Content/EngineMaterials/Substrate/Glints2/dict_0004_0045.uasset" 8774
"../../../Engine/Content/EngineMaterials/Substrate/Glints2/dict_0004_0044.uasset" 8775
"../../../Engine/Content/EngineMaterials/Substrate/Glints2/dict_0004_0046.uasset" 8776
"../../../Engine/Content/EngineMaterials/Substrate/Glints2/dict_0004_0047.uasset" 8777
"../../../Engine/Content/EngineMaterials/Substrate/Glints2/dict_0004_0048.uasset" 8778
"../../../Engine/Content/EngineMaterials/Substrate/Glints2/dict_0004_0049.uasset" 8779
"/Engine/EngineMaterials/Substrate/Glints2/dict_0004_0043" 8780
"../../../Engine/Content/EngineMaterials/Substrate/Glints2/dict_0004_0050.uasset" 8781
"/Engine/EngineMaterials/Substrate/Glints2/dict_0004_0042" 8782
"../../../Engine/Content/EngineMaterials/Substrate/Glints2/dict_0004_0051.uasset" 8783
"../../../Engine/Content/EngineMaterials/Substrate/Glints2/dict_0004_0052.uasset" 8784
"../../../Engine/Content/EngineMaterials/Substrate/Glints2/dict_0004_0053.uasset" 8785
"/Engine/EngineMaterials/Substrate/Glints2/dict_0004_0041" 8786
"../../../Engine/Content/EngineMaterials/Substrate/Glints2/dict_0004_0055.uasset" 8787
"../../../Engine/Content/EngineMaterials/Substrate/Glints2/dict_0004_0054.uasset" 8788
"../../../Engine/Content/EngineMaterials/Substrate/Glints2/dict_0004_0057.uasset" 8789
"../../../Engine/Content/EngineMaterials/Substrate/Glints2/dict_0004_0056.uasset" 8790
"../../../Engine/Content/EngineMaterials/Substrate/Glints2/dict_0004_0058.uasset" 8791
"../../../Engine/Content/EngineMaterials/Substrate/Glints2/dict_0004_0059.uasset" 8792
"../../../Engine/Content/EngineMaterials/Substrate/Glints2/dict_0004_0060.uasset" 8793
"../../../Engine/Content/EngineMaterials/Substrate/Glints2/dict_0004_0061.uasset" 8794
"/Engine/EngineMaterials/Substrate/Glints2/dict_0004_0040" 8795
"../../../Engine/Content/EngineMaterials/Substrate/Glints2/dict_0004_0062.uasset" 8796
"../../../Engine/Content/EngineMaterials/Substrate/Glints2/dict_0004_0063.uasset" 8797
"../../../Engine/Content/EngineMaterials/Substrate/Glints2/dict_0004_0064.uasset" 8798
"../../../Engine/Content/EngineMaterials/Substrate/Glints2/dict_0004_0065.uasset" 8799
"../../../Engine/Content/EngineMaterials/Substrate/Glints2/dict_0004_0066.uasset" 8800
"/Engine/EngineMaterials/Substrate/Glints2/dict_0004_0039" 8801
"/Engine/EngineMaterials/Substrate/Glints2/dict_0004_0038" 8802
"/Engine/EngineMaterials/Substrate/Glints2/dict_0004_0037" 8803
"/Engine/EngineMaterials/Substrate/Glints2/dict_0004_0036" 8804
"/Engine/EngineMaterials/Substrate/Glints2/dict_0004_0049" 8805
"/Engine/EngineMaterials/Substrate/Glints2/dict_0004_0048" 8806
"/Engine/EngineMaterials/Substrate/Glints2/dict_0004_0047" 8807
"/Engine/EngineMaterials/Substrate/Glints2/dict_0004_0035" 8808
"/Engine/EngineMaterials/Substrate/Glints2/dict_0004_0046" 8809
"/Engine/EngineMaterials/Substrate/Glints2/dict_0004_0045" 8810
"/Engine/EngineMaterials/Substrate/Glints2/dict_0004_0044" 8811
"../../../Engine/Content/EngineMaterials/Substrate/Glints2/dict_0004_0068.uasset" 8812
"../../../Engine/Content/EngineMaterials/Substrate/Glints2/dict_0004_0067.uasset" 8813
"/Engine/EngineMaterials/Substrate/Glints2/dict_0004_0066" 8814
"../../../Engine/Content/EngineMaterials/Substrate/Glints2/dict_0004_0070.uasset" 8815
"../../../Engine/Content/EngineMaterials/Substrate/Glints2/dict_0004_0069.uasset" 8816
"../../../Engine/Content/EngineMaterials/Substrate/Glints2/dict_0004_0071.uasset" 8817
"../../../Engine/Content/EngineMaterials/Substrate/Glints2/dict_0004_0072.uasset" 8818
"../../../Engine/Content/EngineMaterials/Substrate/Glints2/dict_0004_0073.uasset" 8819
"../../../Engine/Content/EngineMaterials/Substrate/Glints2/dict_0004_0074.uasset" 8820
"../../../Engine/Content/EngineMaterials/Substrate/Glints2/dict_0004_0075.uasset" 8821
"../../../Engine/Content/EngineMaterials/Substrate/Glints2/dict_0004_0076.uasset" 8822
"/Engine/EngineMaterials/Substrate/Glints2/dict_0004_0065" 8823
"../../../Engine/Content/EngineMaterials/Substrate/Glints2/dict_0004_0077.uasset" 8824
"../../../Engine/Content/EngineMaterials/Substrate/Glints2/dict_0004_0079.uasset" 8825
"../../../Engine/Content/EngineMaterials/Substrate/Glints2/dict_0004_0078.uasset" 8826
"../../../Engine/Content/EngineMaterials/Substrate/Glints2/dict_0004_0080.uasset" 8827
"../../../Engine/Content/EngineMaterials/Substrate/Glints2/dict_0004_0081.uasset" 8828
"/Engine/EngineMaterials/Substrate/Glints2/dict_0004_0064" 8829
"/Engine/EngineMaterials/Substrate/Glints2/dict_0004_0063" 8830
"/Engine/EngineMaterials/Substrate/Glints2/dict_0004_0062" 8831
"/Engine/EngineMaterials/Substrate/Glints2/dict_0004_0061" 8832
"/Engine/EngineMaterials/Substrate/Glints2/dict_0004_0060" 8833
"/Engine/EngineMaterials/Substrate/Glints2/dict_0004_0059" 8834
"/Engine/EngineMaterials/Substrate/Glints2/dict_0004_0058" 8835
"/Engine/EngineMaterials/Substrate/Glints2/dict_0004_0057" 8836
"/Engine/EngineMaterials/Substrate/Glints2/dict_0004_0056" 8837
"/Engine/EngineMaterials/Substrate/Glints2/dict_0004_0055" 8838
"/Engine/EngineMaterials/Substrate/Glints2/dict_0004_0054" 8839
"/Engine/EngineMaterials/Substrate/Glints2/dict_0004_0053" 8840
"/Engine/EngineMaterials/Substrate/Glints2/dict_0004_0052" 8841
"/Engine/EngineMaterials/Substrate/Glints2/dict_0004_0051" 8842
"/Engine/EngineMaterials/Substrate/Glints2/dict_0004_0050" 8843
"../../../Engine/Content/EngineMaterials/Substrate/Glints2/dict_0004_0083.uasset" 8844
"../../../Engine/Content/EngineMaterials/Substrate/Glints2/dict_0004_0082.uasset" 8845
"/Engine/EngineMaterials/Substrate/Glints2/dict_0004_0081" 8846
"../../../Engine/Content/EngineMaterials/Substrate/Glints2/dict_0004_0084.uasset" 8847
"../../../Engine/Content/EngineMaterials/Substrate/Glints2/dict_0004_0085.uasset" 8848
"../../../Engine/Content/EngineMaterials/Substrate/Glints2/dict_0004_0086.uasset" 8849
"../../../Engine/Content/EngineMaterials/Substrate/Glints2/dict_0004_0088.uasset" 8850
"../../../Engine/Content/EngineMaterials/Substrate/Glints2/dict_0004_0087.uasset" 8851
"/Engine/EngineMaterials/Substrate/Glints2/dict_0004_0080" 8852
"../../../Engine/Content/EngineMaterials/Substrate/Glints2/dict_0004_0089.uasset" 8853
"../../../Engine/Content/EngineMaterials/Substrate/Glints2/dict_0004_0090.uasset" 8854
"../../../Engine/Content/EngineMaterials/Substrate/Glints2/dict_0004_0091.uasset" 8855
"../../../Engine/Content/EngineMaterials/Substrate/Glints2/dict_0004_0092.uasset" 8856
"../../../Engine/Content/EngineMaterials/Substrate/Glints2/dict_0004_0093.uasset" 8857
"../../../Engine/Content/EngineMaterials/Substrate/Glints2/dict_0004_0094.uasset" 8858
"../../../Engine/Content/EngineMaterials/Substrate/Glints2/dict_0004_0095.uasset" 8859
"../../../Engine/Content/EngineMaterials/Substrate/Glints2/dict_0004_0096.uasset" 8860
"../../../Engine/Content/EngineMaterials/Substrate/Glints2/dict_0004_0097.uasset" 8861
"../../../Engine/Content/EngineMaterials/Substrate/Glints2/dict_0004_0098.uasset" 8862
"/Engine/EngineMaterials/Substrate/Glints2/dict_0004_0079" 8863
"/Engine/EngineMaterials/Substrate/Glints2/dict_0004_0078" 8864
"/Engine/EngineMaterials/Substrate/Glints2/dict_0004_0077" 8865
"/Engine/EngineMaterials/Substrate/Glints2/dict_0004_0076" 8866
"/Engine/EngineMaterials/Substrate/Glints2/dict_0004_0075" 8867
"/Engine/EngineMaterials/Substrate/Glints2/dict_0004_0074" 8868
"/Engine/EngineMaterials/Substrate/Glints2/dict_0004_0073" 8869
"/Engine/EngineMaterials/Substrate/Glints2/dict_0004_0072" 8870
"/Engine/EngineMaterials/Substrate/Glints2/dict_0004_0071" 8871
"/Engine/EngineMaterials/Substrate/Glints2/dict_0004_0070" 8872
"/Engine/EngineMaterials/Substrate/Glints2/dict_0004_0069" 8873
"/Engine/EngineMaterials/Substrate/Glints2/dict_0004_0068" 8874
"/Engine/EngineMaterials/Substrate/Glints2/dict_0004_0067" 8875
"../../../Engine/Content/EngineMaterials/Substrate/Glints2/dict_0004_0099.uasset" 8876
"../../../Engine/Content/EngineMaterials/Substrate/Glints2/dict_0004_0100.uasset" 8877
"/Engine/EngineMaterials/Substrate/Glints2/dict_0004_0098" 8878
"../../../Engine/Content/EngineMaterials/Substrate/Glints2/dict_0004_0102.uasset" 8879
"../../../Engine/Content/EngineMaterials/Substrate/Glints2/dict_0004_0101.uasset" 8880
"../../../Engine/Content/EngineMaterials/Substrate/Glints2/dict_0004_0103.uasset" 8881
"../../../Engine/Content/EngineMaterials/Substrate/Glints2/dict_0004_0104.uasset" 8882
"../../../Engine/Content/EngineMaterials/Substrate/Glints2/dict_0004_0105.uasset" 8883
"../../../Engine/Content/EngineMaterials/Substrate/Glints2/dict_0004_0106.uasset" 8884
"../../../Engine/Content/EngineMaterials/Substrate/Glints2/dict_0004_0107.uasset" 8885
"../../../Engine/Content/EngineMaterials/Substrate/Glints2/dict_0004_0108.uasset" 8886
"../../../Engine/Content/EngineMaterials/Substrate/Glints2/dict_0004_0109.uasset" 8887
"../../../Engine/Content/EngineMaterials/Substrate/Glints2/dict_0004_0111.uasset" 8888
"/Engine/EngineMaterials/Substrate/Glints2/dict_0004_0097" 8889
"../../../Engine/Content/EngineMaterials/Substrate/Glints2/dict_0004_0112.uasset" 8890
"../../../Engine/Content/EngineMaterials/Substrate/Glints2/dict_0004_0110.uasset" 8891
"../../../Engine/Content/EngineMaterials/Substrate/Glints2/dict_0004_0113.uasset" 8892
"/Engine/EngineMaterials/Substrate/Glints2/dict_0004_0096" 8893
"/Engine/EngineMaterials/Substrate/Glints2/dict_0004_0095" 8894
"/Engine/EngineMaterials/Substrate/Glints2/dict_0004_0094" 8895
"/Engine/EngineMaterials/Substrate/Glints2/dict_0004_0093" 8896
"/Engine/EngineMaterials/Substrate/Glints2/dict_0004_0092" 8897
"/Engine/EngineMaterials/Substrate/Glints2/dict_0004_0091" 8898
"/Engine/EngineMaterials/Substrate/Glints2/dict_0004_0090" 8899
"/Engine/EngineMaterials/Substrate/Glints2/dict_0004_0089" 8900
"/Engine/EngineMaterials/Substrate/Glints2/dict_0004_0088" 8901
"/Engine/EngineMaterials/Substrate/Glints2/dict_0004_0087" 8902
"/Engine/EngineMaterials/Substrate/Glints2/dict_0004_0086" 8903
"/Engine/EngineMaterials/Substrate/Glints2/dict_0004_0085" 8904
"/Engine/EngineMaterials/Substrate/Glints2/dict_0004_0084" 8905
"/Engine/EngineMaterials/Substrate/Glints2/dict_0004_0083" 8906
"/Engine/EngineMaterials/Substrate/Glints2/dict_0004_0082" 8907
"/Engine/EngineMaterials/Substrate/Glints2/dict_0004_0100" 8908
"/Engine/EngineMaterials/Substrate/Glints2/dict_0004_0099" 8909
"../../../Engine/Content/EngineMaterials/Substrate/Glints2/dict_0004_0114.uasset" 8910
"/Engine/EngineMaterials/Substrate/Glints2/dict_0004_0113" 8911
"../../../Engine/Content/EngineMaterials/Substrate/Glints2/dict_0004_0115.uasset" 8912
"../../../Engine/Content/EngineMaterials/Substrate/Glints2/dict_0004_0116.uasset" 8913
"../../../Engine/Content/EngineMaterials/Substrate/Glints2/dict_0004_0117.uasset" 8914
"/Engine/EngineMaterials/Substrate/Glints2/dict_0004_0112" 8915
"../../../Engine/Content/EngineMaterials/Substrate/Glints2/dict_0004_0118.uasset" 8916
"../../../Engine/Content/EngineMaterials/Substrate/Glints2/dict_0004_0119.uasset" 8917
"../../../Engine/Content/EngineMaterials/Substrate/Glints2/dict_0004_0120.uasset" 8918
"/Engine/EngineMaterials/Substrate/Glints2/dict_0004_0111" 8919
"../../../Engine/Content/EngineMaterials/Substrate/Glints2/dict_0004_0121.uasset" 8920
"../../../Engine/Content/EngineMaterials/Substrate/Glints2/dict_0004_0122.uasset" 8921
"../../../Engine/Content/EngineMaterials/Substrate/Glints2/dict_0004_0123.uasset" 8922
"/Engine/EngineMaterials/Substrate/Glints2/dict_0004_0110" 8923
"../../../Engine/Content/EngineMaterials/Substrate/Glints2/dict_0004_0124.uasset" 8924
"../../../Engine/Content/EngineMaterials/Substrate/Glints2/dict_0004_0125.uasset" 8925
"../../../Engine/Content/EngineMaterials/Substrate/Glints2/dict_0004_0126.uasset" 8926
"/Engine/EngineMaterials/Substrate/Glints2/dict_0004_0109" 8927
"../../../Engine/Content/EngineMaterials/Substrate/Glints2/dict_0004_0127.uasset" 8928
"../../../Engine/Content/EngineMaterials/Substrate/Glints2/dict_0004_0128.uasset" 8929
"../../../Engine/Content/EngineMaterials/Substrate/Glints2/dict_0004_0129.uasset" 8930
"../../../Engine/Content/EngineMaterials/Substrate/Glints2/dict_0004_0130.uasset" 8931
"../../../Engine/Content/EngineMaterials/Substrate/Glints2/dict_0004_0131.uasset" 8932
"/Engine/EngineMaterials/Substrate/Glints2/dict_0004_0108" 8933
"../../../Engine/Content/EngineMaterials/Substrate/Glints2/dict_0004_0132.uasset" 8934
"/Engine/EngineMaterials/Substrate/Glints2/dict_0004_0107" 8935
"/Engine/EngineMaterials/Substrate/Glints2/dict_0004_0106" 8936
"/Engine/EngineMaterials/Substrate/Glints2/dict_0004_0105" 8937
"/Engine/EngineMaterials/Substrate/Glints2/dict_0004_0104" 8938
"/Engine/EngineMaterials/Substrate/Glints2/dict_0004_0103" 8939
"/Engine/EngineMaterials/Substrate/Glints2/dict_0004_0102" 8940
"/Engine/EngineMaterials/Substrate/Glints2/dict_0004_0101" 8941
"../../../Engine/Content/EngineMaterials/Substrate/Glints2/dict_0004_0133.uasset" 8942
"/Engine/EngineMaterials/Substrate/Glints2/dict_0004_0132" 8943
"../../../Engine/Content/EngineMaterials/Substrate/Glints2/dict_0004_0134.uasset" 8944
"../../../Engine/Content/EngineMaterials/Substrate/Glints2/dict_0004_0135.uasset" 8945
"../../../Engine/Content/EngineMaterials/Substrate/Glints2/dict_0004_0136.uasset" 8946
"../../../Engine/Content/EngineMaterials/Substrate/Glints2/dict_0004_0137.uasset" 8947
"../../../Engine/Content/EngineMaterials/Substrate/Glints2/dict_0004_0138.uasset" 8948
"/Engine/EngineMaterials/Substrate/Glints2/dict_0004_0131" 8949
"../../../Engine/Content/EngineMaterials/Substrate/Glints2/dict_0004_0139.uasset" 8950
"../../../Engine/Content/EngineMaterials/Substrate/Glints2/dict_0004_0140.uasset" 8951
"../../../Engine/Content/EngineMaterials/Substrate/Glints2/dict_0004_0141.uasset" 8952
"../../../Engine/Content/EngineMaterials/Substrate/Glints2/dict_0004_0142.uasset" 8953
"../../../Engine/Content/EngineMaterials/Substrate/Glints2/dict_0004_0143.uasset" 8954
"/Engine/EngineMaterials/Substrate/Glints2/dict_0004_0130" 8955
"../../../Engine/Content/EngineMaterials/Substrate/Glints2/dict_0004_0144.uasset" 8956
"../../../Engine/Content/EngineMaterials/Substrate/Glints2/dict_0004_0145.uasset" 8957
"/Engine/EngineMaterials/Substrate/Glints2/dict_0004_0129" 8958
"/Engine/EngineMaterials/Substrate/Glints2/dict_0004_0128" 8959
"/Engine/EngineMaterials/Substrate/Glints2/dict_0004_0127" 8960
"/Engine/EngineMaterials/Substrate/Glints2/dict_0004_0126" 8961
"/Engine/EngineMaterials/Substrate/Glints2/dict_0004_0125" 8962
"/Engine/EngineMaterials/Substrate/Glints2/dict_0004_0124" 8963
"/Engine/EngineMaterials/Substrate/Glints2/dict_0004_0123" 8964
"/Engine/EngineMaterials/Substrate/Glints2/dict_0004_0122" 8965
"/Engine/EngineMaterials/Substrate/Glints2/dict_0004_0121" 8966
"/Engine/EngineMaterials/Substrate/Glints2/dict_0004_0120" 8967
"/Engine/EngineMaterials/Substrate/Glints2/dict_0004_0119" 8968
"/Engine/EngineMaterials/Substrate/Glints2/dict_0004_0118" 8969
"/Engine/EngineMaterials/Substrate/Glints2/dict_0004_0117" 8970
"/Engine/EngineMaterials/Substrate/Glints2/dict_0004_0116" 8971
"/Engine/EngineMaterials/Substrate/Glints2/dict_0004_0115" 8972
"/Engine/EngineMaterials/Substrate/Glints2/dict_0004_0114" 8973
"../../../Engine/Content/EngineMaterials/Substrate/Glints2/dict_0004_0147.uasset" 8974
"../../../Engine/Content/EngineMaterials/Substrate/Glints2/dict_0004_0146.uasset" 8975
"/Engine/EngineMaterials/Substrate/Glints2/dict_0004_0145" 8976
"../../../Engine/Content/EngineMaterials/Substrate/Glints2/dict_0004_0148.uasset" 8977
"../../../Engine/Content/EngineMaterials/Substrate/Glints2/dict_0004_0149.uasset" 8978
"../../../Engine/Content/EngineMaterials/Substrate/Glints2/dict_0004_0150.uasset" 8979
"../../../Engine/Content/EngineMaterials/Substrate/Glints2/dict_0004_0151.uasset" 8980
"../../../Engine/Content/EngineMaterials/Substrate/Glints2/dict_0004_0152.uasset" 8981
"../../../Engine/Content/EngineMaterials/Substrate/Glints2/dict_0004_0153.uasset" 8982
"/Engine/EngineMaterials/Substrate/Glints2/dict_0004_0144" 8983
"../../../Engine/Content/EngineMaterials/Substrate/Glints2/dict_0004_0154.uasset" 8984
"../../../Engine/Content/EngineMaterials/Substrate/Glints2/dict_0004_0155.uasset" 8985
"../../../Engine/Content/EngineMaterials/Substrate/Glints2/dict_0004_0156.uasset" 8986
"../../../Engine/Content/EngineMaterials/Substrate/Glints2/dict_0004_0157.uasset" 8987
"../../../Engine/Content/EngineMaterials/Substrate/Glints2/dict_0004_0158.uasset" 8988
"../../../Engine/Content/EngineMaterials/Substrate/Glints2/dict_0004_0159.uasset" 8989
"../../../Engine/Content/EngineMaterials/Substrate/Glints2/dict_0004_0160.uasset" 8990
"/Engine/EngineMaterials/Substrate/Glints2/dict_0004_0143" 8991
"../../../Engine/Content/EngineMaterials/Substrate/Glints2/dict_0004_0162.uasset" 8992
"../../../Engine/Content/EngineMaterials/Substrate/Glints2/dict_0004_0161.uasset" 8993
"../../../Engine/Content/EngineMaterials/Substrate/Glints2/dict_0004_0163.uasset" 8994
"../../../Engine/Content/EngineMaterials/Substrate/Glints2/dict_0004_0164.uasset" 8995
"/Engine/EngineMaterials/Substrate/Glints2/dict_0004_0142" 8996
"/Engine/EngineMaterials/Substrate/Glints2/dict_0004_0141" 8997
"/Engine/EngineMaterials/Substrate/Glints2/dict_0004_0140" 8998
"/Engine/EngineMaterials/Substrate/Glints2/dict_0004_0139" 8999
"/Engine/EngineMaterials/Substrate/Glints2/dict_0004_0138" 9000
"/Engine/EngineMaterials/Substrate/Glints2/dict_0004_0137" 9001
"/Engine/EngineMaterials/Substrate/Glints2/dict_0004_0136" 9002
"/Engine/EngineMaterials/Substrate/Glints2/dict_0004_0135" 9003
"/Engine/EngineMaterials/Substrate/Glints2/dict_0004_0134" 9004
"/Engine/EngineMaterials/Substrate/Glints2/dict_0004_0133" 9005
"../../../Engine/Content/EngineMaterials/Substrate/Glints2/dict_0004_0165.uasset" 9006
"/Engine/EngineMaterials/Substrate/Glints2/dict_0004_0164" 9007
"../../../Engine/Content/EngineMaterials/Substrate/Glints2/dict_0004_0167.uasset" 9008
"../../../Engine/Content/EngineMaterials/Substrate/Glints2/dict_0004_0168.uasset" 9009
"../../../Engine/Content/EngineMaterials/Substrate/Glints2/dict_0004_0169.uasset" 9010
"../../../Engine/Content/EngineMaterials/Substrate/Glints2/dict_0004_0166.uasset" 9011
"../../../Engine/Content/EngineMaterials/Substrate/Glints2/dict_0004_0170.uasset" 9012
"../../../Engine/Content/EngineMaterials/Substrate/Glints2/dict_0004_0171.uasset" 9013
"/Engine/EngineMaterials/Substrate/Glints2/dict_0004_0163" 9014
"../../../Engine/Content/EngineMaterials/Substrate/Glints2/dict_0004_0172.uasset" 9015
"../../../Engine/Content/EngineMaterials/Substrate/Glints2/dict_0004_0173.uasset" 9016
"../../../Engine/Content/EngineMaterials/Substrate/Glints2/dict_0004_0174.uasset" 9017
"../../../Engine/Content/EngineMaterials/Substrate/Glints2/dict_0004_0175.uasset" 9018
"../../../Engine/Content/EngineMaterials/Substrate/Glints2/dict_0004_0176.uasset" 9019
"../../../Engine/Content/EngineMaterials/Substrate/Glints2/dict_0004_0177.uasset" 9020
"/Engine/EngineMaterials/Substrate/Glints2/dict_0004_0162" 9021
"/Engine/EngineMaterials/Substrate/Glints2/dict_0004_0161" 9022
"/Engine/EngineMaterials/Substrate/Glints2/dict_0004_0160" 9023
"/Engine/EngineMaterials/Substrate/Glints2/dict_0004_0159" 9024
"/Engine/EngineMaterials/Substrate/Glints2/dict_0004_0158" 9025
"/Engine/EngineMaterials/Substrate/Glints2/dict_0004_0157" 9026
"/Engine/EngineMaterials/Substrate/Glints2/dict_0004_0156" 9027
"/Engine/EngineMaterials/Substrate/Glints2/dict_0004_0155" 9028
"/Engine/EngineMaterials/Substrate/Glints2/dict_0004_0154" 9029
"/Engine/EngineMaterials/Substrate/Glints2/dict_0004_0153" 9030
"/Engine/EngineMaterials/Substrate/Glints2/dict_0004_0152" 9031
"/Engine/EngineMaterials/Substrate/Glints2/dict_0004_0151" 9032
"/Engine/EngineMaterials/Substrate/Glints2/dict_0004_0150" 9033
"/Engine/EngineMaterials/Substrate/Glints2/dict_0004_0149" 9034
"/Engine/EngineMaterials/Substrate/Glints2/dict_0004_0148" 9035
"/Engine/EngineMaterials/Substrate/Glints2/dict_0004_0147" 9036
"/Engine/EngineMaterials/Substrate/Glints2/dict_0004_0146" 9037
"../../../Engine/Content/EngineMaterials/Substrate/Glints2/dict_0004_0178.uasset" 9038
"/Engine/EngineMaterials/Substrate/Glints2/dict_0004_0177" 9039
"../../../Engine/Content/EngineMaterials/Substrate/Glints2/dict_0004_0179.uasset" 9040
"../../../Engine/Content/EngineMaterials/Substrate/Glints2/dict_0004_0180.uasset" 9041
"../../../Engine/Content/EngineMaterials/Substrate/Glints2/dict_0004_0181.uasset" 9042
"/Engine/EngineMaterials/Substrate/Glints2/dict_0004_0176" 9043
"../../../Engine/Content/EngineMaterials/Substrate/Glints2/dict_0004_0182.uasset" 9044
"../../../Engine/Content/EngineMaterials/Substrate/Glints2/dict_0004_0183.uasset" 9045
"../../../Engine/Content/EngineMaterials/Substrate/Glints2/dict_0004_0184.uasset" 9046
"../../../Engine/Content/EngineMaterials/Substrate/Glints2/dict_0004_0185.uasset" 9047
"../../../Engine/Content/EngineMaterials/Substrate/Glints2/dict_0004_0186.uasset" 9048
"../../../Engine/Content/EngineMaterials/Substrate/Glints2/dict_0004_0187.uasset" 9049
"/Engine/EngineMaterials/Substrate/Glints2/dict_0004_0175" 9050
"../../../Engine/Content/EngineMaterials/Substrate/Glints2/dict_0004_0188.uasset" 9051
"../../../Engine/Content/EngineMaterials/Substrate/Glints2/dict_0004_0189.uasset" 9052
"../../../Engine/Content/EngineMaterials/Substrate/Glints2/dict_0004_0190.uasset" 9053
"../../../Engine/Content/EngineMaterials/Substrate/Glints2/dict_0004_0191.uasset" 9054
"../../../Engine/Content/EngineMaterials/Substrate/Glints2/dict_0004_0192.uasset" 9055
"../../../Engine/Content/EngineMaterials/Substrate/Glints2/dict_0004_0193.uasset" 9056
"/Engine/EngineMaterials/Substrate/Glints2/dict_0004_0174" 9057
"../../../Engine/Content/EngineMaterials/Substrate/Glints2/dict_0004_0194.uasset" 9058
"../../../Engine/Content/EngineMaterials/Substrate/Glints2/dict_0004_0195.uasset" 9059
"../../../Engine/Content/EngineMaterials/Substrate/Glints2/dict_0004_0196.uasset" 9060
"/Engine/EngineMaterials/Substrate/Glints2/dict_0004_0173" 9061
"/Engine/EngineMaterials/Substrate/Glints2/dict_0004_0172" 9062
"/Engine/EngineMaterials/Substrate/Glints2/dict_0004_0171" 9063
"/Engine/EngineMaterials/Substrate/Glints2/dict_0004_0170" 9064
"/Engine/EngineMaterials/Substrate/Glints2/dict_0004_0169" 9065
"/Engine/EngineMaterials/Substrate/Glints2/dict_0004_0168" 9066
"/Engine/EngineMaterials/Substrate/Glints2/dict_0004_0167" 9067
"/Engine/EngineMaterials/Substrate/Glints2/dict_0004_0166" 9068
"/Engine/EngineMaterials/Substrate/Glints2/dict_0004_0165" 9069
"../../../Engine/Content/EngineMaterials/Substrate/Glints2/dict_0004_0197.uasset" 9070
"/Engine/EngineMaterials/Substrate/Glints2/dict_0004_0196" 9071
"../../../Engine/Content/EngineMaterials/Substrate/Glints2/dict_0004_0198.uasset" 9072
"../../../Engine/Content/EngineMaterials/Substrate/Glints2/dict_0004_0199.uasset" 9073
"../../../Engine/Content/EngineMaterials/Substrate/Glints2/dict_0004_0200.uasset" 9074
"/Engine/EngineMaterials/Substrate/Glints2/dict_0004_0195" 9075
"../../../Engine/Content/EngineMaterials/Substrate/Glints2/dict_0004_0201.uasset" 9076
"../../../Engine/Content/EngineMaterials/Substrate/Glints2/dict_0004_0202.uasset" 9077
"../../../Engine/Content/EngineMaterials/Substrate/Glints2/dict_0004_0203.uasset" 9078
"../../../Engine/Content/EngineMaterials/Substrate/Glints2/dict_0004_0204.uasset" 9079
"/Engine/EngineMaterials/Substrate/Glints2/dict_0004_0194" 9080
"../../../Engine/Content/EngineMaterials/Substrate/Glints2/dict_0004_0205.uasset" 9081
"../../../Engine/Content/EngineMaterials/Substrate/Glints2/dict_0004_0206.uasset" 9082
"../../../Engine/Content/EngineMaterials/Substrate/Glints2/dict_0004_0207.uasset" 9083
"/Engine/EngineMaterials/Substrate/Glints2/dict_0004_0193" 9084
"../../../Engine/Content/EngineMaterials/Substrate/Glints2/dict_0004_0208.uasset" 9085
"../../../Engine/Content/EngineMaterials/Substrate/Glints2/dict_0004_0209.uasset" 9086
"/Engine/EngineMaterials/Substrate/Glints2/dict_0004_0192" 9087
"/Engine/EngineMaterials/Substrate/Glints2/dict_0004_0191" 9088
"/Engine/EngineMaterials/Substrate/Glints2/dict_0004_0190" 9089
"/Engine/EngineMaterials/Substrate/Glints2/dict_0004_0189" 9090
"/Engine/EngineMaterials/Substrate/Glints2/dict_0004_0188" 9091
"/Engine/EngineMaterials/Substrate/Glints2/dict_0004_0187" 9092
"/Engine/EngineMaterials/Substrate/Glints2/dict_0004_0186" 9093
"/Engine/EngineMaterials/Substrate/Glints2/dict_0004_0185" 9094
"/Engine/EngineMaterials/Substrate/Glints2/dict_0004_0184" 9095
"/Engine/EngineMaterials/Substrate/Glints2/dict_0004_0183" 9096
"/Engine/EngineMaterials/Substrate/Glints2/dict_0004_0182" 9097
"/Engine/EngineMaterials/Substrate/Glints2/dict_0004_0181" 9098
"/Engine/EngineMaterials/Substrate/Glints2/dict_0004_0180" 9099
"/Engine/EngineMaterials/Substrate/Glints2/dict_0004_0179" 9100
"/Engine/EngineMaterials/Substrate/Glints2/dict_0004_0178" 9101
"../../../Engine/Content/EngineMaterials/Substrate/Glints2/dict_0004_0210.uasset" 9102
"../../../Engine/Content/EngineMaterials/Substrate/Glints2/dict_0004_0211.uasset" 9103
"/Engine/EngineMaterials/Substrate/Glints2/dict_0004_0209" 9104
"../../../Engine/Content/EngineMaterials/Substrate/Glints2/dict_0004_0212.uasset" 9105
"../../../Engine/Content/EngineMaterials/Substrate/Glints2/dict_0004_0213.uasset" 9106
"../../../Engine/Content/EngineMaterials/Substrate/Glints2/dict_0004_0214.uasset" 9107
"../../../Engine/Content/EngineMaterials/Substrate/Glints2/dict_0004_0215.uasset" 9108
"../../../Engine/Content/EngineMaterials/Substrate/Glints2/dict_0004_0216.uasset" 9109
"../../../Engine/Content/EngineMaterials/Substrate/Glints2/dict_0004_0217.uasset" 9110
"../../../Engine/Content/EngineMaterials/Substrate/Glints2/dict_0004_0218.uasset" 9111
"../../../Engine/Content/EngineMaterials/Substrate/Glints2/dict_0004_0219.uasset" 9112
"/Engine/EngineMaterials/Substrate/Glints2/dict_0004_0208" 9113
"../../../Engine/Content/EngineMaterials/Substrate/Glints2/dict_0004_0220.uasset" 9114
"../../../Engine/Content/EngineMaterials/Substrate/Glints2/dict_0004_0221.uasset" 9115
"../../../Engine/Content/EngineMaterials/Substrate/Glints2/dict_0004_0222.uasset" 9116
"../../../Engine/Content/EngineMaterials/Substrate/Glints2/dict_0004_0223.uasset" 9117
"../../../Engine/Content/EngineMaterials/Substrate/Glints2/dict_0004_0224.uasset" 9118
"../../../Engine/Content/EngineMaterials/Substrate/Glints2/dict_0004_0225.uasset" 9119
"../../../Engine/Content/EngineMaterials/Substrate/Glints2/dict_0004_0226.uasset" 9120
"../../../Engine/Content/EngineMaterials/Substrate/Glints2/dict_0004_0227.uasset" 9121
"../../../Engine/Content/EngineMaterials/Substrate/Glints2/dict_0004_0228.uasset" 9122
"/Engine/EngineMaterials/Substrate/Glints2/dict_0004_0207" 9123
"/Engine/EngineMaterials/Substrate/Glints2/dict_0004_0206" 9124
"/Engine/EngineMaterials/Substrate/Glints2/dict_0004_0205" 9125
"/Engine/EngineMaterials/Substrate/Glints2/dict_0004_0204" 9126
"/Engine/EngineMaterials/Substrate/Glints2/dict_0004_0203" 9127
"/Engine/EngineMaterials/Substrate/Glints2/dict_0004_0202" 9128
"/Engine/EngineMaterials/Substrate/Glints2/dict_0004_0201" 9129
"/Engine/EngineMaterials/Substrate/Glints2/dict_0004_0200" 9130
"/Engine/EngineMaterials/Substrate/Glints2/dict_0004_0199" 9131
"/Engine/EngineMaterials/Substrate/Glints2/dict_0004_0198" 9132
"/Engine/EngineMaterials/Substrate/Glints2/dict_0004_0197" 9133
"/Engine/EngineMaterials/Substrate/Glints2/dict_0004_0228" 9134
"../../../Engine/Content/EngineMaterials/Substrate/Glints2/dict_0004_0229.uasset" 9135
"/Engine/EngineMaterials/Substrate/Glints2/dict_0004_0227" 9136
"../../../Engine/Content/EngineMaterials/Substrate/Glints2/dict_0004_0230.uasset" 9137
"../../../Engine/Content/EngineMaterials/Substrate/Glints2/dict_0004_0231.uasset" 9138
"../../../Engine/Content/EngineMaterials/Substrate/Glints2/dict_0004_0232.uasset" 9139
"/Engine/EngineMaterials/Substrate/Glints2/dict_0004_0226" 9140
"../../../Engine/Content/EngineMaterials/Substrate/Glints2/dict_0004_0233.uasset" 9141
"../../../Engine/Content/EngineMaterials/Substrate/Glints2/dict_0004_0234.uasset" 9142
"../../../Engine/Content/EngineMaterials/Substrate/Glints2/dict_0004_0235.uasset" 9143
"../../../Engine/Content/EngineMaterials/Substrate/Glints2/dict_0004_0236.uasset" 9144
"../../../Engine/Content/EngineMaterials/Substrate/Glints2/dict_0004_0237.uasset" 9145
"../../../Engine/Content/EngineMaterials/Substrate/Glints2/dict_0004_0238.uasset" 9146
"../../../Engine/Content/EngineMaterials/Substrate/Glints2/dict_0004_0239.uasset" 9147
"../../../Engine/Content/EngineMaterials/Substrate/Glints2/dict_0004_0240.uasset" 9148
"../../../Engine/Content/EngineMaterials/Substrate/Glints2/dict_0004_0241.uasset" 9149
"/Engine/EngineMaterials/Substrate/Glints2/dict_0004_0225" 9150
"/Engine/EngineMaterials/Substrate/Glints2/dict_0004_0224" 9151
"/Engine/EngineMaterials/Substrate/Glints2/dict_0004_0223" 9152
"/Engine/EngineMaterials/Substrate/Glints2/dict_0004_0222" 9153
"/Engine/EngineMaterials/Substrate/Glints2/dict_0004_0221" 9154
"/Engine/EngineMaterials/Substrate/Glints2/dict_0004_0220" 9155
"/Engine/EngineMaterials/Substrate/Glints2/dict_0004_0219" 9156
"/Engine/EngineMaterials/Substrate/Glints2/dict_0004_0218" 9157
"/Engine/EngineMaterials/Substrate/Glints2/dict_0004_0217" 9158
"/Engine/EngineMaterials/Substrate/Glints2/dict_0004_0216" 9159
"/Engine/EngineMaterials/Substrate/Glints2/dict_0004_0215" 9160
"/Engine/EngineMaterials/Substrate/Glints2/dict_0004_0214" 9161
"/Engine/EngineMaterials/Substrate/Glints2/dict_0004_0213" 9162
"/Engine/EngineMaterials/Substrate/Glints2/dict_0004_0212" 9163
"/Engine/EngineMaterials/Substrate/Glints2/dict_0004_0211" 9164
"/Engine/EngineMaterials/Substrate/Glints2/dict_0004_0210" 9165
"../../../Engine/Content/EngineMaterials/Substrate/Glints2/dict_0004_0243.uasset" 9166
"../../../Engine/Content/EngineMaterials/Substrate/Glints2/dict_0004_0242.uasset" 9167
"/Engine/EngineMaterials/Substrate/Glints2/dict_0004_0241" 9168
"../../../Engine/Content/EngineMaterials/Substrate/Glints2/dict_0004_0244.uasset" 9169
"../../../Engine/Content/EngineMaterials/Substrate/Glints2/dict_0004_0246.uasset" 9170
"../../../Engine/Content/EngineMaterials/Substrate/Glints2/dict_0004_0245.uasset" 9171
"../../../Engine/Content/EngineMaterials/Substrate/Glints2/dict_0004_0247.uasset" 9172
"../../../Engine/Content/EngineMaterials/Substrate/Glints2/dict_0004_0248.uasset" 9173
"/Engine/EngineMaterials/Substrate/Glints2/dict_0004_0240" 9174
"../../../Engine/Content/EngineMaterials/Substrate/Glints2/dict_0004_0249.uasset" 9175
"../../../Engine/Content/EngineMaterials/Substrate/Glints2/dict_0004_0250.uasset" 9176
"../../../Engine/Content/EngineMaterials/Substrate/Glints2/dict_0004_0251.uasset" 9177
"../../../Engine/Content/EngineMaterials/Substrate/Glints2/dict_0004_0252.uasset" 9178
"../../../Engine/Content/EngineMaterials/Substrate/Glints2/dict_0004_0253.uasset" 9179
"../../../Engine/Content/EngineMaterials/Substrate/Glints2/dict_0004_0254.uasset" 9180
"../../../Engine/Content/EngineMaterials/Substrate/Glints2/dict_0004_0255.uasset" 9181
"/Engine/EngineMaterials/Substrate/Glints2/dict_0004_0239" 9182
"../../../Engine/Content/EngineMaterials/Substrate/Glints2/dict_0005_0000.uasset" 9183
"../../../Engine/Content/EngineMaterials/Substrate/Glints2/dict_0005_0001.uasset" 9184
"../../../Engine/Content/EngineMaterials/Substrate/Glints2/dict_0005_0002.uasset" 9185
"../../../Engine/Content/EngineMaterials/Substrate/Glints2/dict_0005_0003.uasset" 9186
"../../../Engine/Content/EngineMaterials/Substrate/Glints2/dict_0005_0004.uasset" 9187
"/Engine/EngineMaterials/Substrate/Glints2/dict_0004_0238" 9188
"/Engine/EngineMaterials/Substrate/Glints2/dict_0004_0237" 9189
"/Engine/EngineMaterials/Substrate/Glints2/dict_0004_0236" 9190
"/Engine/EngineMaterials/Substrate/Glints2/dict_0004_0235" 9191
"/Engine/EngineMaterials/Substrate/Glints2/dict_0004_0234" 9192
"/Engine/EngineMaterials/Substrate/Glints2/dict_0004_0233" 9193
"/Engine/EngineMaterials/Substrate/Glints2/dict_0004_0232" 9194
"/Engine/EngineMaterials/Substrate/Glints2/dict_0004_0231" 9195
"/Engine/EngineMaterials/Substrate/Glints2/dict_0004_0230" 9196
"/Engine/EngineMaterials/Substrate/Glints2/dict_0004_0229" 9197
"../../../Engine/Content/EngineMaterials/Substrate/Glints2/dict_0005_0005.uasset" 9198
"../../../Engine/Content/EngineMaterials/Substrate/Glints2/dict_0005_0006.uasset" 9199
"/Engine/EngineMaterials/Substrate/Glints2/dict_0005_0004" 9200
"../../../Engine/Content/EngineMaterials/Substrate/Glints2/dict_0005_0007.uasset" 9201
"../../../Engine/Content/EngineMaterials/Substrate/Glints2/dict_0005_0008.uasset" 9202
"../../../Engine/Content/EngineMaterials/Substrate/Glints2/dict_0005_0009.uasset" 9203
"../../../Engine/Content/EngineMaterials/Substrate/Glints2/dict_0005_0010.uasset" 9204
"../../../Engine/Content/EngineMaterials/Substrate/Glints2/dict_0005_0011.uasset" 9205
"../../../Engine/Content/EngineMaterials/Substrate/Glints2/dict_0005_0012.uasset" 9206
"/Engine/EngineMaterials/Substrate/Glints2/dict_0005_0003" 9207
"../../../Engine/Content/EngineMaterials/Substrate/Glints2/dict_0005_0013.uasset" 9208
"../../../Engine/Content/EngineMaterials/Substrate/Glints2/dict_0005_0014.uasset" 9209
"../../../Engine/Content/EngineMaterials/Substrate/Glints2/dict_0005_0015.uasset" 9210
"../../../Engine/Content/EngineMaterials/Substrate/Glints2/dict_0005_0016.uasset" 9211
"../../../Engine/Content/EngineMaterials/Substrate/Glints2/dict_0005_0017.uasset" 9212
"/Engine/EngineMaterials/Substrate/Glints2/dict_0005_0002" 9213
"/Engine/EngineMaterials/Substrate/Glints2/dict_0005_0001" 9214
"/Engine/EngineMaterials/Substrate/Glints2/dict_0005_0000" 9215
"/Engine/EngineMaterials/Substrate/Glints2/dict_0004_0255" 9216
"/Engine/EngineMaterials/Substrate/Glints2/dict_0004_0254" 9217
"/Engine/EngineMaterials/Substrate/Glints2/dict_0004_0253" 9218
"/Engine/EngineMaterials/Substrate/Glints2/dict_0004_0252" 9219
"/Engine/EngineMaterials/Substrate/Glints2/dict_0004_0251" 9220
"/Engine/EngineMaterials/Substrate/Glints2/dict_0004_0250" 9221
"/Engine/EngineMaterials/Substrate/Glints2/dict_0004_0249" 9222
"/Engine/EngineMaterials/Substrate/Glints2/dict_0004_0248" 9223
"/Engine/EngineMaterials/Substrate/Glints2/dict_0004_0247" 9224
"/Engine/EngineMaterials/Substrate/Glints2/dict_0004_0246" 9225
"/Engine/EngineMaterials/Substrate/Glints2/dict_0004_0245" 9226
"/Engine/EngineMaterials/Substrate/Glints2/dict_0004_0244" 9227
"/Engine/EngineMaterials/Substrate/Glints2/dict_0004_0243" 9228
"/Engine/EngineMaterials/Substrate/Glints2/dict_0004_0242" 9229
"../../../Engine/Content/EngineMaterials/Substrate/Glints2/dict_0005_0019.uasset" 9230
"../../../Engine/Content/EngineMaterials/Substrate/Glints2/dict_0005_0018.uasset" 9231
"/Engine/EngineMaterials/Substrate/Glints2/dict_0005_0017" 9232
"../../../Engine/Content/EngineMaterials/Substrate/Glints2/dict_0005_0020.uasset" 9233
"../../../Engine/Content/EngineMaterials/Substrate/Glints2/dict_0005_0021.uasset" 9234
"../../../Engine/Content/EngineMaterials/Substrate/Glints2/dict_0005_0022.uasset" 9235
"../../../Engine/Content/EngineMaterials/Substrate/Glints2/dict_0005_0023.uasset" 9236
"../../../Engine/Content/EngineMaterials/Substrate/Glints2/dict_0005_0024.uasset" 9237
"../../../Engine/Content/EngineMaterials/Substrate/Glints2/dict_0005_0025.uasset" 9238
"../../../Engine/Content/EngineMaterials/Substrate/Glints2/dict_0005_0026.uasset" 9239
"/Engine/EngineMaterials/Substrate/Glints2/dict_0005_0016" 9240
"../../../Engine/Content/EngineMaterials/Substrate/Glints2/dict_0005_0027.uasset" 9241
"../../../Engine/Content/EngineMaterials/Substrate/Glints2/dict_0005_0028.uasset" 9242
"../../../Engine/Content/EngineMaterials/Substrate/Glints2/dict_0005_0029.uasset" 9243
"../../../Engine/Content/EngineMaterials/Substrate/Glints2/dict_0005_0030.uasset" 9244
"../../../Engine/Content/EngineMaterials/Substrate/Glints2/dict_0005_0031.uasset" 9245
"../../../Engine/Content/EngineMaterials/Substrate/Glints2/dict_0005_0032.uasset" 9246
"../../../Engine/Content/EngineMaterials/Substrate/Glints2/dict_0005_0034.uasset" 9247
"/Engine/EngineMaterials/Substrate/Glints2/dict_0005_0015" 9248
"../../../Engine/Content/EngineMaterials/Substrate/Glints2/dict_0005_0035.uasset" 9249
"../../../Engine/Content/EngineMaterials/Substrate/Glints2/dict_0005_0036.uasset" 9250
"../../../Engine/Content/EngineMaterials/Substrate/Glints2/dict_0005_0033.uasset" 9251
"/Engine/EngineMaterials/Substrate/Glints2/dict_0005_0014" 9252
"/Engine/EngineMaterials/Substrate/Glints2/dict_0005_0013" 9253
"/Engine/EngineMaterials/Substrate/Glints2/dict_0005_0012" 9254
"/Engine/EngineMaterials/Substrate/Glints2/dict_0005_0011" 9255
"/Engine/EngineMaterials/Substrate/Glints2/dict_0005_0010" 9256
"/Engine/EngineMaterials/Substrate/Glints2/dict_0005_0009" 9257
"/Engine/EngineMaterials/Substrate/Glints2/dict_0005_0008" 9258
"/Engine/EngineMaterials/Substrate/Glints2/dict_0005_0007" 9259
"/Engine/EngineMaterials/Substrate/Glints2/dict_0005_0006" 9260
"/Engine/EngineMaterials/Substrate/Glints2/dict_0005_0005" 9261
"../../../Engine/Content/EngineMaterials/Substrate/Glints2/dict_0005_0038.uasset" 9262
"/Engine/EngineMaterials/Substrate/Glints2/dict_0005_0036" 9263
"../../../Engine/Content/EngineMaterials/Substrate/Glints2/dict_0005_0037.uasset" 9264
"../../../Engine/Content/EngineMaterials/Substrate/Glints2/dict_0005_0039.uasset" 9265
"../../../Engine/Content/EngineMaterials/Substrate/Glints2/dict_0005_0040.uasset" 9266
"../../../Engine/Content/EngineMaterials/Substrate/Glints2/dict_0005_0041.uasset" 9267
"../../../Engine/Content/EngineMaterials/Substrate/Glints2/dict_0005_0042.uasset" 9268
"/Engine/EngineMaterials/Substrate/Glints2/dict_0005_0035" 9269
"../../../Engine/Content/EngineMaterials/Substrate/Glints2/dict_0005_0044.uasset" 9270
"../../../Engine/Content/EngineMaterials/Substrate/Glints2/dict_0005_0043.uasset" 9271
"../../../Engine/Content/EngineMaterials/Substrate/Glints2/dict_0005_0045.uasset" 9272
"../../../Engine/Content/EngineMaterials/Substrate/Glints2/dict_0005_0047.uasset" 9273
"../../../Engine/Content/EngineMaterials/Substrate/Glints2/dict_0005_0046.uasset" 9274
"/Engine/EngineMaterials/Substrate/Glints2/dict_0005_0034" 9275
"../../../Engine/Content/EngineMaterials/Substrate/Glints2/dict_0005_0048.uasset" 9276
"../../../Engine/Content/EngineMaterials/Substrate/Glints2/dict_0005_0049.uasset" 9277
"/Engine/EngineMaterials/Substrate/Glints2/dict_0005_0033" 9278
"/Engine/EngineMaterials/Substrate/Glints2/dict_0005_0032" 9279
"/Engine/EngineMaterials/Substrate/Glints2/dict_0005_0031" 9280
"/Engine/EngineMaterials/Substrate/Glints2/dict_0005_0030" 9281
"/Engine/EngineMaterials/Substrate/Glints2/dict_0005_0029" 9282
"/Engine/EngineMaterials/Substrate/Glints2/dict_0005_0028" 9283
"/Engine/EngineMaterials/Substrate/Glints2/dict_0005_0027" 9284
"/Engine/EngineMaterials/Substrate/Glints2/dict_0005_0026" 9285
"/Engine/EngineMaterials/Substrate/Glints2/dict_0005_0025" 9286
"/Engine/EngineMaterials/Substrate/Glints2/dict_0005_0024" 9287
"/Engine/EngineMaterials/Substrate/Glints2/dict_0005_0023" 9288
"/Engine/EngineMaterials/Substrate/Glints2/dict_0005_0022" 9289
"/Engine/EngineMaterials/Substrate/Glints2/dict_0005_0021" 9290
"/Engine/EngineMaterials/Substrate/Glints2/dict_0005_0020" 9291
"/Engine/EngineMaterials/Substrate/Glints2/dict_0005_0019" 9292
"/Engine/EngineMaterials/Substrate/Glints2/dict_0005_0018" 9293
"../../../Engine/Content/EngineMaterials/Substrate/Glints2/dict_0005_0050.uasset" 9294
"/Engine/EngineMaterials/Substrate/Glints2/dict_0005_0049" 9295
"../../../Engine/Content/EngineMaterials/Substrate/Glints2/dict_0005_0051.uasset" 9296
"../../../Engine/Content/EngineMaterials/Substrate/Glints2/dict_0005_0052.uasset" 9297
"../../../Engine/Content/EngineMaterials/Substrate/Glints2/dict_0005_0053.uasset" 9298
"../../../Engine/Content/EngineMaterials/Substrate/Glints2/dict_0005_0054.uasset" 9299
"../../../Engine/Content/EngineMaterials/Substrate/Glints2/dict_0005_0055.uasset" 9300
"/Engine/EngineMaterials/Substrate/Glints2/dict_0005_0048" 9301
"../../../Engine/Content/EngineMaterials/Substrate/Glints2/dict_0005_0056.uasset" 9302
"../../../Engine/Content/EngineMaterials/Substrate/Glints2/dict_0005_0057.uasset" 9303
"../../../Engine/Content/EngineMaterials/Substrate/Glints2/dict_0005_0058.uasset" 9304
"../../../Engine/Content/EngineMaterials/Substrate/Glints2/dict_0005_0059.uasset" 9305
"../../../Engine/Content/EngineMaterials/Substrate/Glints2/dict_0005_0060.uasset" 9306
"../../../Engine/Content/EngineMaterials/Substrate/Glints2/dict_0005_0061.uasset" 9307
"/Engine/EngineMaterials/Substrate/Glints2/dict_0005_0047" 9308
"../../../Engine/Content/EngineMaterials/Substrate/Glints2/dict_0005_0062.uasset" 9309
"../../../Engine/Content/EngineMaterials/Substrate/Glints2/dict_0005_0063.uasset" 9310
"../../../Engine/Content/EngineMaterials/Substrate/Glints2/dict_0005_0064.uasset" 9311
"../../../Engine/Content/EngineMaterials/Substrate/Glints2/dict_0005_0065.uasset" 9312
"../../../Engine/Content/EngineMaterials/Substrate/Glints2/dict_0005_0066.uasset" 9313
"../../../Engine/Content/EngineMaterials/Substrate/Glints2/dict_0005_0067.uasset" 9314
"../../../Engine/Content/EngineMaterials/Substrate/Glints2/dict_0005_0068.uasset" 9315
"/Engine/EngineMaterials/Substrate/Glints2/dict_0005_0046" 9316
"/Engine/EngineMaterials/Substrate/Glints2/dict_0005_0045" 9317
"/Engine/EngineMaterials/Substrate/Glints2/dict_0005_0044" 9318
"/Engine/EngineMaterials/Substrate/Glints2/dict_0005_0043" 9319
"/Engine/EngineMaterials/Substrate/Glints2/dict_0005_0042" 9320
"/Engine/EngineMaterials/Substrate/Glints2/dict_0005_0041" 9321
"/Engine/EngineMaterials/Substrate/Glints2/dict_0005_0040" 9322
"/Engine/EngineMaterials/Substrate/Glints2/dict_0005_0039" 9323
"/Engine/EngineMaterials/Substrate/Glints2/dict_0005_0038" 9324
"/Engine/EngineMaterials/Substrate/Glints2/dict_0005_0037" 9325
"../../../Engine/Content/EngineMaterials/Substrate/Glints2/dict_0005_0069.uasset" 9326
"../../../Engine/Content/EngineMaterials/Substrate/Glints2/dict_0005_0070.uasset" 9327
"../../../Engine/Content/EngineMaterials/Substrate/Glints2/dict_0005_0071.uasset" 9328
"../../../Engine/Content/EngineMaterials/Substrate/Glints2/dict_0005_0072.uasset" 9329
"/Engine/EngineMaterials/Substrate/Glints2/dict_0005_0068" 9330
"../../../Engine/Content/EngineMaterials/Substrate/Glints2/dict_0005_0073.uasset" 9331
"../../../Engine/Content/EngineMaterials/Substrate/Glints2/dict_0005_0074.uasset" 9332
"../../../Engine/Content/EngineMaterials/Substrate/Glints2/dict_0005_0075.uasset" 9333
"../../../Engine/Content/EngineMaterials/Substrate/Glints2/dict_0005_0076.uasset" 9334
"../../../Engine/Content/EngineMaterials/Substrate/Glints2/dict_0005_0077.uasset" 9335
"../../../Engine/Content/EngineMaterials/Substrate/Glints2/dict_0005_0078.uasset" 9336
"../../../Engine/Content/EngineMaterials/Substrate/Glints2/dict_0005_0079.uasset" 9337
"/Engine/EngineMaterials/Substrate/Glints2/dict_0005_0067" 9338
"../../../Engine/Content/EngineMaterials/Substrate/Glints2/dict_0005_0080.uasset" 9339
"../../../Engine/Content/EngineMaterials/Substrate/Glints2/dict_0005_0081.uasset" 9340
"/Engine/EngineMaterials/Substrate/Glints2/dict_0005_0066" 9341
"/Engine/EngineMaterials/Substrate/Glints2/dict_0005_0065" 9342
"/Engine/EngineMaterials/Substrate/Glints2/dict_0005_0064" 9343
"/Engine/EngineMaterials/Substrate/Glints2/dict_0005_0063" 9344
"/Engine/EngineMaterials/Substrate/Glints2/dict_0005_0062" 9345
"/Engine/EngineMaterials/Substrate/Glints2/dict_0005_0061" 9346
"/Engine/EngineMaterials/Substrate/Glints2/dict_0005_0060" 9347
"/Engine/EngineMaterials/Substrate/Glints2/dict_0005_0059" 9348
"/Engine/EngineMaterials/Substrate/Glints2/dict_0005_0058" 9349
"/Engine/EngineMaterials/Substrate/Glints2/dict_0005_0057" 9350
"/Engine/EngineMaterials/Substrate/Glints2/dict_0005_0056" 9351
"/Engine/EngineMaterials/Substrate/Glints2/dict_0005_0055" 9352
"/Engine/EngineMaterials/Substrate/Glints2/dict_0005_0054" 9353
"/Engine/EngineMaterials/Substrate/Glints2/dict_0005_0053" 9354
"/Engine/EngineMaterials/Substrate/Glints2/dict_0005_0052" 9355
"/Engine/EngineMaterials/Substrate/Glints2/dict_0005_0070" 9356
"/Engine/EngineMaterials/Substrate/Glints2/dict_0005_0069" 9357
"/Engine/EngineMaterials/Substrate/Glints2/dict_0005_0051" 9358
"/Engine/EngineMaterials/Substrate/Glints2/dict_0005_0050" 9359
"../../../Engine/Content/EngineMaterials/Substrate/Glints2/dict_0005_0082.uasset" 9360
"../../../Engine/Content/EngineMaterials/Substrate/Glints2/dict_0005_0083.uasset" 9361
"/Engine/EngineMaterials/Substrate/Glints2/dict_0005_0081" 9362
"../../../Engine/Content/EngineMaterials/Substrate/Glints2/dict_0005_0084.uasset" 9363
"../../../Engine/Content/EngineMaterials/Substrate/Glints2/dict_0005_0085.uasset" 9364
"../../../Engine/Content/EngineMaterials/Substrate/Glints2/dict_0005_0086.uasset" 9365
"../../../Engine/Content/EngineMaterials/Substrate/Glints2/dict_0005_0087.uasset" 9366
"../../../Engine/Content/EngineMaterials/Substrate/Glints2/dict_0005_0088.uasset" 9367
"../../../Engine/Content/EngineMaterials/Substrate/Glints2/dict_0005_0089.uasset" 9368
"/Engine/EngineMaterials/Substrate/Glints2/dict_0005_0080" 9369
"../../../Engine/Content/EngineMaterials/Substrate/Glints2/dict_0005_0090.uasset" 9370
"../../../Engine/Content/EngineMaterials/Substrate/Glints2/dict_0005_0091.uasset" 9371
"../../../Engine/Content/EngineMaterials/Substrate/Glints2/dict_0005_0092.uasset" 9372
"../../../Engine/Content/EngineMaterials/Substrate/Glints2/dict_0005_0093.uasset" 9373
"../../../Engine/Content/EngineMaterials/Substrate/Glints2/dict_0005_0094.uasset" 9374
"../../../Engine/Content/EngineMaterials/Substrate/Glints2/dict_0005_0095.uasset" 9375
"../../../Engine/Content/EngineMaterials/Substrate/Glints2/dict_0005_0096.uasset" 9376
"/Engine/EngineMaterials/Substrate/Glints2/dict_0005_0079" 9377
"../../../Engine/Content/EngineMaterials/Substrate/Glints2/dict_0005_0097.uasset" 9378
"../../../Engine/Content/EngineMaterials/Substrate/Glints2/dict_0005_0098.uasset" 9379
"../../../Engine/Content/EngineMaterials/Substrate/Glints2/dict_0005_0099.uasset" 9380
"../../../Engine/Content/EngineMaterials/Substrate/Glints2/dict_0005_0100.uasset" 9381
"../../../Engine/Content/EngineMaterials/Substrate/Glints2/dict_0005_0101.uasset" 9382
"/Engine/EngineMaterials/Substrate/Glints2/dict_0005_0078" 9383
"../../../Engine/Content/EngineMaterials/Substrate/Glints2/dict_0005_0102.uasset" 9384
"/Engine/EngineMaterials/Substrate/Glints2/dict_0005_0077" 9385
"/Engine/EngineMaterials/Substrate/Glints2/dict_0005_0076" 9386
"/Engine/EngineMaterials/Substrate/Glints2/dict_0005_0075" 9387
"/Engine/EngineMaterials/Substrate/Glints2/dict_0005_0074" 9388
"/Engine/EngineMaterials/Substrate/Glints2/dict_0005_0073" 9389
"/Engine/EngineMaterials/Substrate/Glints2/dict_0005_0072" 9390
"/Engine/EngineMaterials/Substrate/Glints2/dict_0005_0071" 9391
"../../../Engine/Content/EngineMaterials/Substrate/Glints2/dict_0005_0103.uasset" 9392
"../../../Engine/Content/EngineMaterials/Substrate/Glints2/dict_0005_0104.uasset" 9393
"/Engine/EngineMaterials/Substrate/Glints2/dict_0005_0102" 9394
"../../../Engine/Content/EngineMaterials/Substrate/Glints2/dict_0005_0105.uasset" 9395
"../../../Engine/Content/EngineMaterials/Substrate/Glints2/dict_0005_0106.uasset" 9396
"../../../Engine/Content/EngineMaterials/Substrate/Glints2/dict_0005_0107.uasset" 9397
"../../../Engine/Content/EngineMaterials/Substrate/Glints2/dict_0005_0108.uasset" 9398
"../../../Engine/Content/EngineMaterials/Substrate/Glints2/dict_0005_0109.uasset" 9399
"../../../Engine/Content/EngineMaterials/Substrate/Glints2/dict_0005_0110.uasset" 9400
"../../../Engine/Content/EngineMaterials/Substrate/Glints2/dict_0005_0111.uasset" 9401
"/Engine/EngineMaterials/Substrate/Glints2/dict_0005_0101" 9402
"../../../Engine/Content/EngineMaterials/Substrate/Glints2/dict_0005_0112.uasset" 9403
"../../../Engine/Content/EngineMaterials/Substrate/Glints2/dict_0005_0113.uasset" 9404
"/Engine/EngineMaterials/Substrate/Glints2/dict_0005_0100" 9405
"/Engine/EngineMaterials/Substrate/Glints2/dict_0005_0099" 9406
"/Engine/EngineMaterials/Substrate/Glints2/dict_0005_0098" 9407
"/Engine/EngineMaterials/Substrate/Glints2/dict_0005_0097" 9408
"/Engine/EngineMaterials/Substrate/Glints2/dict_0005_0096" 9409
"/Engine/EngineMaterials/Substrate/Glints2/dict_0005_0095" 9410
"/Engine/EngineMaterials/Substrate/Glints2/dict_0005_0094" 9411
"/Engine/EngineMaterials/Substrate/Glints2/dict_0005_0093" 9412
"/Engine/EngineMaterials/Substrate/Glints2/dict_0005_0092" 9413
"/Engine/EngineMaterials/Substrate/Glints2/dict_0005_0091" 9414
"/Engine/EngineMaterials/Substrate/Glints2/dict_0005_0090" 9415
"/Engine/EngineMaterials/Substrate/Glints2/dict_0005_0089" 9416
"/Engine/EngineMaterials/Substrate/Glints2/dict_0005_0088" 9417
"/Engine/EngineMaterials/Substrate/Glints2/dict_0005_0087" 9418
"/Engine/EngineMaterials/Substrate/Glints2/dict_0005_0086" 9419
"/Engine/EngineMaterials/Substrate/Glints2/dict_0005_0085" 9420
"/Engine/EngineMaterials/Substrate/Glints2/dict_0005_0084" 9421
"/Engine/EngineMaterials/Substrate/Glints2/dict_0005_0083" 9422
"/Engine/EngineMaterials/Substrate/Glints2/dict_0005_0082" 9423
"../../../Engine/Content/EngineMaterials/Substrate/Glints2/dict_0005_0114.uasset" 9424
"../../../Engine/Content/EngineMaterials/Substrate/Glints2/dict_0005_0115.uasset" 9425
"../../../Engine/Content/EngineMaterials/Substrate/Glints2/dict_0005_0117.uasset" 9426
"../../../Engine/Content/EngineMaterials/Substrate/Glints2/dict_0005_0116.uasset" 9427
"/Engine/EngineMaterials/Substrate/Glints2/dict_0005_0113" 9428
"../../../Engine/Content/EngineMaterials/Substrate/Glints2/dict_0005_0118.uasset" 9429
"../../../Engine/Content/EngineMaterials/Substrate/Glints2/dict_0005_0119.uasset" 9430
"../../../Engine/Content/EngineMaterials/Substrate/Glints2/dict_0005_0120.uasset" 9431
"../../../Engine/Content/EngineMaterials/Substrate/Glints2/dict_0005_0121.uasset" 9432
"../../../Engine/Content/EngineMaterials/Substrate/Glints2/dict_0005_0122.uasset" 9433
"../../../Engine/Content/EngineMaterials/Substrate/Glints2/dict_0005_0123.uasset" 9434
"../../../Engine/Content/EngineMaterials/Substrate/Glints2/dict_0005_0124.uasset" 9435
"../../../Engine/Content/EngineMaterials/Substrate/Glints2/dict_0005_0125.uasset" 9436
"/Engine/EngineMaterials/Substrate/Glints2/dict_0005_0112" 9437
"../../../Engine/Content/EngineMaterials/Substrate/Glints2/dict_0005_0126.uasset" 9438
"../../../Engine/Content/EngineMaterials/Substrate/Glints2/dict_0005_0127.uasset" 9439
"../../../Engine/Content/EngineMaterials/Substrate/Glints2/dict_0005_0128.uasset" 9440
"../../../Engine/Content/EngineMaterials/Substrate/Glints2/dict_0005_0129.uasset" 9441
"../../../Engine/Content/EngineMaterials/Substrate/Glints2/dict_0005_0130.uasset" 9442
"../../../Engine/Content/EngineMaterials/Substrate/Glints2/dict_0005_0131.uasset" 9443
"../../../Engine/Content/EngineMaterials/Substrate/Glints2/dict_0005_0132.uasset" 9444
"/Engine/EngineMaterials/Substrate/Glints2/dict_0005_0111" 9445
"../../../Engine/Content/EngineMaterials/Substrate/Glints2/dict_0005_0133.uasset" 9446
"../../../Engine/Content/EngineMaterials/Substrate/Glints2/dict_0005_0134.uasset" 9447
"/Engine/EngineMaterials/Substrate/Glints2/dict_0005_0110" 9448
"/Engine/EngineMaterials/Substrate/Glints2/dict_0005_0109" 9449
"/Engine/EngineMaterials/Substrate/Glints2/dict_0005_0108" 9450
"/Engine/EngineMaterials/Substrate/Glints2/dict_0005_0107" 9451
"/Engine/EngineMaterials/Substrate/Glints2/dict_0005_0106" 9452
"/Engine/EngineMaterials/Substrate/Glints2/dict_0005_0105" 9453
"/Engine/EngineMaterials/Substrate/Glints2/dict_0005_0104" 9454
"/Engine/EngineMaterials/Substrate/Glints2/dict_0005_0103" 9455
"/Engine/EngineMaterials/Substrate/Glints2/dict_0005_0115" 9456
"/Engine/EngineMaterials/Substrate/Glints2/dict_0005_0114" 9457
"../../../Engine/Content/EngineMaterials/Substrate/Glints2/dict_0005_0135.uasset" 9458
"/Engine/EngineMaterials/Substrate/Glints2/dict_0005_0134" 9459
"../../../Engine/Content/EngineMaterials/Substrate/Glints2/dict_0005_0136.uasset" 9460
"/Engine/EngineMaterials/Substrate/Glints2/dict_0005_0133" 9461
"../../../Engine/Content/EngineMaterials/Substrate/Glints2/dict_0005_0137.uasset" 9462
"../../../Engine/Content/EngineMaterials/Substrate/Glints2/dict_0005_0138.uasset" 9463
"../../../Engine/Content/EngineMaterials/Substrate/Glints2/dict_0005_0139.uasset" 9464
"/Engine/EngineMaterials/Substrate/Glints2/dict_0005_0132" 9465
"../../../Engine/Content/EngineMaterials/Substrate/Glints2/dict_0005_0140.uasset" 9466
"../../../Engine/Content/EngineMaterials/Substrate/Glints2/dict_0005_0141.uasset" 9467
"../../../Engine/Content/EngineMaterials/Substrate/Glints2/dict_0005_0143.uasset" 9468
"/Engine/EngineMaterials/Substrate/Glints2/dict_0005_0131" 9469
"../../../Engine/Content/EngineMaterials/Substrate/Glints2/dict_0005_0144.uasset" 9470
"../../../Engine/Content/EngineMaterials/Substrate/Glints2/dict_0005_0145.uasset" 9471
"../../../Engine/Content/EngineMaterials/Substrate/Glints2/dict_0005_0146.uasset" 9472
"../../../Engine/Content/EngineMaterials/Substrate/Glints2/dict_0005_0147.uasset" 9473
"/Engine/EngineMaterials/Substrate/Glints2/dict_0005_0130" 9474
"../../../Engine/Content/EngineMaterials/Substrate/Glints2/dict_0005_0142.uasset" 9475
"/Engine/EngineMaterials/Substrate/Glints2/dict_0005_0129" 9476
"/Engine/EngineMaterials/Substrate/Glints2/dict_0005_0128" 9477
"/Engine/EngineMaterials/Substrate/Glints2/dict_0005_0127" 9478
"/Engine/EngineMaterials/Substrate/Glints2/dict_0005_0126" 9479
"/Engine/EngineMaterials/Substrate/Glints2/dict_0005_0125" 9480
"/Engine/EngineMaterials/Substrate/Glints2/dict_0005_0124" 9481
"/Engine/EngineMaterials/Substrate/Glints2/dict_0005_0123" 9482
"/Engine/EngineMaterials/Substrate/Glints2/dict_0005_0122" 9483
"/Engine/EngineMaterials/Substrate/Glints2/dict_0005_0121" 9484
"/Engine/EngineMaterials/Substrate/Glints2/dict_0005_0120" 9485
"/Engine/EngineMaterials/Substrate/Glints2/dict_0005_0119" 9486
"/Engine/EngineMaterials/Substrate/Glints2/dict_0005_0118" 9487
"/Engine/EngineMaterials/Substrate/Glints2/dict_0005_0117" 9488
"/Engine/EngineMaterials/Substrate/Glints2/dict_0005_0116" 9489
"../../../Engine/Content/EngineMaterials/Substrate/Glints2/dict_0005_0148.uasset" 9490
"../../../Engine/Content/EngineMaterials/Substrate/Glints2/dict_0005_0149.uasset" 9491
"/Engine/EngineMaterials/Substrate/Glints2/dict_0005_0147" 9492
"../../../Engine/Content/EngineMaterials/Substrate/Glints2/dict_0005_0150.uasset" 9493
"../../../Engine/Content/EngineMaterials/Substrate/Glints2/dict_0005_0151.uasset" 9494
"../../../Engine/Content/EngineMaterials/Substrate/Glints2/dict_0005_0152.uasset" 9495
"../../../Engine/Content/EngineMaterials/Substrate/Glints2/dict_0005_0153.uasset" 9496
"../../../Engine/Content/EngineMaterials/Substrate/Glints2/dict_0005_0154.uasset" 9497
"../../../Engine/Content/EngineMaterials/Substrate/Glints2/dict_0005_0155.uasset" 9498
"../../../Engine/Content/EngineMaterials/Substrate/Glints2/dict_0005_0156.uasset" 9499
"../../../Engine/Content/EngineMaterials/Substrate/Glints2/dict_0005_0157.uasset" 9500
"/Engine/EngineMaterials/Substrate/Glints2/dict_0005_0146" 9501
"../../../Engine/Content/EngineMaterials/Substrate/Glints2/dict_0005_0158.uasset" 9502
"../../../Engine/Content/EngineMaterials/Substrate/Glints2/dict_0005_0159.uasset" 9503
"../../../Engine/Content/EngineMaterials/Substrate/Glints2/dict_0005_0160.uasset" 9504
"../../../Engine/Content/EngineMaterials/Substrate/Glints2/dict_0005_0161.uasset" 9505
"../../../Engine/Content/EngineMaterials/Substrate/Glints2/dict_0005_0162.uasset" 9506
"../../../Engine/Content/EngineMaterials/Substrate/Glints2/dict_0005_0163.uasset" 9507
"../../../Engine/Content/EngineMaterials/Substrate/Glints2/dict_0005_0164.uasset" 9508
"../../../Engine/Content/EngineMaterials/Substrate/Glints2/dict_0005_0165.uasset" 9509
"/Engine/EngineMaterials/Substrate/Glints2/dict_0005_0145" 9510
"../../../Engine/Content/EngineMaterials/Substrate/Glints2/dict_0005_0166.uasset" 9511
"/Engine/EngineMaterials/Substrate/Glints2/dict_0005_0144" 9512
"/Engine/EngineMaterials/Substrate/Glints2/dict_0005_0143" 9513
"/Engine/EngineMaterials/Substrate/Glints2/dict_0005_0142" 9514
"/Engine/EngineMaterials/Substrate/Glints2/dict_0005_0141" 9515
"/Engine/EngineMaterials/Substrate/Glints2/dict_0005_0140" 9516
"/Engine/EngineMaterials/Substrate/Glints2/dict_0005_0139" 9517
"/Engine/EngineMaterials/Substrate/Glints2/dict_0005_0138" 9518
"/Engine/EngineMaterials/Substrate/Glints2/dict_0005_0137" 9519
"/Engine/EngineMaterials/Substrate/Glints2/dict_0005_0136" 9520
"/Engine/EngineMaterials/Substrate/Glints2/dict_0005_0135" 9521
"../../../Engine/Content/EngineMaterials/Substrate/Glints2/dict_0005_0167.uasset" 9522
"../../../Engine/Content/EngineMaterials/Substrate/Glints2/dict_0005_0168.uasset" 9523
"/Engine/EngineMaterials/Substrate/Glints2/dict_0005_0166" 9524
"../../../Engine/Content/EngineMaterials/Substrate/Glints2/dict_0005_0170.uasset" 9525
"../../../Engine/Content/EngineMaterials/Substrate/Glints2/dict_0005_0169.uasset" 9526
"../../../Engine/Content/EngineMaterials/Substrate/Glints2/dict_0005_0171.uasset" 9527
"../../../Engine/Content/EngineMaterials/Substrate/Glints2/dict_0005_0172.uasset" 9528
"../../../Engine/Content/EngineMaterials/Substrate/Glints2/dict_0005_0173.uasset" 9529
"../../../Engine/Content/EngineMaterials/Substrate/Glints2/dict_0005_0174.uasset" 9530
"/Engine/EngineMaterials/Substrate/Glints2/dict_0005_0165" 9531
"../../../Engine/Content/EngineMaterials/Substrate/Glints2/dict_0005_0175.uasset" 9532
"../../../Engine/Content/EngineMaterials/Substrate/Glints2/dict_0005_0176.uasset" 9533
"../../../Engine/Content/EngineMaterials/Substrate/Glints2/dict_0005_0177.uasset" 9534
"../../../Engine/Content/EngineMaterials/Substrate/Glints2/dict_0005_0178.uasset" 9535
"../../../Engine/Content/EngineMaterials/Substrate/Glints2/dict_0005_0179.uasset" 9536
"/Engine/EngineMaterials/Substrate/Glints2/dict_0005_0164" 9537
"/Engine/EngineMaterials/Substrate/Glints2/dict_0005_0163" 9538
"/Engine/EngineMaterials/Substrate/Glints2/dict_0005_0162" 9539
"/Engine/EngineMaterials/Substrate/Glints2/dict_0005_0161" 9540
"/Engine/EngineMaterials/Substrate/Glints2/dict_0005_0160" 9541
"/Engine/EngineMaterials/Substrate/Glints2/dict_0005_0159" 9542
"/Engine/EngineMaterials/Substrate/Glints2/dict_0005_0158" 9543
"/Engine/EngineMaterials/Substrate/Glints2/dict_0005_0157" 9544
"/Engine/EngineMaterials/Substrate/Glints2/dict_0005_0156" 9545
"/Engine/EngineMaterials/Substrate/Glints2/dict_0005_0155" 9546
"/Engine/EngineMaterials/Substrate/Glints2/dict_0005_0154" 9547
"/Engine/EngineMaterials/Substrate/Glints2/dict_0005_0153" 9548
"/Engine/EngineMaterials/Substrate/Glints2/dict_0005_0152" 9549
"/Engine/EngineMaterials/Substrate/Glints2/dict_0005_0151" 9550
"/Engine/EngineMaterials/Substrate/Glints2/dict_0005_0150" 9551
"/Engine/EngineMaterials/Substrate/Glints2/dict_0005_0149" 9552
"/Engine/EngineMaterials/Substrate/Glints2/dict_0005_0148" 9553
"../../../Engine/Content/EngineMaterials/Substrate/Glints2/dict_0005_0180.uasset" 9554
"../../../Engine/Content/EngineMaterials/Substrate/Glints2/dict_0005_0181.uasset" 9555
"/Engine/EngineMaterials/Substrate/Glints2/dict_0005_0179" 9556
"../../../Engine/Content/EngineMaterials/Substrate/Glints2/dict_0005_0182.uasset" 9557
"../../../Engine/Content/EngineMaterials/Substrate/Glints2/dict_0005_0183.uasset" 9558
"../../../Engine/Content/EngineMaterials/Substrate/Glints2/dict_0005_0184.uasset" 9559
"../../../Engine/Content/EngineMaterials/Substrate/Glints2/dict_0005_0185.uasset" 9560
"/Engine/EngineMaterials/Substrate/Glints2/dict_0005_0178" 9561
"../../../Engine/Content/EngineMaterials/Substrate/Glints2/dict_0005_0186.uasset" 9562
"../../../Engine/Content/EngineMaterials/Substrate/Glints2/dict_0005_0187.uasset" 9563
"../../../Engine/Content/EngineMaterials/Substrate/Glints2/dict_0005_0188.uasset" 9564
"../../../Engine/Content/EngineMaterials/Substrate/Glints2/dict_0005_0189.uasset" 9565
"/Engine/EngineMaterials/Substrate/Glints2/dict_0005_0177" 9566
"../../../Engine/Content/EngineMaterials/Substrate/Glints2/dict_0005_0190.uasset" 9567
"../../../Engine/Content/EngineMaterials/Substrate/Glints2/dict_0005_0191.uasset" 9568
"../../../Engine/Content/EngineMaterials/Substrate/Glints2/dict_0005_0192.uasset" 9569
"/Engine/EngineMaterials/Substrate/Glints2/dict_0005_0176" 9570
"../../../Engine/Content/EngineMaterials/Substrate/Glints2/dict_0005_0193.uasset" 9571
"../../../Engine/Content/EngineMaterials/Substrate/Glints2/dict_0005_0194.uasset" 9572
"../../../Engine/Content/EngineMaterials/Substrate/Glints2/dict_0005_0195.uasset" 9573
"../../../Engine/Content/EngineMaterials/Substrate/Glints2/dict_0005_0196.uasset" 9574
"../../../Engine/Content/EngineMaterials/Substrate/Glints2/dict_0005_0197.uasset" 9575
"../../../Engine/Content/EngineMaterials/Substrate/Glints2/dict_0005_0198.uasset" 9576
"/Engine/EngineMaterials/Substrate/Glints2/dict_0005_0175" 9577
"/Engine/EngineMaterials/Substrate/Glints2/dict_0005_0174" 9578
"/Engine/EngineMaterials/Substrate/Glints2/dict_0005_0173" 9579
"/Engine/EngineMaterials/Substrate/Glints2/dict_0005_0172" 9580
"/Engine/EngineMaterials/Substrate/Glints2/dict_0005_0171" 9581
"/Engine/EngineMaterials/Substrate/Glints2/dict_0005_0170" 9582
"/Engine/EngineMaterials/Substrate/Glints2/dict_0005_0169" 9583
"/Engine/EngineMaterials/Substrate/Glints2/dict_0005_0168" 9584
"/Engine/EngineMaterials/Substrate/Glints2/dict_0005_0167" 9585
"/Engine/EngineMaterials/Substrate/Glints2/dict_0005_0198" 9586
"../../../Engine/Content/EngineMaterials/Substrate/Glints2/dict_0005_0199.uasset" 9587
"../../../Engine/Content/EngineMaterials/Substrate/Glints2/dict_0005_0200.uasset" 9588
"../../../Engine/Content/EngineMaterials/Substrate/Glints2/dict_0005_0201.uasset" 9589
"../../../Engine/Content/EngineMaterials/Substrate/Glints2/dict_0005_0202.uasset" 9590
"../../../Engine/Content/EngineMaterials/Substrate/Glints2/dict_0005_0203.uasset" 9591
"../../../Engine/Content/EngineMaterials/Substrate/Glints2/dict_0005_0205.uasset" 9592
"../../../Engine/Content/EngineMaterials/Substrate/Glints2/dict_0005_0206.uasset" 9593
"/Engine/EngineMaterials/Substrate/Glints2/dict_0005_0197" 9594
"../../../Engine/Content/EngineMaterials/Substrate/Glints2/dict_0005_0207.uasset" 9595
"../../../Engine/Content/EngineMaterials/Substrate/Glints2/dict_0005_0208.uasset" 9596
"../../../Engine/Content/EngineMaterials/Substrate/Glints2/dict_0005_0204.uasset" 9597
"../../../Engine/Content/EngineMaterials/Substrate/Glints2/dict_0005_0209.uasset" 9598
"../../../Engine/Content/EngineMaterials/Substrate/Glints2/dict_0005_0211.uasset" 9599
"../../../Engine/Content/EngineMaterials/Substrate/Glints2/dict_0005_0210.uasset" 9600
"/Engine/EngineMaterials/Substrate/Glints2/dict_0005_0196" 9601
"/Engine/EngineMaterials/Substrate/Glints2/dict_0005_0195" 9602
"/Engine/EngineMaterials/Substrate/Glints2/dict_0005_0194" 9603
"/Engine/EngineMaterials/Substrate/Glints2/dict_0005_0193" 9604
"/Engine/EngineMaterials/Substrate/Glints2/dict_0005_0192" 9605
"/Engine/EngineMaterials/Substrate/Glints2/dict_0005_0191" 9606
"/Engine/EngineMaterials/Substrate/Glints2/dict_0005_0190" 9607
"/Engine/EngineMaterials/Substrate/Glints2/dict_0005_0189" 9608
"/Engine/EngineMaterials/Substrate/Glints2/dict_0005_0188" 9609
"/Engine/EngineMaterials/Substrate/Glints2/dict_0005_0187" 9610
"/Engine/EngineMaterials/Substrate/Glints2/dict_0005_0186" 9611
"/Engine/EngineMaterials/Substrate/Glints2/dict_0005_0185" 9612
"/Engine/EngineMaterials/Substrate/Glints2/dict_0005_0184" 9613
"/Engine/EngineMaterials/Substrate/Glints2/dict_0005_0183" 9614
"/Engine/EngineMaterials/Substrate/Glints2/dict_0005_0182" 9615
"/Engine/EngineMaterials/Substrate/Glints2/dict_0005_0181" 9616
"/Engine/EngineMaterials/Substrate/Glints2/dict_0005_0180" 9617
"../../../Engine/Content/EngineMaterials/Substrate/Glints2/dict_0005_0213.uasset" 9618
"../../../Engine/Content/EngineMaterials/Substrate/Glints2/dict_0005_0212.uasset" 9619
"/Engine/EngineMaterials/Substrate/Glints2/dict_0005_0211" 9620
"../../../Engine/Content/EngineMaterials/Substrate/Glints2/dict_0005_0214.uasset" 9621
"../../../Engine/Content/EngineMaterials/Substrate/Glints2/dict_0005_0215.uasset" 9622
"../../../Engine/Content/EngineMaterials/Substrate/Glints2/dict_0005_0216.uasset" 9623
"../../../Engine/Content/EngineMaterials/Substrate/Glints2/dict_0005_0217.uasset" 9624
"../../../Engine/Content/EngineMaterials/Substrate/Glints2/dict_0005_0218.uasset" 9625
"../../../Engine/Content/EngineMaterials/Substrate/Glints2/dict_0005_0219.uasset" 9626
"/Engine/EngineMaterials/Substrate/Glints2/dict_0005_0210" 9627
"../../../Engine/Content/EngineMaterials/Substrate/Glints2/dict_0005_0220.uasset" 9628
"../../../Engine/Content/EngineMaterials/Substrate/Glints2/dict_0005_0221.uasset" 9629
"../../../Engine/Content/EngineMaterials/Substrate/Glints2/dict_0005_0222.uasset" 9630
"../../../Engine/Content/EngineMaterials/Substrate/Glints2/dict_0005_0223.uasset" 9631
"../../../Engine/Content/EngineMaterials/Substrate/Glints2/dict_0005_0224.uasset" 9632
"../../../Engine/Content/EngineMaterials/Substrate/Glints2/dict_0005_0225.uasset" 9633
"../../../Engine/Content/EngineMaterials/Substrate/Glints2/dict_0005_0226.uasset" 9634
"/Engine/EngineMaterials/Substrate/Glints2/dict_0005_0209" 9635
"../../../Engine/Content/EngineMaterials/Substrate/Glints2/dict_0005_0227.uasset" 9636
"../../../Engine/Content/EngineMaterials/Substrate/Glints2/dict_0005_0228.uasset" 9637
"../../../Engine/Content/EngineMaterials/Substrate/Glints2/dict_0005_0229.uasset" 9638
"../../../Engine/Content/EngineMaterials/Substrate/Glints2/dict_0005_0230.uasset" 9639
"/Engine/EngineMaterials/Substrate/Glints2/dict_0005_0208" 9640
"/Engine/EngineMaterials/Substrate/Glints2/dict_0005_0207" 9641
"/Engine/EngineMaterials/Substrate/Glints2/dict_0005_0206" 9642
"/Engine/EngineMaterials/Substrate/Glints2/dict_0005_0205" 9643
"/Engine/EngineMaterials/Substrate/Glints2/dict_0005_0204" 9644
"/Engine/EngineMaterials/Substrate/Glints2/dict_0005_0203" 9645
"/Engine/EngineMaterials/Substrate/Glints2/dict_0005_0202" 9646
"/Engine/EngineMaterials/Substrate/Glints2/dict_0005_0201" 9647
"/Engine/EngineMaterials/Substrate/Glints2/dict_0005_0200" 9648
"/Engine/EngineMaterials/Substrate/Glints2/dict_0005_0199" 9649
"../../../Engine/Content/EngineMaterials/Substrate/Glints2/dict_0005_0231.uasset" 9650
"/Engine/EngineMaterials/Substrate/Glints2/dict_0005_0230" 9651
"../../../Engine/Content/EngineMaterials/Substrate/Glints2/dict_0005_0232.uasset" 9652
"../../../Engine/Content/EngineMaterials/Substrate/Glints2/dict_0005_0233.uasset" 9653
"../../../Engine/Content/EngineMaterials/Substrate/Glints2/dict_0005_0234.uasset" 9654
"../../../Engine/Content/EngineMaterials/Substrate/Glints2/dict_0005_0235.uasset" 9655
"../../../Engine/Content/EngineMaterials/Substrate/Glints2/dict_0005_0236.uasset" 9656
"/Engine/EngineMaterials/Substrate/Glints2/dict_0005_0229" 9657
"../../../Engine/Content/EngineMaterials/Substrate/Glints2/dict_0005_0237.uasset" 9658
"../../../Engine/Content/EngineMaterials/Substrate/Glints2/dict_0005_0238.uasset" 9659
"../../../Engine/Content/EngineMaterials/Substrate/Glints2/dict_0005_0239.uasset" 9660
"../../../Engine/Content/EngineMaterials/Substrate/Glints2/dict_0005_0240.uasset" 9661
"../../../Engine/Content/EngineMaterials/Substrate/Glints2/dict_0005_0241.uasset" 9662
"../../../Engine/Content/EngineMaterials/Substrate/Glints2/dict_0005_0242.uasset" 9663
"../../../Engine/Content/EngineMaterials/Substrate/Glints2/dict_0005_0243.uasset" 9664
"/Engine/EngineMaterials/Substrate/Glints2/dict_0005_0228" 9665
"/Engine/EngineMaterials/Substrate/Glints2/dict_0005_0227" 9666
"/Engine/EngineMaterials/Substrate/Glints2/dict_0005_0226" 9667
"/Engine/EngineMaterials/Substrate/Glints2/dict_0005_0225" 9668
"/Engine/EngineMaterials/Substrate/Glints2/dict_0005_0224" 9669
"/Engine/EngineMaterials/Substrate/Glints2/dict_0005_0223" 9670
"/Engine/EngineMaterials/Substrate/Glints2/dict_0005_0222" 9671
"/Engine/EngineMaterials/Substrate/Glints2/dict_0005_0221" 9672
"/Engine/EngineMaterials/Substrate/Glints2/dict_0005_0220" 9673
"/Engine/EngineMaterials/Substrate/Glints2/dict_0005_0219" 9674
"/Engine/EngineMaterials/Substrate/Glints2/dict_0005_0218" 9675
"/Engine/EngineMaterials/Substrate/Glints2/dict_0005_0217" 9676
"/Engine/EngineMaterials/Substrate/Glints2/dict_0005_0216" 9677
"/Engine/EngineMaterials/Substrate/Glints2/dict_0005_0215" 9678
"/Engine/EngineMaterials/Substrate/Glints2/dict_0005_0214" 9679
"/Engine/EngineMaterials/Substrate/Glints2/dict_0005_0213" 9680
"/Engine/EngineMaterials/Substrate/Glints2/dict_0005_0212" 9681
"../../../Engine/Content/EngineMaterials/Substrate/Glints2/dict_0005_0244.uasset" 9682
"../../../Engine/Content/EngineMaterials/Substrate/Glints2/dict_0005_0245.uasset" 9683
"/Engine/EngineMaterials/Substrate/Glints2/dict_0005_0243" 9684
"../../../Engine/Content/EngineMaterials/Substrate/Glints2/dict_0005_0246.uasset" 9685
"../../../Engine/Content/EngineMaterials/Substrate/Glints2/dict_0005_0247.uasset" 9686
"../../../Engine/Content/EngineMaterials/Substrate/Glints2/dict_0005_0248.uasset" 9687
"/Engine/EngineMaterials/Substrate/Glints2/dict_0005_0242" 9688
"../../../Engine/Content/EngineMaterials/Substrate/Glints2/dict_0005_0249.uasset" 9689
"../../../Engine/Content/EngineMaterials/Substrate/Glints2/dict_0005_0250.uasset" 9690
"../../../Engine/Content/EngineMaterials/Substrate/Glints2/dict_0005_0251.uasset" 9691
"../../../Engine/Content/EngineMaterials/Substrate/Glints2/dict_0005_0252.uasset" 9692
"../../../Engine/Content/EngineMaterials/Substrate/Glints2/dict_0005_0253.uasset" 9693
"/Engine/EngineMaterials/Substrate/Glints2/dict_0005_0241" 9694
"../../../Engine/Content/EngineMaterials/Substrate/Glints2/dict_0005_0254.uasset" 9695
"../../../Engine/Content/EngineMaterials/Substrate/Glints2/dict_0005_0255.uasset" 9696
"../../../Engine/Content/EngineMaterials/Substrate/Glints2/dict_0006_0000.uasset" 9697
"../../../Engine/Content/EngineMaterials/Substrate/Glints2/dict_0006_0001.uasset" 9698
"../../../Engine/Content/EngineMaterials/Substrate/Glints2/dict_0006_0002.uasset" 9699
"../../../Engine/Content/EngineMaterials/Substrate/Glints2/dict_0006_0003.uasset" 9700
"../../../Engine/Content/EngineMaterials/Substrate/Glints2/dict_0006_0005.uasset" 9701
"../../../Engine/Content/EngineMaterials/Substrate/Glints2/dict_0006_0004.uasset" 9702
"../../../Engine/Content/EngineMaterials/Substrate/Glints2/dict_0006_0006.uasset" 9703
"/Engine/EngineMaterials/Substrate/Glints2/dict_0005_0240" 9704
"/Engine/EngineMaterials/Substrate/Glints2/dict_0005_0239" 9705
"/Engine/EngineMaterials/Substrate/Glints2/dict_0005_0238" 9706
"/Engine/EngineMaterials/Substrate/Glints2/dict_0005_0237" 9707
"/Engine/EngineMaterials/Substrate/Glints2/dict_0005_0236" 9708
"/Engine/EngineMaterials/Substrate/Glints2/dict_0005_0235" 9709
"/Engine/EngineMaterials/Substrate/Glints2/dict_0005_0234" 9710
"/Engine/EngineMaterials/Substrate/Glints2/dict_0005_0233" 9711
"/Engine/EngineMaterials/Substrate/Glints2/dict_0005_0232" 9712
"/Engine/EngineMaterials/Substrate/Glints2/dict_0005_0231" 9713
"../../../Engine/Content/EngineMaterials/Substrate/Glints2/dict_0006_0008.uasset" 9714
"../../../Engine/Content/EngineMaterials/Substrate/Glints2/dict_0006_0007.uasset" 9715
"../../../Engine/Content/EngineMaterials/Substrate/Glints2/dict_0006_0009.uasset" 9716
"../../../Engine/Content/EngineMaterials/Substrate/Glints2/dict_0006_0010.uasset" 9717
"../../../Engine/Content/EngineMaterials/Substrate/Glints2/dict_0006_0011.uasset" 9718
"../../../Engine/Content/EngineMaterials/Substrate/Glints2/dict_0006_0012.uasset" 9719
"../../../Engine/Content/EngineMaterials/Substrate/Glints2/dict_0006_0013.uasset" 9720
"../../../Engine/Content/EngineMaterials/Substrate/Glints2/dict_0006_0014.uasset" 9721
"../../../Engine/Content/EngineMaterials/Substrate/Glints2/dict_0006_0015.uasset" 9722
"/Engine/EngineMaterials/Substrate/Glints2/dict_0006_0006" 9723
"../../../Engine/Content/EngineMaterials/Substrate/Glints2/dict_0006_0016.uasset" 9724
"../../../Engine/Content/EngineMaterials/Substrate/Glints2/dict_0006_0017.uasset" 9725
"../../../Engine/Content/EngineMaterials/Substrate/Glints2/dict_0006_0018.uasset" 9726
"../../../Engine/Content/EngineMaterials/Substrate/Glints2/dict_0006_0019.uasset" 9727
"/Engine/EngineMaterials/Substrate/Glints2/dict_0006_0005" 9728
"/Engine/EngineMaterials/Substrate/Glints2/dict_0006_0004" 9729
"/Engine/EngineMaterials/Substrate/Glints2/dict_0006_0003" 9730
"/Engine/EngineMaterials/Substrate/Glints2/dict_0006_0002" 9731
"/Engine/EngineMaterials/Substrate/Glints2/dict_0006_0001" 9732
"/Engine/EngineMaterials/Substrate/Glints2/dict_0006_0000" 9733
"/Engine/EngineMaterials/Substrate/Glints2/dict_0005_0255" 9734
"/Engine/EngineMaterials/Substrate/Glints2/dict_0005_0254" 9735
"/Engine/EngineMaterials/Substrate/Glints2/dict_0006_0012" 9736
"/Engine/EngineMaterials/Substrate/Glints2/dict_0005_0253" 9737
"/Engine/EngineMaterials/Substrate/Glints2/dict_0005_0252" 9738
"/Engine/EngineMaterials/Substrate/Glints2/dict_0005_0251" 9739
"/Engine/EngineMaterials/Substrate/Glints2/dict_0005_0250" 9740
"/Engine/EngineMaterials/Substrate/Glints2/dict_0005_0249" 9741
"/Engine/EngineMaterials/Substrate/Glints2/dict_0005_0248" 9742
"/Engine/EngineMaterials/Substrate/Glints2/dict_0005_0247" 9743
"/Engine/EngineMaterials/Substrate/Glints2/dict_0005_0246" 9744
"/Engine/EngineMaterials/Substrate/Glints2/dict_0006_0011" 9745
"/Engine/EngineMaterials/Substrate/Glints2/dict_0006_0010" 9746
"/Engine/EngineMaterials/Substrate/Glints2/dict_0006_0009" 9747
"/Engine/EngineMaterials/Substrate/Glints2/dict_0005_0245" 9748
"/Engine/EngineMaterials/Substrate/Glints2/dict_0005_0244" 9749
"/Engine/EngineMaterials/Substrate/Glints2/dict_0006_0008" 9750
"/Engine/EngineMaterials/Substrate/Glints2/dict_0006_0007" 9751
"../../../Engine/Content/EngineMaterials/Substrate/Glints2/dict_0006_0020.uasset" 9752
"/Engine/EngineMaterials/Substrate/Glints2/dict_0006_0019" 9753
"../../../Engine/Content/EngineMaterials/Substrate/Glints2/dict_0006_0021.uasset" 9754
"../../../Engine/Content/EngineMaterials/Substrate/Glints2/dict_0006_0022.uasset" 9755
"../../../Engine/Content/EngineMaterials/Substrate/Glints2/dict_0006_0023.uasset" 9756
"../../../Engine/Content/EngineMaterials/Substrate/Glints2/dict_0006_0024.uasset" 9757
"../../../Engine/Content/EngineMaterials/Substrate/Glints2/dict_0006_0025.uasset" 9758
"../../../Engine/Content/EngineMaterials/Substrate/Glints2/dict_0006_0026.uasset" 9759
"/Engine/EngineMaterials/Substrate/Glints2/dict_0006_0018" 9760
"../../../Engine/Content/EngineMaterials/Substrate/Glints2/dict_0006_0027.uasset" 9761
"../../../Engine/Content/EngineMaterials/Substrate/Glints2/dict_0006_0028.uasset" 9762
"../../../Engine/Content/EngineMaterials/Substrate/Glints2/dict_0006_0029.uasset" 9763
"../../../Engine/Content/EngineMaterials/Substrate/Glints2/dict_0006_0030.uasset" 9764
"../../../Engine/Content/EngineMaterials/Substrate/Glints2/dict_0006_0031.uasset" 9765
"../../../Engine/Content/EngineMaterials/Substrate/Glints2/dict_0006_0032.uasset" 9766
"../../../Engine/Content/EngineMaterials/Substrate/Glints2/dict_0006_0033.uasset" 9767
"/Engine/EngineMaterials/Substrate/Glints2/dict_0006_0017" 9768
"../../../Engine/Content/EngineMaterials/Substrate/Glints2/dict_0006_0034.uasset" 9769
"../../../Engine/Content/EngineMaterials/Substrate/Glints2/dict_0006_0035.uasset" 9770
"../../../Engine/Content/EngineMaterials/Substrate/Glints2/dict_0006_0036.uasset" 9771
"../../../Engine/Content/EngineMaterials/Substrate/Glints2/dict_0006_0037.uasset" 9772
"../../../Engine/Content/EngineMaterials/Substrate/Glints2/dict_0006_0038.uasset" 9773
"../../../Engine/Content/EngineMaterials/Substrate/Glints2/dict_0006_0039.uasset" 9774
"../../../Engine/Content/EngineMaterials/Substrate/Glints2/dict_0006_0040.uasset" 9775
"/Engine/EngineMaterials/Substrate/Glints2/dict_0006_0016" 9776
"../../../Engine/Content/EngineMaterials/Substrate/Glints2/dict_0006_0041.uasset" 9777
"../../../Engine/Content/EngineMaterials/Substrate/Glints2/dict_0006_0042.uasset" 9778
"../../../Engine/Content/EngineMaterials/Substrate/Glints2/dict_0006_0043.uasset" 9779
"../../../Engine/Content/EngineMaterials/Substrate/Glints2/dict_0006_0044.uasset" 9780
"/Engine/EngineMaterials/Substrate/Glints2/dict_0006_0015" 9781
"/Engine/EngineMaterials/Substrate/Glints2/dict_0006_0014" 9782
"/Engine/EngineMaterials/Substrate/Glints2/dict_0006_0013" 9783
"../../../Engine/Content/EngineMaterials/Substrate/Glints2/dict_0006_0045.uasset" 9784
"../../../Engine/Content/EngineMaterials/Substrate/Glints2/dict_0006_0046.uasset" 9785
"../../../Engine/Content/EngineMaterials/Substrate/Glints2/dict_0006_0047.uasset" 9786
"/Engine/EngineMaterials/Substrate/Glints2/dict_0006_0044" 9787
"../../../Engine/Content/EngineMaterials/Substrate/Glints2/dict_0006_0048.uasset" 9788
"../../../Engine/Content/EngineMaterials/Substrate/Glints2/dict_0006_0049.uasset" 9789
"../../../Engine/Content/EngineMaterials/Substrate/Glints2/dict_0006_0050.uasset" 9790
"../../../Engine/Content/EngineMaterials/Substrate/Glints2/dict_0006_0051.uasset" 9791
"/Engine/EngineMaterials/Substrate/Glints2/dict_0006_0043" 9792
"/Engine/EngineMaterials/Substrate/Glints2/dict_0006_0042" 9793
"/Engine/EngineMaterials/Substrate/Glints2/dict_0006_0041" 9794
"/Engine/EngineMaterials/Substrate/Glints2/dict_0006_0040" 9795
"/Engine/EngineMaterials/Substrate/Glints2/dict_0006_0039" 9796
"/Engine/EngineMaterials/Substrate/Glints2/dict_0006_0038" 9797
"/Engine/EngineMaterials/Substrate/Glints2/dict_0006_0037" 9798
"/Engine/EngineMaterials/Substrate/Glints2/dict_0006_0036" 9799
"/Engine/EngineMaterials/Substrate/Glints2/dict_0006_0045" 9800
"/Engine/EngineMaterials/Substrate/Glints2/dict_0006_0035" 9801
"/Engine/EngineMaterials/Substrate/Glints2/dict_0006_0034" 9802
"/Engine/EngineMaterials/Substrate/Glints2/dict_0006_0033" 9803
"/Engine/EngineMaterials/Substrate/Glints2/dict_0006_0032" 9804
"/Engine/EngineMaterials/Substrate/Glints2/dict_0006_0031" 9805
"/Engine/EngineMaterials/Substrate/Glints2/dict_0006_0030" 9806
"/Engine/EngineMaterials/Substrate/Glints2/dict_0006_0029" 9807
"/Engine/EngineMaterials/Substrate/Glints2/dict_0006_0028" 9808
"/Engine/EngineMaterials/Substrate/Glints2/dict_0006_0027" 9809
"/Engine/EngineMaterials/Substrate/Glints2/dict_0006_0026" 9810
"/Engine/EngineMaterials/Substrate/Glints2/dict_0006_0025" 9811
"/Engine/EngineMaterials/Substrate/Glints2/dict_0006_0024" 9812
"/Engine/EngineMaterials/Substrate/Glints2/dict_0006_0023" 9813
"/Engine/EngineMaterials/Substrate/Glints2/dict_0006_0022" 9814
"/Engine/EngineMaterials/Substrate/Glints2/dict_0006_0021" 9815
"/Engine/EngineMaterials/Substrate/Glints2/dict_0006_0020" 9816
"../../../Engine/Content/EngineMaterials/Substrate/Glints2/dict_0006_0053.uasset" 9817
"../../../Engine/Content/EngineMaterials/Substrate/Glints2/dict_0006_0052.uasset" 9818
"/Engine/EngineMaterials/Substrate/Glints2/dict_0006_0051" 9819
"../../../Engine/Content/EngineMaterials/Substrate/Glints2/dict_0006_0054.uasset" 9820
"../../../Engine/Content/EngineMaterials/Substrate/Glints2/dict_0006_0055.uasset" 9821
"../../../Engine/Content/EngineMaterials/Substrate/Glints2/dict_0006_0056.uasset" 9822
"../../../Engine/Content/EngineMaterials/Substrate/Glints2/dict_0006_0057.uasset" 9823
"../../../Engine/Content/EngineMaterials/Substrate/Glints2/dict_0006_0058.uasset" 9824
"../../../Engine/Content/EngineMaterials/Substrate/Glints2/dict_0006_0059.uasset" 9825
"/Engine/EngineMaterials/Substrate/Glints2/dict_0006_0050" 9826
"../../../Engine/Content/EngineMaterials/Substrate/Glints2/dict_0006_0060.uasset" 9827
"../../../Engine/Content/EngineMaterials/Substrate/Glints2/dict_0006_0061.uasset" 9828
"../../../Engine/Content/EngineMaterials/Substrate/Glints2/dict_0006_0062.uasset" 9829
"../../../Engine/Content/EngineMaterials/Substrate/Glints2/dict_0006_0063.uasset" 9830
"../../../Engine/Content/EngineMaterials/Substrate/Glints2/dict_0006_0064.uasset" 9831
"../../../Engine/Content/EngineMaterials/Substrate/Glints2/dict_0006_0065.uasset" 9832
"/Engine/EngineMaterials/Substrate/Glints2/dict_0006_0049" 9833
"../../../Engine/Content/EngineMaterials/Substrate/Glints2/dict_0006_0066.uasset" 9834
"../../../Engine/Content/EngineMaterials/Substrate/Glints2/dict_0006_0067.uasset" 9835
"../../../Engine/Content/EngineMaterials/Substrate/Glints2/dict_0006_0068.uasset" 9836
"../../../Engine/Content/EngineMaterials/Substrate/Glints2/dict_0006_0069.uasset" 9837
"../../../Engine/Content/EngineMaterials/Substrate/Glints2/dict_0006_0070.uasset" 9838
"../../../Engine/Content/EngineMaterials/Substrate/Glints2/dict_0006_0071.uasset" 9839
"../../../Engine/Content/EngineMaterials/Substrate/Glints2/dict_0006_0072.uasset" 9840
"/Engine/EngineMaterials/Substrate/Glints2/dict_0006_0048" 9841
"../../../Engine/Content/EngineMaterials/Substrate/Glints2/dict_0006_0074.uasset" 9842
"../../../Engine/Content/EngineMaterials/Substrate/Glints2/dict_0006_0073.uasset" 9843
"../../../Engine/Content/EngineMaterials/Substrate/Glints2/dict_0006_0075.uasset" 9844
"../../../Engine/Content/EngineMaterials/Substrate/Glints2/dict_0006_0076.uasset" 9845
"../../../Engine/Content/EngineMaterials/Substrate/Glints2/dict_0006_0077.uasset" 9846
"/Engine/EngineMaterials/Substrate/Glints2/dict_0006_0047" 9847
"/Engine/EngineMaterials/Substrate/Glints2/dict_0006_0046" 9848
"../../../Engine/Content/EngineMaterials/Substrate/Glints2/dict_0006_0079.uasset" 9849
"../../../Engine/Content/EngineMaterials/Substrate/Glints2/dict_0006_0078.uasset" 9850
"/Engine/EngineMaterials/Substrate/Glints2/dict_0006_0077" 9851
"../../../Engine/Content/EngineMaterials/Substrate/Glints2/dict_0006_0080.uasset" 9852
"../../../Engine/Content/EngineMaterials/Substrate/Glints2/dict_0006_0081.uasset" 9853
"../../../Engine/Content/EngineMaterials/Substrate/Glints2/dict_0006_0082.uasset" 9854
"../../../Engine/Content/EngineMaterials/Substrate/Glints2/dict_0006_0083.uasset" 9855
"/Engine/EngineMaterials/Substrate/Glints2/dict_0006_0076" 9856
"/Engine/EngineMaterials/Substrate/Glints2/dict_0006_0075" 9857
"/Engine/EngineMaterials/Substrate/Glints2/dict_0006_0074" 9858
"/Engine/EngineMaterials/Substrate/Glints2/dict_0006_0073" 9859
"/Engine/EngineMaterials/Substrate/Glints2/dict_0006_0072" 9860
"/Engine/EngineMaterials/Substrate/Glints2/dict_0006_0071" 9861
"/Engine/EngineMaterials/Substrate/Glints2/dict_0006_0070" 9862
"/Engine/EngineMaterials/Substrate/Glints2/dict_0006_0069" 9863
"/Engine/EngineMaterials/Substrate/Glints2/dict_0006_0068" 9864
"/Engine/EngineMaterials/Substrate/Glints2/dict_0006_0067" 9865
"/Engine/EngineMaterials/Substrate/Glints2/dict_0006_0066" 9866
"/Engine/EngineMaterials/Substrate/Glints2/dict_0006_0065" 9867
"/Engine/EngineMaterials/Substrate/Glints2/dict_0006_0064" 9868
"/Engine/EngineMaterials/Substrate/Glints2/dict_0006_0063" 9869
"/Engine/EngineMaterials/Substrate/Glints2/dict_0006_0062" 9870
"/Engine/EngineMaterials/Substrate/Glints2/dict_0006_0061" 9871
"/Engine/EngineMaterials/Substrate/Glints2/dict_0006_0060" 9872
"/Engine/EngineMaterials/Substrate/Glints2/dict_0006_0059" 9873
"/Engine/EngineMaterials/Substrate/Glints2/dict_0006_0058" 9874
"/Engine/EngineMaterials/Substrate/Glints2/dict_0006_0057" 9875
"/Engine/EngineMaterials/Substrate/Glints2/dict_0006_0056" 9876
"/Engine/EngineMaterials/Substrate/Glints2/dict_0006_0055" 9877
"/Engine/EngineMaterials/Substrate/Glints2/dict_0006_0054" 9878
"/Engine/EngineMaterials/Substrate/Glints2/dict_0006_0053" 9879
"/Engine/EngineMaterials/Substrate/Glints2/dict_0006_0052" 9880
"../../../Engine/Content/EngineMaterials/Substrate/Glints2/dict_0006_0084.uasset" 9881
"../../../Engine/Content/EngineMaterials/Substrate/Glints2/dict_0006_0085.uasset" 9882
"/Engine/EngineMaterials/Substrate/Glints2/dict_0006_0083" 9883
"../../../Engine/Content/EngineMaterials/Substrate/Glints2/dict_0006_0087.uasset" 9884
"../../../Engine/Content/EngineMaterials/Substrate/Glints2/dict_0006_0086.uasset" 9885
"../../../Engine/Content/EngineMaterials/Substrate/Glints2/dict_0006_0088.uasset" 9886
"../../../Engine/Content/EngineMaterials/Substrate/Glints2/dict_0006_0089.uasset" 9887
"../../../Engine/Content/EngineMaterials/Substrate/Glints2/dict_0006_0090.uasset" 9888
"../../../Engine/Content/EngineMaterials/Substrate/Glints2/dict_0006_0091.uasset" 9889
"/Engine/EngineMaterials/Substrate/Glints2/dict_0006_0082" 9890
"../../../Engine/Content/EngineMaterials/Substrate/Glints2/dict_0006_0092.uasset" 9891
"../../../Engine/Content/EngineMaterials/Substrate/Glints2/dict_0006_0093.uasset" 9892
"../../../Engine/Content/EngineMaterials/Substrate/Glints2/dict_0006_0094.uasset" 9893
"../../../Engine/Content/EngineMaterials/Substrate/Glints2/dict_0006_0095.uasset" 9894
"../../../Engine/Content/EngineMaterials/Substrate/Glints2/dict_0006_0096.uasset" 9895
"../../../Engine/Content/EngineMaterials/Substrate/Glints2/dict_0006_0097.uasset" 9896
"../../../Engine/Content/EngineMaterials/Substrate/Glints2/dict_0006_0098.uasset" 9897
"../../../Engine/Content/EngineMaterials/Substrate/Glints2/dict_0006_0099.uasset" 9898
"/Engine/EngineMaterials/Substrate/Glints2/dict_0006_0081" 9899
"../../../Engine/Content/EngineMaterials/Substrate/Glints2/dict_0006_0100.uasset" 9900
"../../../Engine/Content/EngineMaterials/Substrate/Glints2/dict_0006_0101.uasset" 9901
"../../../Engine/Content/EngineMaterials/Substrate/Glints2/dict_0006_0102.uasset" 9902
"../../../Engine/Content/EngineMaterials/Substrate/Glints2/dict_0006_0103.uasset" 9903
"../../../Engine/Content/EngineMaterials/Substrate/Glints2/dict_0006_0104.uasset" 9904
"../../../Engine/Content/EngineMaterials/Substrate/Glints2/dict_0006_0105.uasset" 9905
"/Engine/EngineMaterials/Substrate/Glints2/dict_0006_0080" 9906
"../../../Engine/Content/EngineMaterials/Substrate/Glints2/dict_0006_0106.uasset" 9907
"../../../Engine/Content/EngineMaterials/Substrate/Glints2/dict_0006_0107.uasset" 9908
"../../../Engine/Content/EngineMaterials/Substrate/Glints2/dict_0006_0108.uasset" 9909
"../../../Engine/Content/EngineMaterials/Substrate/Glints2/dict_0006_0109.uasset" 9910
"/Engine/EngineMaterials/Substrate/Glints2/dict_0006_0079" 9911
"/Engine/EngineMaterials/Substrate/Glints2/dict_0006_0078" 9912
"../../../Engine/Content/EngineMaterials/Substrate/Glints2/dict_0006_0111.uasset" 9913
"../../../Engine/Content/EngineMaterials/Substrate/Glints2/dict_0006_0110.uasset" 9914
"/Engine/EngineMaterials/Substrate/Glints2/dict_0006_0109" 9915
"../../../Engine/Content/EngineMaterials/Substrate/Glints2/dict_0006_0112.uasset" 9916
"../../../Engine/Content/EngineMaterials/Substrate/Glints2/dict_0006_0113.uasset" 9917
"../../../Engine/Content/EngineMaterials/Substrate/Glints2/dict_0006_0114.uasset" 9918
"../../../Engine/Content/EngineMaterials/Substrate/Glints2/dict_0006_0115.uasset" 9919
"/Engine/EngineMaterials/Substrate/Glints2/dict_0006_0108" 9920
"/Engine/EngineMaterials/Substrate/Glints2/dict_0006_0107" 9921
"/Engine/EngineMaterials/Substrate/Glints2/dict_0006_0106" 9922
"/Engine/EngineMaterials/Substrate/Glints2/dict_0006_0105" 9923
"/Engine/EngineMaterials/Substrate/Glints2/dict_0006_0104" 9924
"/Engine/EngineMaterials/Substrate/Glints2/dict_0006_0103" 9925
"/Engine/EngineMaterials/Substrate/Glints2/dict_0006_0102" 9926
"/Engine/EngineMaterials/Substrate/Glints2/dict_0006_0101" 9927
"/Engine/EngineMaterials/Substrate/Glints2/dict_0006_0100" 9928
"/Engine/EngineMaterials/Substrate/Glints2/dict_0006_0099" 9929
"/Engine/EngineMaterials/Substrate/Glints2/dict_0006_0098" 9930
"/Engine/EngineMaterials/Substrate/Glints2/dict_0006_0097" 9931
"/Engine/EngineMaterials/Substrate/Glints2/dict_0006_0096" 9932
"/Engine/EngineMaterials/Substrate/Glints2/dict_0006_0095" 9933
"/Engine/EngineMaterials/Substrate/Glints2/dict_0006_0094" 9934
"/Engine/EngineMaterials/Substrate/Glints2/dict_0006_0093" 9935
"/Engine/EngineMaterials/Substrate/Glints2/dict_0006_0092" 9936
"/Engine/EngineMaterials/Substrate/Glints2/dict_0006_0091" 9937
"/Engine/EngineMaterials/Substrate/Glints2/dict_0006_0090" 9938
"/Engine/EngineMaterials/Substrate/Glints2/dict_0006_0089" 9939
"/Engine/EngineMaterials/Substrate/Glints2/dict_0006_0088" 9940
"/Engine/EngineMaterials/Substrate/Glints2/dict_0006_0087" 9941
"/Engine/EngineMaterials/Substrate/Glints2/dict_0006_0086" 9942
"/Engine/EngineMaterials/Substrate/Glints2/dict_0006_0085" 9943
"/Engine/EngineMaterials/Substrate/Glints2/dict_0006_0084" 9944
"../../../Engine/Content/EngineMaterials/Substrate/Glints2/dict_0006_0117.uasset" 9945
"../../../Engine/Content/EngineMaterials/Substrate/Glints2/dict_0006_0116.uasset" 9946
"/Engine/EngineMaterials/Substrate/Glints2/dict_0006_0115" 9947
"../../../Engine/Content/EngineMaterials/Substrate/Glints2/dict_0006_0118.uasset" 9948
"../../../Engine/Content/EngineMaterials/Substrate/Glints2/dict_0006_0119.uasset" 9949
"../../../Engine/Content/EngineMaterials/Substrate/Glints2/dict_0006_0120.uasset" 9950
"../../../Engine/Content/EngineMaterials/Substrate/Glints2/dict_0006_0121.uasset" 9951
"../../../Engine/Content/EngineMaterials/Substrate/Glints2/dict_0006_0122.uasset" 9952
"/Engine/EngineMaterials/Substrate/Glints2/dict_0006_0114" 9953
"../../../Engine/Content/EngineMaterials/Substrate/Glints2/dict_0006_0123.uasset" 9954
"../../../Engine/Content/EngineMaterials/Substrate/Glints2/dict_0006_0124.uasset" 9955
"../../../Engine/Content/EngineMaterials/Substrate/Glints2/dict_0006_0125.uasset" 9956
"../../../Engine/Content/EngineMaterials/Substrate/Glints2/dict_0006_0126.uasset" 9957
"../../../Engine/Content/EngineMaterials/Substrate/Glints2/dict_0006_0127.uasset" 9958
"../../../Engine/Content/EngineMaterials/Substrate/Glints2/dict_0006_0128.uasset" 9959
"../../../Engine/Content/EngineMaterials/Substrate/Glints2/dict_0006_0129.uasset" 9960
"/Engine/EngineMaterials/Substrate/Glints2/dict_0006_0113" 9961
"../../../Engine/Content/EngineMaterials/Substrate/Glints2/dict_0006_0130.uasset" 9962
"../../../Engine/Content/EngineMaterials/Substrate/Glints2/dict_0006_0131.uasset" 9963
"../../../Engine/Content/EngineMaterials/Substrate/Glints2/dict_0006_0132.uasset" 9964
"../../../Engine/Content/EngineMaterials/Substrate/Glints2/dict_0006_0133.uasset" 9965
"../../../Engine/Content/EngineMaterials/Substrate/Glints2/dict_0006_0134.uasset" 9966
"../../../Engine/Content/EngineMaterials/Substrate/Glints2/dict_0006_0135.uasset" 9967
"../../../Engine/Content/EngineMaterials/Substrate/Glints2/dict_0006_0136.uasset" 9968
"/Engine/EngineMaterials/Substrate/Glints2/dict_0006_0112" 9969
"../../../Engine/Content/EngineMaterials/Substrate/Glints2/dict_0006_0137.uasset" 9970
"../../../Engine/Content/EngineMaterials/Substrate/Glints2/dict_0006_0138.uasset" 9971
"../../../Engine/Content/EngineMaterials/Substrate/Glints2/dict_0006_0139.uasset" 9972
"../../../Engine/Content/EngineMaterials/Substrate/Glints2/dict_0006_0140.uasset" 9973
"../../../Engine/Content/EngineMaterials/Substrate/Glints2/dict_0006_0141.uasset" 9974
"/Engine/EngineMaterials/Substrate/Glints2/dict_0006_0111" 9975
"/Engine/EngineMaterials/Substrate/Glints2/dict_0006_0110" 9976
"../../../Engine/Content/EngineMaterials/Substrate/Glints2/dict_0006_0142.uasset" 9977
"../../../Engine/Content/EngineMaterials/Substrate/Glints2/dict_0006_0143.uasset" 9978
"../../../Engine/Content/EngineMaterials/Substrate/Glints2/dict_0006_0144.uasset" 9979
"../../../Engine/Content/EngineMaterials/Substrate/Glints2/dict_0006_0145.uasset" 9980
"/Engine/EngineMaterials/Substrate/Glints2/dict_0006_0141" 9981
"../../../Engine/Content/EngineMaterials/Substrate/Glints2/dict_0006_0146.uasset" 9982
"../../../Engine/Content/EngineMaterials/Substrate/Glints2/dict_0006_0147.uasset" 9983
"/Engine/EngineMaterials/Substrate/Glints2/dict_0006_0140" 9984
"/Engine/EngineMaterials/Substrate/Glints2/dict_0006_0139" 9985
"/Engine/EngineMaterials/Substrate/Glints2/dict_0006_0138" 9986
"/Engine/EngineMaterials/Substrate/Glints2/dict_0006_0137" 9987
"/Engine/EngineMaterials/Substrate/Glints2/dict_0006_0136" 9988
"/Engine/EngineMaterials/Substrate/Glints2/dict_0006_0135" 9989
"/Engine/EngineMaterials/Substrate/Glints2/dict_0006_0134" 9990
"/Engine/EngineMaterials/Substrate/Glints2/dict_0006_0133" 9991
"/Engine/EngineMaterials/Substrate/Glints2/dict_0006_0132" 9992
"/Engine/EngineMaterials/Substrate/Glints2/dict_0006_0131" 9993
"/Engine/EngineMaterials/Substrate/Glints2/dict_0006_0130" 9994
"/Engine/EngineMaterials/Substrate/Glints2/dict_0006_0129" 9995
"/Engine/EngineMaterials/Substrate/Glints2/dict_0006_0128" 9996
"/Engine/EngineMaterials/Substrate/Glints2/dict_0006_0127" 9997
"/Engine/EngineMaterials/Substrate/Glints2/dict_0006_0126" 9998
"/Engine/EngineMaterials/Substrate/Glints2/dict_0006_0125" 9999
"/Engine/EngineMaterials/Substrate/Glints2/dict_0006_0124" 10000
"/Engine/EngineMaterials/Substrate/Glints2/dict_0006_0123" 10001
"/Engine/EngineMaterials/Substrate/Glints2/dict_0006_0122" 10002
"/Engine/EngineMaterials/Substrate/Glints2/dict_0006_0121" 10003
"/Engine/EngineMaterials/Substrate/Glints2/dict_0006_0120" 10004
"/Engine/EngineMaterials/Substrate/Glints2/dict_0006_0119" 10005
"/Engine/EngineMaterials/Substrate/Glints2/dict_0006_0118" 10006
"/Engine/EngineMaterials/Substrate/Glints2/dict_0006_0117" 10007
"/Engine/EngineMaterials/Substrate/Glints2/dict_0006_0116" 10008
"../../../Engine/Content/EngineMaterials/Substrate/Glints2/dict_0006_0149.uasset" 10009
"../../../Engine/Content/EngineMaterials/Substrate/Glints2/dict_0006_0148.uasset" 10010
"../../../Engine/Content/EngineMaterials/Substrate/Glints2/dict_0006_0150.uasset" 10011
"../../../Engine/Content/EngineMaterials/Substrate/Glints2/dict_0006_0151.uasset" 10012
"../../../Engine/Content/EngineMaterials/Substrate/Glints2/dict_0006_0153.uasset" 10013
"../../../Engine/Content/EngineMaterials/Substrate/Glints2/dict_0006_0154.uasset" 10014
"/Engine/EngineMaterials/Substrate/Glints2/dict_0006_0147" 10015
"../../../Engine/Content/EngineMaterials/Substrate/Glints2/dict_0006_0155.uasset" 10016
"../../../Engine/Content/EngineMaterials/Substrate/Glints2/dict_0006_0156.uasset" 10017
"/Engine/EngineMaterials/Substrate/Glints2/dict_0006_0146" 10018
"../../../Engine/Content/EngineMaterials/Substrate/Glints2/dict_0006_0152.uasset" 10019
"../../../Engine/Content/EngineMaterials/Substrate/Glints2/dict_0006_0157.uasset" 10020
"../../../Engine/Content/EngineMaterials/Substrate/Glints2/dict_0006_0158.uasset" 10021
"../../../Engine/Content/EngineMaterials/Substrate/Glints2/dict_0006_0159.uasset" 10022
"../../../Engine/Content/EngineMaterials/Substrate/Glints2/dict_0006_0160.uasset" 10023
"/Engine/EngineMaterials/Substrate/Glints2/dict_0006_0145" 10024
"../../../Engine/Content/EngineMaterials/Substrate/Glints2/dict_0006_0161.uasset" 10025
"/Engine/EngineMaterials/Substrate/Glints2/dict_0006_0144" 10026
"../../../Engine/Content/EngineMaterials/Substrate/Glints2/dict_0006_0162.uasset" 10027
"../../../Engine/Content/EngineMaterials/Substrate/Glints2/dict_0006_0163.uasset" 10028
"../../../Engine/Content/EngineMaterials/Substrate/Glints2/dict_0006_0164.uasset" 10029
"/Engine/EngineMaterials/Substrate/Glints2/dict_0006_0143" 10030
"../../../Engine/Content/EngineMaterials/Substrate/Glints2/dict_0006_0165.uasset" 10031
"../../../Engine/Content/EngineMaterials/Substrate/Glints2/dict_0006_0167.uasset" 10032
"../../../Engine/Content/EngineMaterials/Substrate/Glints2/dict_0006_0166.uasset" 10033
"../../../Engine/Content/EngineMaterials/Substrate/Glints2/dict_0006_0168.uasset" 10034
"../../../Engine/Content/EngineMaterials/Substrate/Glints2/dict_0006_0169.uasset" 10035
"/Engine/EngineMaterials/Substrate/Glints2/dict_0006_0142" 10036
"../../../Engine/Content/EngineMaterials/Substrate/Glints2/dict_0006_0170.uasset" 10037
"../../../Engine/Content/EngineMaterials/Substrate/Glints2/dict_0006_0171.uasset" 10038
"../../../Engine/Content/EngineMaterials/Substrate/Glints2/dict_0006_0172.uasset" 10039
"../../../Engine/Content/EngineMaterials/Substrate/Glints2/dict_0006_0173.uasset" 10040
"/Engine/EngineMaterials/Substrate/Glints2/dict_0006_0151" 10041
"/Engine/EngineMaterials/Substrate/Glints2/dict_0006_0150" 10042
"/Engine/EngineMaterials/Substrate/Glints2/dict_0006_0149" 10043
"/Engine/EngineMaterials/Substrate/Glints2/dict_0006_0148" 10044
"../../../Engine/Content/EngineMaterials/Substrate/Glints2/dict_0006_0174.uasset" 10045
"../../../Engine/Content/EngineMaterials/Substrate/Glints2/dict_0006_0175.uasset" 10046
"/Engine/EngineMaterials/Substrate/Glints2/dict_0006_0173" 10047
"../../../Engine/Content/EngineMaterials/Substrate/Glints2/dict_0006_0176.uasset" 10048
"../../../Engine/Content/EngineMaterials/Substrate/Glints2/dict_0006_0177.uasset" 10049
"../../../Engine/Content/EngineMaterials/Substrate/Glints2/dict_0006_0178.uasset" 10050
"../../../Engine/Content/EngineMaterials/Substrate/Glints2/dict_0006_0179.uasset" 10051
"../../../Engine/Content/EngineMaterials/Substrate/Glints2/dict_0006_0180.uasset" 10052
"/Engine/EngineMaterials/Substrate/Glints2/dict_0006_0172" 10053
"../../../Engine/Content/EngineMaterials/Substrate/Glints2/dict_0006_0181.uasset" 10054
"../../../Engine/Content/EngineMaterials/Substrate/Glints2/dict_0006_0182.uasset" 10055
"../../../Engine/Content/EngineMaterials/Substrate/Glints2/dict_0006_0183.uasset" 10056
"/Engine/EngineMaterials/Substrate/Glints2/dict_0006_0171" 10057
"/Engine/EngineMaterials/Substrate/Glints2/dict_0006_0170" 10058
"/Engine/EngineMaterials/Substrate/Glints2/dict_0006_0169" 10059
"/Engine/EngineMaterials/Substrate/Glints2/dict_0006_0168" 10060
"/Engine/EngineMaterials/Substrate/Glints2/dict_0006_0167" 10061
"/Engine/EngineMaterials/Substrate/Glints2/dict_0006_0166" 10062
"/Engine/EngineMaterials/Substrate/Glints2/dict_0006_0165" 10063
"/Engine/EngineMaterials/Substrate/Glints2/dict_0006_0164" 10064
"/Engine/EngineMaterials/Substrate/Glints2/dict_0006_0163" 10065
"/Engine/EngineMaterials/Substrate/Glints2/dict_0006_0162" 10066
"/Engine/EngineMaterials/Substrate/Glints2/dict_0006_0161" 10067
"/Engine/EngineMaterials/Substrate/Glints2/dict_0006_0160" 10068
"/Engine/EngineMaterials/Substrate/Glints2/dict_0006_0159" 10069
"/Engine/EngineMaterials/Substrate/Glints2/dict_0006_0158" 10070
"/Engine/EngineMaterials/Substrate/Glints2/dict_0006_0157" 10071
"/Engine/EngineMaterials/Substrate/Glints2/dict_0006_0156" 10072
"/Engine/EngineMaterials/Substrate/Glints2/dict_0006_0155" 10073
"/Engine/EngineMaterials/Substrate/Glints2/dict_0006_0154" 10074
"/Engine/EngineMaterials/Substrate/Glints2/dict_0006_0153" 10075
"/Engine/EngineMaterials/Substrate/Glints2/dict_0006_0152" 10076
"../../../Engine/Content/EngineMaterials/Substrate/Glints2/dict_0006_0184.uasset" 10077
"../../../Engine/Content/EngineMaterials/Substrate/Glints2/dict_0006_0185.uasset" 10078
"/Engine/EngineMaterials/Substrate/Glints2/dict_0006_0183" 10079
"../../../Engine/Content/EngineMaterials/Substrate/Glints2/dict_0006_0186.uasset" 10080
"../../../Engine/Content/EngineMaterials/Substrate/Glints2/dict_0006_0187.uasset" 10081
"../../../Engine/Content/EngineMaterials/Substrate/Glints2/dict_0006_0188.uasset" 10082
"../../../Engine/Content/EngineMaterials/Substrate/Glints2/dict_0006_0189.uasset" 10083
"../../../Engine/Content/EngineMaterials/Substrate/Glints2/dict_0006_0190.uasset" 10084
"/Engine/EngineMaterials/Substrate/Glints2/dict_0006_0182" 10085
"../../../Engine/Content/EngineMaterials/Substrate/Glints2/dict_0006_0191.uasset" 10086
"../../../Engine/Content/EngineMaterials/Substrate/Glints2/dict_0006_0192.uasset" 10087
"../../../Engine/Content/EngineMaterials/Substrate/Glints2/dict_0006_0193.uasset" 10088
"../../../Engine/Content/EngineMaterials/Substrate/Glints2/dict_0006_0194.uasset" 10089
"../../../Engine/Content/EngineMaterials/Substrate/Glints2/dict_0006_0195.uasset" 10090
"../../../Engine/Content/EngineMaterials/Substrate/Glints2/dict_0006_0196.uasset" 10091
"../../../Engine/Content/EngineMaterials/Substrate/Glints2/dict_0006_0197.uasset" 10092
"../../../Engine/Content/EngineMaterials/Substrate/Glints2/dict_0006_0198.uasset" 10093
"../../../Engine/Content/EngineMaterials/Substrate/Glints2/dict_0006_0199.uasset" 10094
"/Engine/EngineMaterials/Substrate/Glints2/dict_0006_0181" 10095
"../../../Engine/Content/EngineMaterials/Substrate/Glints2/dict_0006_0200.uasset" 10096
"../../../Engine/Content/EngineMaterials/Substrate/Glints2/dict_0006_0201.uasset" 10097
"../../../Engine/Content/EngineMaterials/Substrate/Glints2/dict_0006_0202.uasset" 10098
"../../../Engine/Content/EngineMaterials/Substrate/Glints2/dict_0006_0203.uasset" 10099
"../../../Engine/Content/EngineMaterials/Substrate/Glints2/dict_0006_0204.uasset" 10100
"../../../Engine/Content/EngineMaterials/Substrate/Glints2/dict_0006_0205.uasset" 10101
"/Engine/EngineMaterials/Substrate/Glints2/dict_0006_0180" 10102
"/Engine/EngineMaterials/Substrate/Glints2/dict_0006_0179" 10103
"/Engine/EngineMaterials/Substrate/Glints2/dict_0006_0178" 10104
"/Engine/EngineMaterials/Substrate/Glints2/dict_0006_0177" 10105
"/Engine/EngineMaterials/Substrate/Glints2/dict_0006_0176" 10106
"/Engine/EngineMaterials/Substrate/Glints2/dict_0006_0175" 10107
"/Engine/EngineMaterials/Substrate/Glints2/dict_0006_0174" 10108
"../../../Engine/Content/EngineMaterials/Substrate/Glints2/dict_0006_0207.uasset" 10109
"../../../Engine/Content/EngineMaterials/Substrate/Glints2/dict_0006_0206.uasset" 10110
"/Engine/EngineMaterials/Substrate/Glints2/dict_0006_0205" 10111
"../../../Engine/Content/EngineMaterials/Substrate/Glints2/dict_0006_0208.uasset" 10112
"../../../Engine/Content/EngineMaterials/Substrate/Glints2/dict_0006_0209.uasset" 10113
"../../../Engine/Content/EngineMaterials/Substrate/Glints2/dict_0006_0210.uasset" 10114
"../../../Engine/Content/EngineMaterials/Substrate/Glints2/dict_0006_0211.uasset" 10115
"../../../Engine/Content/EngineMaterials/Substrate/Glints2/dict_0006_0212.uasset" 10116
"../../../Engine/Content/EngineMaterials/Substrate/Glints2/dict_0006_0213.uasset" 10117
"../../../Engine/Content/EngineMaterials/Substrate/Glints2/dict_0006_0214.uasset" 10118
"/Engine/EngineMaterials/Substrate/Glints2/dict_0006_0204" 10119
"../../../Engine/Content/EngineMaterials/Substrate/Glints2/dict_0006_0215.uasset" 10120
"/Engine/EngineMaterials/Substrate/Glints2/dict_0006_0203" 10121
"/Engine/EngineMaterials/Substrate/Glints2/dict_0006_0202" 10122
"/Engine/EngineMaterials/Substrate/Glints2/dict_0006_0201" 10123
"/Engine/EngineMaterials/Substrate/Glints2/dict_0006_0200" 10124
"/Engine/EngineMaterials/Substrate/Glints2/dict_0006_0199" 10125
"/Engine/EngineMaterials/Substrate/Glints2/dict_0006_0198" 10126
"/Engine/EngineMaterials/Substrate/Glints2/dict_0006_0197" 10127
"/Engine/EngineMaterials/Substrate/Glints2/dict_0006_0196" 10128
"/Engine/EngineMaterials/Substrate/Glints2/dict_0006_0195" 10129
"/Engine/EngineMaterials/Substrate/Glints2/dict_0006_0194" 10130
"/Engine/EngineMaterials/Substrate/Glints2/dict_0006_0193" 10131
"/Engine/EngineMaterials/Substrate/Glints2/dict_0006_0192" 10132
"/Engine/EngineMaterials/Substrate/Glints2/dict_0006_0191" 10133
"/Engine/EngineMaterials/Substrate/Glints2/dict_0006_0190" 10134
"/Engine/EngineMaterials/Substrate/Glints2/dict_0006_0189" 10135
"/Engine/EngineMaterials/Substrate/Glints2/dict_0006_0188" 10136
"/Engine/EngineMaterials/Substrate/Glints2/dict_0006_0187" 10137
"/Engine/EngineMaterials/Substrate/Glints2/dict_0006_0186" 10138
"/Engine/EngineMaterials/Substrate/Glints2/dict_0006_0185" 10139
"/Engine/EngineMaterials/Substrate/Glints2/dict_0006_0184" 10140
"/Engine/EngineMaterials/Substrate/Glints2/dict_0006_0207" 10141
"../../../Engine/Content/EngineMaterials/Substrate/Glints2/dict_0006_0216.uasset" 10142
"/Engine/EngineMaterials/Substrate/Glints2/dict_0006_0215" 10143
"../../../Engine/Content/EngineMaterials/Substrate/Glints2/dict_0006_0217.uasset" 10144
"../../../Engine/Content/EngineMaterials/Substrate/Glints2/dict_0006_0218.uasset" 10145
"../../../Engine/Content/EngineMaterials/Substrate/Glints2/dict_0006_0219.uasset" 10146
"/Engine/EngineMaterials/Substrate/Glints2/dict_0006_0214" 10147
"../../../Engine/Content/EngineMaterials/Substrate/Glints2/dict_0006_0220.uasset" 10148
"../../../Engine/Content/EngineMaterials/Substrate/Glints2/dict_0006_0221.uasset" 10149
"../../../Engine/Content/EngineMaterials/Substrate/Glints2/dict_0006_0222.uasset" 10150
"/Engine/EngineMaterials/Substrate/Glints2/dict_0006_0213" 10151
"../../../Engine/Content/EngineMaterials/Substrate/Glints2/dict_0006_0223.uasset" 10152
"../../../Engine/Content/EngineMaterials/Substrate/Glints2/dict_0006_0224.uasset" 10153
"../../../Engine/Content/EngineMaterials/Substrate/Glints2/dict_0006_0225.uasset" 10154
"../../../Engine/Content/EngineMaterials/Substrate/Glints2/dict_0006_0226.uasset" 10155
"/Engine/EngineMaterials/Substrate/Glints2/dict_0006_0212" 10156
"../../../Engine/Content/EngineMaterials/Substrate/Glints2/dict_0006_0227.uasset" 10157
"../../../Engine/Content/EngineMaterials/Substrate/Glints2/dict_0006_0228.uasset" 10158
"../../../Engine/Content/EngineMaterials/Substrate/Glints2/dict_0006_0229.uasset" 10159
"/Engine/EngineMaterials/Substrate/Glints2/dict_0006_0211" 10160
"../../../Engine/Content/EngineMaterials/Substrate/Glints2/dict_0006_0230.uasset" 10161
"../../../Engine/Content/EngineMaterials/Substrate/Glints2/dict_0006_0231.uasset" 10162
"../../../Engine/Content/EngineMaterials/Substrate/Glints2/dict_0006_0232.uasset" 10163
"../../../Engine/Content/EngineMaterials/Substrate/Glints2/dict_0006_0233.uasset" 10164
"/Engine/EngineMaterials/Substrate/Glints2/dict_0006_0210" 10165
"../../../Engine/Content/EngineMaterials/Substrate/Glints2/dict_0006_0234.uasset" 10166
"../../../Engine/Content/EngineMaterials/Substrate/Glints2/dict_0006_0235.uasset" 10167
"../../../Engine/Content/EngineMaterials/Substrate/Glints2/dict_0006_0236.uasset" 10168
"../../../Engine/Content/EngineMaterials/Substrate/Glints2/dict_0006_0237.uasset" 10169
"/Engine/EngineMaterials/Substrate/Glints2/dict_0006_0209" 10170
"../../../Engine/Content/EngineMaterials/Substrate/Glints2/dict_0006_0238.uasset" 10171
"/Engine/EngineMaterials/Substrate/Glints2/dict_0006_0208" 10172
"/Engine/EngineMaterials/Substrate/Glints2/dict_0006_0206" 10173
"../../../Engine/Content/EngineMaterials/Substrate/Glints2/dict_0006_0239.uasset" 10174
"/Engine/EngineMaterials/Substrate/Glints2/dict_0006_0238" 10175
"../../../Engine/Content/EngineMaterials/Substrate/Glints2/dict_0006_0240.uasset" 10176
"../../../Engine/Content/EngineMaterials/Substrate/Glints2/dict_0006_0241.uasset" 10177
"../../../Engine/Content/EngineMaterials/Substrate/Glints2/dict_0006_0242.uasset" 10178
"/Engine/EngineMaterials/Substrate/Glints2/dict_0006_0237" 10179
"../../../Engine/Content/EngineMaterials/Substrate/Glints2/dict_0006_0243.uasset" 10180
"../../../Engine/Content/EngineMaterials/Substrate/Glints2/dict_0006_0245.uasset" 10181
"../../../Engine/Content/EngineMaterials/Substrate/Glints2/dict_0006_0244.uasset" 10182
"../../../Engine/Content/EngineMaterials/Substrate/Glints2/dict_0006_0246.uasset" 10183
"../../../Engine/Content/EngineMaterials/Substrate/Glints2/dict_0006_0247.uasset" 10184
"/Engine/EngineMaterials/Substrate/Glints2/dict_0006_0236" 10185
"/Engine/EngineMaterials/Substrate/Glints2/dict_0006_0235" 10186
"/Engine/EngineMaterials/Substrate/Glints2/dict_0006_0234" 10187
"/Engine/EngineMaterials/Substrate/Glints2/dict_0006_0233" 10188
"/Engine/EngineMaterials/Substrate/Glints2/dict_0006_0232" 10189
"/Engine/EngineMaterials/Substrate/Glints2/dict_0006_0231" 10190
"/Engine/EngineMaterials/Substrate/Glints2/dict_0006_0230" 10191
"/Engine/EngineMaterials/Substrate/Glints2/dict_0006_0229" 10192
"/Engine/EngineMaterials/Substrate/Glints2/dict_0006_0228" 10193
"/Engine/EngineMaterials/Substrate/Glints2/dict_0006_0227" 10194
"/Engine/EngineMaterials/Substrate/Glints2/dict_0006_0226" 10195
"/Engine/EngineMaterials/Substrate/Glints2/dict_0006_0225" 10196
"/Engine/EngineMaterials/Substrate/Glints2/dict_0006_0224" 10197
"/Engine/EngineMaterials/Substrate/Glints2/dict_0006_0223" 10198
"/Engine/EngineMaterials/Substrate/Glints2/dict_0006_0222" 10199
"/Engine/EngineMaterials/Substrate/Glints2/dict_0006_0221" 10200
"/Engine/EngineMaterials/Substrate/Glints2/dict_0006_0220" 10201
"/Engine/EngineMaterials/Substrate/Glints2/dict_0006_0219" 10202
"/Engine/EngineMaterials/Substrate/Glints2/dict_0006_0218" 10203
"/Engine/EngineMaterials/Substrate/Glints2/dict_0006_0217" 10204
"/Engine/EngineMaterials/Substrate/Glints2/dict_0006_0216" 10205
"../../../Engine/Content/EngineMaterials/Substrate/Glints2/dict_0006_0248.uasset" 10206
"../../../Engine/Content/EngineMaterials/Substrate/Glints2/dict_0006_0249.uasset" 10207
"/Engine/EngineMaterials/Substrate/Glints2/dict_0006_0247" 10208
"../../../Engine/Content/EngineMaterials/Substrate/Glints2/dict_0006_0250.uasset" 10209
"../../../Engine/Content/EngineMaterials/Substrate/Glints2/dict_0006_0251.uasset" 10210
"../../../Engine/Content/EngineMaterials/Substrate/Glints2/dict_0006_0252.uasset" 10211
"../../../Engine/Content/EngineMaterials/Substrate/Glints2/dict_0006_0253.uasset" 10212
"../../../Engine/Content/EngineMaterials/Substrate/Glints2/dict_0006_0254.uasset" 10213
"../../../Engine/Content/EngineMaterials/Substrate/Glints2/dict_0006_0255.uasset" 10214
"/Engine/EngineMaterials/Substrate/Glints2/dict_0006_0246" 10215
"../../../Engine/Content/EngineMaterials/Substrate/Glints2/dict_0007_0000.uasset" 10216
"../../../Engine/Content/EngineMaterials/Substrate/Glints2/dict_0007_0001.uasset" 10217
"../../../Engine/Content/EngineMaterials/Substrate/Glints2/dict_0007_0002.uasset" 10218
"../../../Engine/Content/EngineMaterials/Substrate/Glints2/dict_0007_0003.uasset" 10219
"../../../Engine/Content/EngineMaterials/Substrate/Glints2/dict_0007_0004.uasset" 10220
"../../../Engine/Content/EngineMaterials/Substrate/Glints2/dict_0007_0005.uasset" 10221
"/Engine/EngineMaterials/Substrate/Glints2/dict_0006_0245" 10222
"../../../Engine/Content/EngineMaterials/Substrate/Glints2/dict_0007_0007.uasset" 10223
"../../../Engine/Content/EngineMaterials/Substrate/Glints2/dict_0007_0006.uasset" 10224
"../../../Engine/Content/EngineMaterials/Substrate/Glints2/dict_0007_0008.uasset" 10225
"../../../Engine/Content/EngineMaterials/Substrate/Glints2/dict_0007_0009.uasset" 10226
"../../../Engine/Content/EngineMaterials/Substrate/Glints2/dict_0007_0010.uasset" 10227
"../../../Engine/Content/EngineMaterials/Substrate/Glints2/dict_0007_0011.uasset" 10228
"/Engine/EngineMaterials/Substrate/Glints2/dict_0006_0244" 10229
"../../../Engine/Content/EngineMaterials/Substrate/Glints2/dict_0007_0012.uasset" 10230
"../../../Engine/Content/EngineMaterials/Substrate/Glints2/dict_0007_0013.uasset" 10231
"../../../Engine/Content/EngineMaterials/Substrate/Glints2/dict_0007_0014.uasset" 10232
"/Engine/EngineMaterials/Substrate/Glints2/dict_0006_0243" 10233
"/Engine/EngineMaterials/Substrate/Glints2/dict_0006_0242" 10234
"/Engine/EngineMaterials/Substrate/Glints2/dict_0006_0241" 10235
"/Engine/EngineMaterials/Substrate/Glints2/dict_0006_0240" 10236
"/Engine/EngineMaterials/Substrate/Glints2/dict_0006_0239" 10237
"../../../Engine/Content/EngineMaterials/Substrate/Glints2/dict_0007_0016.uasset" 10238
"../../../Engine/Content/EngineMaterials/Substrate/Glints2/dict_0007_0015.uasset" 10239
"../../../Engine/Content/EngineMaterials/Substrate/Glints2/dict_0007_0017.uasset" 10240
"/Engine/EngineMaterials/Substrate/Glints2/dict_0007_0014" 10241
"../../../Engine/Content/EngineMaterials/Substrate/Glints2/dict_0007_0018.uasset" 10242
"../../../Engine/Content/EngineMaterials/Substrate/Glints2/dict_0007_0019.uasset" 10243
"../../../Engine/Content/EngineMaterials/Substrate/Glints2/dict_0007_0020.uasset" 10244
"/Engine/EngineMaterials/Substrate/Glints2/dict_0007_0013" 10245
"../../../Engine/Content/EngineMaterials/Substrate/Glints2/dict_0007_0021.uasset" 10246
"../../../Engine/Content/EngineMaterials/Substrate/Glints2/dict_0007_0022.uasset" 10247
"../../../Engine/Content/EngineMaterials/Substrate/Glints2/dict_0007_0023.uasset" 10248
"/Engine/EngineMaterials/Substrate/Glints2/dict_0007_0012" 10249
"/Engine/EngineMaterials/Substrate/Glints2/dict_0007_0011" 10250
"/Engine/EngineMaterials/Substrate/Glints2/dict_0007_0010" 10251
"/Engine/EngineMaterials/Substrate/Glints2/dict_0007_0009" 10252
"/Engine/EngineMaterials/Substrate/Glints2/dict_0007_0008" 10253
"/Engine/EngineMaterials/Substrate/Glints2/dict_0007_0007" 10254
"/Engine/EngineMaterials/Substrate/Glints2/dict_0007_0006" 10255
"/Engine/EngineMaterials/Substrate/Glints2/dict_0007_0005" 10256
"/Engine/EngineMaterials/Substrate/Glints2/dict_0007_0004" 10257
"/Engine/EngineMaterials/Substrate/Glints2/dict_0007_0003" 10258
"/Engine/EngineMaterials/Substrate/Glints2/dict_0007_0002" 10259
"/Engine/EngineMaterials/Substrate/Glints2/dict_0007_0001" 10260
"/Engine/EngineMaterials/Substrate/Glints2/dict_0007_0000" 10261
"/Engine/EngineMaterials/Substrate/Glints2/dict_0006_0255" 10262
"/Engine/EngineMaterials/Substrate/Glints2/dict_0006_0254" 10263
"/Engine/EngineMaterials/Substrate/Glints2/dict_0006_0253" 10264
"/Engine/EngineMaterials/Substrate/Glints2/dict_0006_0252" 10265
"/Engine/EngineMaterials/Substrate/Glints2/dict_0006_0251" 10266
"/Engine/EngineMaterials/Substrate/Glints2/dict_0006_0250" 10267
"/Engine/EngineMaterials/Substrate/Glints2/dict_0006_0249" 10268
"/Engine/EngineMaterials/Substrate/Glints2/dict_0007_0016" 10269
"/Engine/EngineMaterials/Substrate/Glints2/dict_0006_0248" 10270
"../../../Engine/Content/EngineMaterials/Substrate/Glints2/dict_0007_0024.uasset" 10271
"/Engine/EngineMaterials/Substrate/Glints2/dict_0007_0023" 10272
"../../../Engine/Content/EngineMaterials/Substrate/Glints2/dict_0007_0025.uasset" 10273
"../../../Engine/Content/EngineMaterials/Substrate/Glints2/dict_0007_0026.uasset" 10274
"../../../Engine/Content/EngineMaterials/Substrate/Glints2/dict_0007_0027.uasset" 10275
"../../../Engine/Content/EngineMaterials/Substrate/Glints2/dict_0007_0028.uasset" 10276
"/Engine/EngineMaterials/Substrate/Glints2/dict_0007_0022" 10277
"../../../Engine/Content/EngineMaterials/Substrate/Glints2/dict_0007_0029.uasset" 10278
"../../../Engine/Content/EngineMaterials/Substrate/Glints2/dict_0007_0030.uasset" 10279
"../../../Engine/Content/EngineMaterials/Substrate/Glints2/dict_0007_0032.uasset" 10280
"../../../Engine/Content/EngineMaterials/Substrate/Glints2/dict_0007_0031.uasset" 10281
"../../../Engine/Content/EngineMaterials/Substrate/Glints2/dict_0007_0033.uasset" 10282
"../../../Engine/Content/EngineMaterials/Substrate/Glints2/dict_0007_0034.uasset" 10283
"/Engine/EngineMaterials/Substrate/Glints2/dict_0007_0021" 10284
"../../../Engine/Content/EngineMaterials/Substrate/Glints2/dict_0007_0035.uasset" 10285
"../../../Engine/Content/EngineMaterials/Substrate/Glints2/dict_0007_0036.uasset" 10286
"../../../Engine/Content/EngineMaterials/Substrate/Glints2/dict_0007_0037.uasset" 10287
"../../../Engine/Content/EngineMaterials/Substrate/Glints2/dict_0007_0038.uasset" 10288
"../../../Engine/Content/EngineMaterials/Substrate/Glints2/dict_0007_0039.uasset" 10289
"../../../Engine/Content/EngineMaterials/Substrate/Glints2/dict_0007_0040.uasset" 10290
"/Engine/EngineMaterials/Substrate/Glints2/dict_0007_0020" 10291
"../../../Engine/Content/EngineMaterials/Substrate/Glints2/dict_0007_0041.uasset" 10292
"../../../Engine/Content/EngineMaterials/Substrate/Glints2/dict_0007_0042.uasset" 10293
"../../../Engine/Content/EngineMaterials/Substrate/Glints2/dict_0007_0043.uasset" 10294
"../../../Engine/Content/EngineMaterials/Substrate/Glints2/dict_0007_0044.uasset" 10295
"../../../Engine/Content/EngineMaterials/Substrate/Glints2/dict_0007_0045.uasset" 10296
"../../../Engine/Content/EngineMaterials/Substrate/Glints2/dict_0007_0046.uasset" 10297
"/Engine/EngineMaterials/Substrate/Glints2/dict_0007_0019" 10298
"../../../Engine/Content/EngineMaterials/Substrate/Glints2/dict_0007_0047.uasset" 10299
"/Engine/EngineMaterials/Substrate/Glints2/dict_0007_0018" 10300
"/Engine/EngineMaterials/Substrate/Glints2/dict_0007_0017" 10301
"/Engine/EngineMaterials/Substrate/Glints2/dict_0007_0015" 10302
"../../../Engine/Content/EngineMaterials/Substrate/Glints2/dict_0007_0048.uasset" 10303
"../../../Engine/Content/EngineMaterials/Substrate/Glints2/dict_0007_0049.uasset" 10304
"/Engine/EngineMaterials/Substrate/Glints2/dict_0007_0047" 10305
"../../../Engine/Content/EngineMaterials/Substrate/Glints2/dict_0007_0050.uasset" 10306
"../../../Engine/Content/EngineMaterials/Substrate/Glints2/dict_0007_0051.uasset" 10307
"../../../Engine/Content/EngineMaterials/Substrate/Glints2/dict_0007_0052.uasset" 10308
"../../../Engine/Content/EngineMaterials/Substrate/Glints2/dict_0007_0053.uasset" 10309
"../../../Engine/Content/EngineMaterials/Substrate/Glints2/dict_0007_0054.uasset" 10310
"../../../Engine/Content/EngineMaterials/Substrate/Glints2/dict_0007_0055.uasset" 10311
"/Engine/EngineMaterials/Substrate/Glints2/dict_0007_0046" 10312
"/Engine/EngineMaterials/Substrate/Glints2/dict_0007_0045" 10313
"/Engine/EngineMaterials/Substrate/Glints2/dict_0007_0044" 10314
"/Engine/EngineMaterials/Substrate/Glints2/dict_0007_0043" 10315
"/Engine/EngineMaterials/Substrate/Glints2/dict_0007_0042" 10316
"/Engine/EngineMaterials/Substrate/Glints2/dict_0007_0041" 10317
"/Engine/EngineMaterials/Substrate/Glints2/dict_0007_0040" 10318
"/Engine/EngineMaterials/Substrate/Glints2/dict_0007_0039" 10319
"/Engine/EngineMaterials/Substrate/Glints2/dict_0007_0038" 10320
"/Engine/EngineMaterials/Substrate/Glints2/dict_0007_0037" 10321
"/Engine/EngineMaterials/Substrate/Glints2/dict_0007_0036" 10322
"/Engine/EngineMaterials/Substrate/Glints2/dict_0007_0035" 10323
"/Engine/EngineMaterials/Substrate/Glints2/dict_0007_0034" 10324
"/Engine/EngineMaterials/Substrate/Glints2/dict_0007_0033" 10325
"/Engine/EngineMaterials/Substrate/Glints2/dict_0007_0032" 10326
"/Engine/EngineMaterials/Substrate/Glints2/dict_0007_0031" 10327
"/Engine/EngineMaterials/Substrate/Glints2/dict_0007_0030" 10328
"/Engine/EngineMaterials/Substrate/Glints2/dict_0007_0029" 10329
"/Engine/EngineMaterials/Substrate/Glints2/dict_0007_0028" 10330
"/Engine/EngineMaterials/Substrate/Glints2/dict_0007_0027" 10331
"/Engine/EngineMaterials/Substrate/Glints2/dict_0007_0026" 10332
"/Engine/EngineMaterials/Substrate/Glints2/dict_0007_0025" 10333
"/Engine/EngineMaterials/Substrate/Glints2/dict_0007_0024" 10334
"../../../Engine/Content/EngineMaterials/Substrate/Glints2/dict_0007_0056.uasset" 10335
"/Engine/EngineMaterials/Substrate/Glints2/dict_0007_0055" 10336
"../../../Engine/Content/EngineMaterials/Substrate/Glints2/dict_0007_0057.uasset" 10337
"../../../Engine/Content/EngineMaterials/Substrate/Glints2/dict_0007_0058.uasset" 10338
"../../../Engine/Content/EngineMaterials/Substrate/Glints2/dict_0007_0059.uasset" 10339
"/Engine/EngineMaterials/Substrate/Glints2/dict_0007_0054" 10340
"../../../Engine/Content/EngineMaterials/Substrate/Glints2/dict_0007_0060.uasset" 10341
"../../../Engine/Content/EngineMaterials/Substrate/Glints2/dict_0007_0061.uasset" 10342
"../../../Engine/Content/EngineMaterials/Substrate/Glints2/dict_0007_0062.uasset" 10343
"../../../Engine/Content/EngineMaterials/Substrate/Glints2/dict_0007_0063.uasset" 10344
"../../../Engine/Content/EngineMaterials/Substrate/Glints2/dict_0007_0064.uasset" 10345
"/Engine/EngineMaterials/Substrate/Glints2/dict_0007_0053" 10346
"../../../Engine/Content/EngineMaterials/Substrate/Glints2/dict_0007_0065.uasset" 10347
"../../../Engine/Content/EngineMaterials/Substrate/Glints2/dict_0007_0066.uasset" 10348
"../../../Engine/Content/EngineMaterials/Substrate/Glints2/dict_0007_0067.uasset" 10349
"../../../Engine/Content/EngineMaterials/Substrate/Glints2/dict_0007_0068.uasset" 10350
"../../../Engine/Content/EngineMaterials/Substrate/Glints2/dict_0007_0069.uasset" 10351
"../../../Engine/Content/EngineMaterials/Substrate/Glints2/dict_0007_0070.uasset" 10352
"/Engine/EngineMaterials/Substrate/Glints2/dict_0007_0052" 10353
"../../../Engine/Content/EngineMaterials/Substrate/Glints2/dict_0007_0071.uasset" 10354
"../../../Engine/Content/EngineMaterials/Substrate/Glints2/dict_0007_0072.uasset" 10355
"../../../Engine/Content/EngineMaterials/Substrate/Glints2/dict_0007_0073.uasset" 10356
"../../../Engine/Content/EngineMaterials/Substrate/Glints2/dict_0007_0074.uasset" 10357
"../../../Engine/Content/EngineMaterials/Substrate/Glints2/dict_0007_0075.uasset" 10358
"../../../Engine/Content/EngineMaterials/Substrate/Glints2/dict_0007_0076.uasset" 10359
"../../../Engine/Content/EngineMaterials/Substrate/Glints2/dict_0007_0077.uasset" 10360
"../../../Engine/Content/EngineMaterials/Substrate/Glints2/dict_0007_0078.uasset" 10361
"/Engine/EngineMaterials/Substrate/Glints2/dict_0007_0051" 10362
"/Engine/EngineMaterials/Substrate/Glints2/dict_0007_0050" 10363
"../../../Engine/Content/EngineMaterials/Substrate/Glints2/dict_0007_0079.uasset" 10364
"/Engine/EngineMaterials/Substrate/Glints2/dict_0007_0049" 10365
"/Engine/EngineMaterials/Substrate/Glints2/dict_0007_0048" 10366
"../../../Engine/Content/EngineMaterials/Substrate/Glints2/dict_0007_0080.uasset" 10367
"/Engine/EngineMaterials/Substrate/Glints2/dict_0007_0079" 10368
"../../../Engine/Content/EngineMaterials/Substrate/Glints2/dict_0007_0081.uasset" 10369
"../../../Engine/Content/EngineMaterials/Substrate/Glints2/dict_0007_0082.uasset" 10370
"../../../Engine/Content/EngineMaterials/Substrate/Glints2/dict_0007_0083.uasset" 10371
"../../../Engine/Content/EngineMaterials/Substrate/Glints2/dict_0007_0084.uasset" 10372
"/Engine/EngineMaterials/Substrate/Glints2/dict_0007_0078" 10373
"../../../Engine/Content/EngineMaterials/Substrate/Glints2/dict_0007_0085.uasset" 10374
"../../../Engine/Content/EngineMaterials/Substrate/Glints2/dict_0007_0086.uasset" 10375
"../../../Engine/Content/EngineMaterials/Substrate/Glints2/dict_0007_0087.uasset" 10376
"/Engine/EngineMaterials/Substrate/Glints2/dict_0007_0077" 10377
"/Engine/EngineMaterials/Substrate/Glints2/dict_0007_0076" 10378
"/Engine/EngineMaterials/Substrate/Glints2/dict_0007_0075" 10379
"/Engine/EngineMaterials/Substrate/Glints2/dict_0007_0074" 10380
"/Engine/EngineMaterials/Substrate/Glints2/dict_0007_0073" 10381
"/Engine/EngineMaterials/Substrate/Glints2/dict_0007_0072" 10382
"/Engine/EngineMaterials/Substrate/Glints2/dict_0007_0071" 10383
"/Engine/EngineMaterials/Substrate/Glints2/dict_0007_0070" 10384
"/Engine/EngineMaterials/Substrate/Glints2/dict_0007_0069" 10385
"/Engine/EngineMaterials/Substrate/Glints2/dict_0007_0068" 10386
"/Engine/EngineMaterials/Substrate/Glints2/dict_0007_0067" 10387
"/Engine/EngineMaterials/Substrate/Glints2/dict_0007_0066" 10388
"/Engine/EngineMaterials/Substrate/Glints2/dict_0007_0065" 10389
"/Engine/EngineMaterials/Substrate/Glints2/dict_0007_0064" 10390
"/Engine/EngineMaterials/Substrate/Glints2/dict_0007_0063" 10391
"/Engine/EngineMaterials/Substrate/Glints2/dict_0007_0062" 10392
"/Engine/EngineMaterials/Substrate/Glints2/dict_0007_0061" 10393
"/Engine/EngineMaterials/Substrate/Glints2/dict_0007_0060" 10394
"/Engine/EngineMaterials/Substrate/Glints2/dict_0007_0059" 10395
"/Engine/EngineMaterials/Substrate/Glints2/dict_0007_0058" 10396
"/Engine/EngineMaterials/Substrate/Glints2/dict_0007_0057" 10397
"/Engine/EngineMaterials/Substrate/Glints2/dict_0007_0056" 10398
"../../../Engine/Content/EngineMaterials/Substrate/Glints2/dict_0007_0088.uasset" 10399
"/Engine/EngineMaterials/Substrate/Glints2/dict_0007_0087" 10400
"../../../Engine/Content/EngineMaterials/Substrate/Glints2/dict_0007_0089.uasset" 10401
"../../../Engine/Content/EngineMaterials/Substrate/Glints2/dict_0007_0090.uasset" 10402
"../../../Engine/Content/EngineMaterials/Substrate/Glints2/dict_0007_0091.uasset" 10403
"/Engine/EngineMaterials/Substrate/Glints2/dict_0007_0086" 10404
"../../../Engine/Content/EngineMaterials/Substrate/Glints2/dict_0007_0092.uasset" 10405
"../../../Engine/Content/EngineMaterials/Substrate/Glints2/dict_0007_0093.uasset" 10406
"../../../Engine/Content/EngineMaterials/Substrate/Glints2/dict_0007_0094.uasset" 10407
"/Engine/EngineMaterials/Substrate/Glints2/dict_0007_0085" 10408
"../../../Engine/Content/EngineMaterials/Substrate/Glints2/dict_0007_0095.uasset" 10409
"../../../Engine/Content/EngineMaterials/Substrate/Glints2/dict_0007_0096.uasset" 10410
"../../../Engine/Content/EngineMaterials/Substrate/Glints2/dict_0007_0097.uasset" 10411
"/Engine/EngineMaterials/Substrate/Glints2/dict_0007_0084" 10412
"../../../Engine/Content/EngineMaterials/Substrate/Glints2/dict_0007_0098.uasset" 10413
"../../../Engine/Content/EngineMaterials/Substrate/Glints2/dict_0007_0099.uasset" 10414
"../../../Engine/Content/EngineMaterials/Substrate/Glints2/dict_0007_0100.uasset" 10415
"../../../Engine/Content/EngineMaterials/Substrate/Glints2/dict_0007_0101.uasset" 10416
"/Engine/EngineMaterials/Substrate/Glints2/dict_0007_0083" 10417
"../../../Engine/Content/EngineMaterials/Substrate/Glints2/dict_0007_0102.uasset" 10418
"../../../Engine/Content/EngineMaterials/Substrate/Glints2/dict_0007_0103.uasset" 10419
"../../../Engine/Content/EngineMaterials/Substrate/Glints2/dict_0007_0105.uasset" 10420
"../../../Engine/Content/EngineMaterials/Substrate/Glints2/dict_0007_0104.uasset" 10421
"../../../Engine/Content/EngineMaterials/Substrate/Glints2/dict_0007_0106.uasset" 10422
"/Engine/EngineMaterials/Substrate/Glints2/dict_0007_0082" 10423
"../../../Engine/Content/EngineMaterials/Substrate/Glints2/dict_0007_0107.uasset" 10424
"../../../Engine/Content/EngineMaterials/Substrate/Glints2/dict_0007_0108.uasset" 10425
"/Engine/EngineMaterials/Substrate/Glints2/dict_0007_0081" 10426
"../../../Engine/Content/EngineMaterials/Substrate/Glints2/dict_0007_0109.uasset" 10427
"../../../Engine/Content/EngineMaterials/Substrate/Glints2/dict_0007_0110.uasset" 10428
"../../../Engine/Content/EngineMaterials/Substrate/Glints2/dict_0007_0111.uasset" 10429
"/Engine/EngineMaterials/Substrate/Glints2/dict_0007_0080" 10430
"../../../Engine/Content/EngineMaterials/Substrate/Glints2/dict_0007_0112.uasset" 10431
"/Engine/EngineMaterials/Substrate/Glints2/dict_0007_0111" 10432
"../../../Engine/Content/EngineMaterials/Substrate/Glints2/dict_0007_0113.uasset" 10433
"../../../Engine/Content/EngineMaterials/Substrate/Glints2/dict_0007_0115.uasset" 10434
"../../../Engine/Content/EngineMaterials/Substrate/Glints2/dict_0007_0114.uasset" 10435
"../../../Engine/Content/EngineMaterials/Substrate/Glints2/dict_0007_0116.uasset" 10436
"../../../Engine/Content/EngineMaterials/Substrate/Glints2/dict_0007_0117.uasset" 10437
"/Engine/EngineMaterials/Substrate/Glints2/dict_0007_0110" 10438
"../../../Engine/Content/EngineMaterials/Substrate/Glints2/dict_0007_0118.uasset" 10439
"../../../Engine/Content/EngineMaterials/Substrate/Glints2/dict_0007_0119.uasset" 10440
"/Engine/EngineMaterials/Substrate/Glints2/dict_0007_0109" 10441
"/Engine/EngineMaterials/Substrate/Glints2/dict_0007_0108" 10442
"/Engine/EngineMaterials/Substrate/Glints2/dict_0007_0107" 10443
"/Engine/EngineMaterials/Substrate/Glints2/dict_0007_0106" 10444
"/Engine/EngineMaterials/Substrate/Glints2/dict_0007_0105" 10445
"/Engine/EngineMaterials/Substrate/Glints2/dict_0007_0104" 10446
"/Engine/EngineMaterials/Substrate/Glints2/dict_0007_0103" 10447
"/Engine/EngineMaterials/Substrate/Glints2/dict_0007_0102" 10448
"/Engine/EngineMaterials/Substrate/Glints2/dict_0007_0101" 10449
"/Engine/EngineMaterials/Substrate/Glints2/dict_0007_0100" 10450
"/Engine/EngineMaterials/Substrate/Glints2/dict_0007_0099" 10451
"/Engine/EngineMaterials/Substrate/Glints2/dict_0007_0098" 10452
"/Engine/EngineMaterials/Substrate/Glints2/dict_0007_0097" 10453
"/Engine/EngineMaterials/Substrate/Glints2/dict_0007_0096" 10454
"/Engine/EngineMaterials/Substrate/Glints2/dict_0007_0095" 10455
"/Engine/EngineMaterials/Substrate/Glints2/dict_0007_0094" 10456
"/Engine/EngineMaterials/Substrate/Glints2/dict_0007_0093" 10457
"/Engine/EngineMaterials/Substrate/Glints2/dict_0007_0092" 10458
"/Engine/EngineMaterials/Substrate/Glints2/dict_0007_0091" 10459
"/Engine/EngineMaterials/Substrate/Glints2/dict_0007_0090" 10460
"/Engine/EngineMaterials/Substrate/Glints2/dict_0007_0089" 10461
"/Engine/EngineMaterials/Substrate/Glints2/dict_0007_0088" 10462
"/Engine/EngineMaterials/Substrate/Glints2/dict_0007_0119" 10463
"/Engine/EngineMaterials/Substrate/Glints2/dict_0007_0118" 10464
"/Engine/EngineMaterials/Substrate/Glints2/dict_0007_0117" 10465
"/Engine/EngineMaterials/Substrate/Glints2/dict_0007_0116" 10466
"/Engine/EngineMaterials/Substrate/Glints2/dict_0007_0115" 10467
"/Engine/EngineMaterials/Substrate/Glints2/dict_0007_0114" 10468
"/Engine/EngineMaterials/Substrate/Glints2/dict_0007_0113" 10469
"/Engine/EngineMaterials/Substrate/Glints2/dict_0007_0112" 10470
"../../../Engine/Content/EngineMaterials/Substrate/Glints2/dict_0007_0120.uasset" 10471
"../../../Engine/Content/EngineMaterials/Substrate/Glints2/dict_0007_0121.uasset" 10472
"/Engine/EngineMaterials/Substrate/Glints2/dict_0007_0120" 10473
"../../../Engine/Content/EngineMaterials/Substrate/Glints2/dict_0007_0122.uasset" 10474
"../../../Engine/Content/EngineMaterials/Substrate/Glints2/dict_0007_0123.uasset" 10475
"../../../Engine/Content/EngineMaterials/Substrate/Glints2/dict_0007_0124.uasset" 10476
"../../../Engine/Content/EngineMaterials/Substrate/Glints2/dict_0007_0125.uasset" 10477
"/Engine/EngineMaterials/Substrate/Glints2/dict_0007_0124" 10478
"../../../Engine/Content/EngineMaterials/Substrate/Glints2/dict_0007_0126.uasset" 10479
"../../../Engine/Content/EngineMaterials/Substrate/Glints2/dict_0007_0127.uasset" 10480
"../../../Engine/Content/EngineMaterials/Substrate/Glints2/dict_0007_0128.uasset" 10481
"/Engine/EngineMaterials/Substrate/Glints2/dict_0007_0123" 10482
"../../../Engine/Content/EngineMaterials/Substrate/Glints2/dict_0007_0129.uasset" 10483
"../../../Engine/Content/EngineMaterials/Substrate/Glints2/dict_0007_0130.uasset" 10484
"../../../Engine/Content/EngineMaterials/Substrate/Glints2/dict_0007_0131.uasset" 10485
"../../../Engine/Content/EngineMaterials/Substrate/Glints2/dict_0007_0132.uasset" 10486
"/Engine/EngineMaterials/Substrate/Glints2/dict_0007_0122" 10487
"../../../Engine/Content/EngineMaterials/Substrate/Glints2/dict_0007_0133.uasset" 10488
"../../../Engine/Content/EngineMaterials/Substrate/Glints2/dict_0007_0134.uasset" 10489
"/Engine/EngineMaterials/Substrate/Glints2/dict_0007_0121" 10490
"../../../Engine/Content/EngineMaterials/Substrate/Glints2/dict_0007_0135.uasset" 10491
"../../../Engine/Content/EngineMaterials/Substrate/Glints2/dict_0007_0136.uasset" 10492
"../../../Engine/Content/EngineMaterials/Substrate/Glints2/dict_0007_0137.uasset" 10493
"../../../Engine/Content/EngineMaterials/Substrate/Glints2/dict_0007_0138.uasset" 10494
"/Engine/EngineMaterials/Substrate/Glints2/dict_0007_0137" 10495
"../../../Engine/Content/EngineMaterials/Substrate/Glints2/dict_0007_0139.uasset" 10496
"../../../Engine/Content/EngineMaterials/Substrate/Glints2/dict_0007_0140.uasset" 10497
"../../../Engine/Content/EngineMaterials/Substrate/Glints2/dict_0007_0141.uasset" 10498
"../../../Engine/Content/EngineMaterials/Substrate/Glints2/dict_0007_0142.uasset" 10499
"/Engine/EngineMaterials/Substrate/Glints2/dict_0007_0136" 10500
"../../../Engine/Content/EngineMaterials/Substrate/Glints2/dict_0007_0143.uasset" 10501
"../../../Engine/Content/EngineMaterials/Substrate/Glints2/dict_0007_0144.uasset" 10502
"../../../Engine/Content/EngineMaterials/Substrate/Glints2/dict_0007_0145.uasset" 10503
"/Engine/EngineMaterials/Substrate/Glints2/dict_0007_0135" 10504
"../../../Engine/Content/EngineMaterials/Substrate/Glints2/dict_0007_0146.uasset" 10505
"../../../Engine/Content/EngineMaterials/Substrate/Glints2/dict_0007_0147.uasset" 10506
"../../../Engine/Content/EngineMaterials/Substrate/Glints2/dict_0007_0148.uasset" 10507
"../../../Engine/Content/EngineMaterials/Substrate/Glints2/dict_0007_0149.uasset" 10508
"/Engine/EngineMaterials/Substrate/Glints2/dict_0007_0134" 10509
"../../../Engine/Content/EngineMaterials/Substrate/Glints2/dict_0007_0150.uasset" 10510
"../../../Engine/Content/EngineMaterials/Substrate/Glints2/dict_0007_0151.uasset" 10511
"../../../Engine/Content/EngineMaterials/Substrate/Glints2/dict_0007_0152.uasset" 10512
"/Engine/EngineMaterials/Substrate/Glints2/dict_0007_0133" 10513
"../../../Engine/Content/EngineMaterials/Substrate/Glints2/dict_0007_0153.uasset" 10514
"../../../Engine/Content/EngineMaterials/Substrate/Glints2/dict_0007_0154.uasset" 10515
"../../../Engine/Content/EngineMaterials/Substrate/Glints2/dict_0007_0155.uasset" 10516
"../../../Engine/Content/EngineMaterials/Substrate/Glints2/dict_0007_0156.uasset" 10517
"/Engine/EngineMaterials/Substrate/Glints2/dict_0007_0132" 10518
"/Engine/EngineMaterials/Substrate/Glints2/dict_0007_0131" 10519
"/Engine/EngineMaterials/Substrate/Glints2/dict_0007_0130" 10520
"/Engine/EngineMaterials/Substrate/Glints2/dict_0007_0129" 10521
"/Engine/EngineMaterials/Substrate/Glints2/dict_0007_0128" 10522
"/Engine/EngineMaterials/Substrate/Glints2/dict_0007_0127" 10523
"/Engine/EngineMaterials/Substrate/Glints2/dict_0007_0126" 10524
"/Engine/EngineMaterials/Substrate/Glints2/dict_0007_0125" 10525
"../../../Engine/Content/EngineMaterials/Substrate/Glints2/dict_0007_0157.uasset" 10526
"/Engine/EngineMaterials/Substrate/Glints2/dict_0007_0143" 10527
"../../../Engine/Content/EngineMaterials/Substrate/Glints2/dict_0007_0158.uasset" 10528
"../../../Engine/Content/EngineMaterials/Substrate/Glints2/dict_0007_0159.uasset" 10529
"../../../Engine/Content/EngineMaterials/Substrate/Glints2/dict_0007_0160.uasset" 10530
"../../../Engine/Content/EngineMaterials/Substrate/Glints2/dict_0007_0161.uasset" 10531
"/Engine/EngineMaterials/Substrate/Glints2/dict_0007_0142" 10532
"../../../Engine/Content/EngineMaterials/Substrate/Glints2/dict_0007_0162.uasset" 10533
"../../../Engine/Content/EngineMaterials/Substrate/Glints2/dict_0007_0163.uasset" 10534
"../../../Engine/Content/EngineMaterials/Substrate/Glints2/dict_0007_0164.uasset" 10535
"/Engine/EngineMaterials/Substrate/Glints2/dict_0007_0141" 10536
"../../../Engine/Content/EngineMaterials/Substrate/Glints2/dict_0007_0165.uasset" 10537
"../../../Engine/Content/EngineMaterials/Substrate/Glints2/dict_0007_0166.uasset" 10538
"../../../Engine/Content/EngineMaterials/Substrate/Glints2/dict_0007_0167.uasset" 10539
"../../../Engine/Content/EngineMaterials/Substrate/Glints2/dict_0007_0169.uasset" 10540
"/Engine/EngineMaterials/Substrate/Glints2/dict_0007_0140" 10541
"../../../Engine/Content/EngineMaterials/Substrate/Glints2/dict_0007_0168.uasset" 10542
"/Engine/EngineMaterials/Substrate/Glints2/dict_0007_0139" 10543
"/Engine/EngineMaterials/Substrate/Glints2/dict_0007_0138" 10544
"/Engine/EngineMaterials/Substrate/Glints2/dict_0007_0151" 10545
"/Engine/EngineMaterials/Substrate/Glints2/dict_0007_0150" 10546
"/Engine/EngineMaterials/Substrate/Glints2/dict_0007_0149" 10547
"/Engine/EngineMaterials/Substrate/Glints2/dict_0007_0148" 10548
"/Engine/EngineMaterials/Substrate/Glints2/dict_0007_0147" 10549
"/Engine/EngineMaterials/Substrate/Glints2/dict_0007_0146" 10550
"/Engine/EngineMaterials/Substrate/Glints2/dict_0007_0156" 10551
"/Engine/EngineMaterials/Substrate/Glints2/dict_0007_0155" 10552
"/Engine/EngineMaterials/Substrate/Glints2/dict_0007_0154" 10553
"/Engine/EngineMaterials/Substrate/Glints2/dict_0007_0145" 10554
"/Engine/EngineMaterials/Substrate/Glints2/dict_0007_0153" 10555
"/Engine/EngineMaterials/Substrate/Glints2/dict_0007_0152" 10556
"/Engine/EngineMaterials/Substrate/Glints2/dict_0007_0144" 10557
"../../../Engine/Content/EngineMaterials/Substrate/Glints2/dict_0007_0171.uasset" 10558
"../../../Engine/Content/EngineMaterials/Substrate/Glints2/dict_0007_0170.uasset" 10559
"/Engine/EngineMaterials/Substrate/Glints2/dict_0007_0169" 10560
"../../../Engine/Content/EngineMaterials/Substrate/Glints2/dict_0007_0172.uasset" 10561
"../../../Engine/Content/EngineMaterials/Substrate/Glints2/dict_0007_0173.uasset" 10562
"../../../Engine/Content/EngineMaterials/Substrate/Glints2/dict_0007_0174.uasset" 10563
"../../../Engine/Content/EngineMaterials/Substrate/Glints2/dict_0007_0175.uasset" 10564
"../../../Engine/Content/EngineMaterials/Substrate/Glints2/dict_0007_0176.uasset" 10565
"../../../Engine/Content/EngineMaterials/Substrate/Glints2/dict_0007_0177.uasset" 10566
"../../../Engine/Content/EngineMaterials/Substrate/Glints2/dict_0007_0178.uasset" 10567
"../../../Engine/Content/EngineMaterials/Substrate/Glints2/dict_0007_0179.uasset" 10568
"../../../Engine/Content/EngineMaterials/Substrate/Glints2/dict_0007_0180.uasset" 10569
"../../../Engine/Content/EngineMaterials/Substrate/Glints2/dict_0007_0181.uasset" 10570
"../../../Engine/Content/EngineMaterials/Substrate/Glints2/dict_0007_0182.uasset" 10571
"../../../Engine/Content/EngineMaterials/Substrate/Glints2/dict_0007_0183.uasset" 10572
"../../../Engine/Content/EngineMaterials/Substrate/Glints2/dict_0007_0184.uasset" 10573
"../../../Engine/Content/EngineMaterials/Substrate/Glints2/dict_0007_0185.uasset" 10574
"../../../Engine/Content/EngineMaterials/Substrate/Glints2/dict_0007_0186.uasset" 10575
"../../../Engine/Content/EngineMaterials/Substrate/Glints2/dict_0007_0187.uasset" 10576
"../../../Engine/Content/EngineMaterials/Substrate/Glints2/dict_0007_0188.uasset" 10577
"/Engine/EngineMaterials/Substrate/Glints2/dict_0007_0168" 10578
"/Engine/EngineMaterials/Substrate/Glints2/dict_0007_0167" 10579
"/Engine/EngineMaterials/Substrate/Glints2/dict_0007_0166" 10580
"/Engine/EngineMaterials/Substrate/Glints2/dict_0007_0165" 10581
"/Engine/EngineMaterials/Substrate/Glints2/dict_0007_0164" 10582
"/Engine/EngineMaterials/Substrate/Glints2/dict_0007_0163" 10583
"/Engine/EngineMaterials/Substrate/Glints2/dict_0007_0162" 10584
"/Engine/EngineMaterials/Substrate/Glints2/dict_0007_0161" 10585
"/Engine/EngineMaterials/Substrate/Glints2/dict_0007_0160" 10586
"/Engine/EngineMaterials/Substrate/Glints2/dict_0007_0159" 10587
"/Engine/EngineMaterials/Substrate/Glints2/dict_0007_0158" 10588
"/Engine/EngineMaterials/Substrate/Glints2/dict_0007_0157" 10589
"/Engine/EngineMaterials/Substrate/Glints2/dict_0007_0188" 10590
"../../../Engine/Content/EngineMaterials/Substrate/Glints2/dict_0007_0189.uasset" 10591
"/Engine/EngineMaterials/Substrate/Glints2/dict_0007_0187" 10592
"../../../Engine/Content/EngineMaterials/Substrate/Glints2/dict_0007_0190.uasset" 10593
"../../../Engine/Content/EngineMaterials/Substrate/Glints2/dict_0007_0191.uasset" 10594
"../../../Engine/Content/EngineMaterials/Substrate/Glints2/dict_0007_0192.uasset" 10595
"/Engine/EngineMaterials/Substrate/Glints2/dict_0007_0186" 10596
"../../../Engine/Content/EngineMaterials/Substrate/Glints2/dict_0007_0193.uasset" 10597
"../../../Engine/Content/EngineMaterials/Substrate/Glints2/dict_0007_0194.uasset" 10598
"../../../Engine/Content/EngineMaterials/Substrate/Glints2/dict_0007_0195.uasset" 10599
"/Engine/EngineMaterials/Substrate/Glints2/dict_0007_0185" 10600
"../../../Engine/Content/EngineMaterials/Substrate/Glints2/dict_0007_0196.uasset" 10601
"../../../Engine/Content/EngineMaterials/Substrate/Glints2/dict_0007_0197.uasset" 10602
"../../../Engine/Content/EngineMaterials/Substrate/Glints2/dict_0007_0198.uasset" 10603
"../../../Engine/Content/EngineMaterials/Substrate/Glints2/dict_0007_0199.uasset" 10604
"/Engine/EngineMaterials/Substrate/Glints2/dict_0007_0184" 10605
"../../../Engine/Content/EngineMaterials/Substrate/Glints2/dict_0007_0200.uasset" 10606
"../../../Engine/Content/EngineMaterials/Substrate/Glints2/dict_0007_0201.uasset" 10607
"/Engine/EngineMaterials/Substrate/Glints2/dict_0007_0183" 10608
"/Engine/EngineMaterials/Substrate/Glints2/dict_0007_0182" 10609
"/Engine/EngineMaterials/Substrate/Glints2/dict_0007_0181" 10610
"/Engine/EngineMaterials/Substrate/Glints2/dict_0007_0180" 10611
"/Engine/EngineMaterials/Substrate/Glints2/dict_0007_0179" 10612
"/Engine/EngineMaterials/Substrate/Glints2/dict_0007_0178" 10613
"/Engine/EngineMaterials/Substrate/Glints2/dict_0007_0177" 10614
"/Engine/EngineMaterials/Substrate/Glints2/dict_0007_0176" 10615
"/Engine/EngineMaterials/Substrate/Glints2/dict_0007_0175" 10616
"/Engine/EngineMaterials/Substrate/Glints2/dict_0007_0174" 10617
"/Engine/EngineMaterials/Substrate/Glints2/dict_0007_0173" 10618
"/Engine/EngineMaterials/Substrate/Glints2/dict_0007_0172" 10619
"/Engine/EngineMaterials/Substrate/Glints2/dict_0007_0171" 10620
"/Engine/EngineMaterials/Substrate/Glints2/dict_0007_0170" 10621
"../../../Engine/Content/EngineMaterials/Substrate/Glints2/dict_0007_0202.uasset" 10622
"/Engine/EngineMaterials/Substrate/Glints2/dict_0007_0201" 10623
"../../../Engine/Content/EngineMaterials/Substrate/Glints2/dict_0007_0204.uasset" 10624
"../../../Engine/Content/EngineMaterials/Substrate/Glints2/dict_0007_0203.uasset" 10625
"../../../Engine/Content/EngineMaterials/Substrate/Glints2/dict_0007_0205.uasset" 10626
"../../../Engine/Content/EngineMaterials/Substrate/Glints2/dict_0007_0206.uasset" 10627
"../../../Engine/Content/EngineMaterials/Substrate/Glints2/dict_0007_0207.uasset" 10628
"/Engine/EngineMaterials/Substrate/Glints2/dict_0007_0200" 10629
"../../../Engine/Content/EngineMaterials/Substrate/Glints2/dict_0007_0208.uasset" 10630
"../../../Engine/Content/EngineMaterials/Substrate/Glints2/dict_0007_0209.uasset" 10631
"../../../Engine/Content/EngineMaterials/Substrate/Glints2/dict_0007_0210.uasset" 10632
"../../../Engine/Content/EngineMaterials/Substrate/Glints2/dict_0007_0211.uasset" 10633
"../../../Engine/Content/EngineMaterials/Substrate/Glints2/dict_0007_0212.uasset" 10634
"/Engine/EngineMaterials/Substrate/Glints2/dict_0007_0199" 10635
"../../../Engine/Content/EngineMaterials/Substrate/Glints2/dict_0007_0213.uasset" 10636
"../../../Engine/Content/EngineMaterials/Substrate/Glints2/dict_0007_0215.uasset" 10637
"../../../Engine/Content/EngineMaterials/Substrate/Glints2/dict_0007_0214.uasset" 10638
"../../../Engine/Content/EngineMaterials/Substrate/Glints2/dict_0007_0216.uasset" 10639
"../../../Engine/Content/EngineMaterials/Substrate/Glints2/dict_0007_0217.uasset" 10640
"/Engine/EngineMaterials/Substrate/Glints2/dict_0007_0198" 10641
"../../../Engine/Content/EngineMaterials/Substrate/Glints2/dict_0007_0219.uasset" 10642
"../../../Engine/Content/EngineMaterials/Substrate/Glints2/dict_0007_0218.uasset" 10643
"../../../Engine/Content/EngineMaterials/Substrate/Glints2/dict_0007_0220.uasset" 10644
"/Engine/EngineMaterials/Substrate/Glints2/dict_0007_0197" 10645
"/Engine/EngineMaterials/Substrate/Glints2/dict_0007_0196" 10646
"/Engine/EngineMaterials/Substrate/Glints2/dict_0007_0195" 10647
"/Engine/EngineMaterials/Substrate/Glints2/dict_0007_0194" 10648
"/Engine/EngineMaterials/Substrate/Glints2/dict_0007_0193" 10649
"/Engine/EngineMaterials/Substrate/Glints2/dict_0007_0192" 10650
"/Engine/EngineMaterials/Substrate/Glints2/dict_0007_0191" 10651
"/Engine/EngineMaterials/Substrate/Glints2/dict_0007_0190" 10652
"/Engine/EngineMaterials/Substrate/Glints2/dict_0007_0189" 10653
"../../../Engine/Content/EngineMaterials/Substrate/Glints2/dict_0007_0222.uasset" 10654
"../../../Engine/Content/EngineMaterials/Substrate/Glints2/dict_0007_0221.uasset" 10655
"/Engine/EngineMaterials/Substrate/Glints2/dict_0007_0220" 10656
"../../../Engine/Content/EngineMaterials/Substrate/Glints2/dict_0007_0223.uasset" 10657
"../../../Engine/Content/EngineMaterials/Substrate/Glints2/dict_0007_0224.uasset" 10658
"../../../Engine/Content/EngineMaterials/Substrate/Glints2/dict_0007_0225.uasset" 10659
"../../../Engine/Content/EngineMaterials/Substrate/Glints2/dict_0007_0226.uasset" 10660
"../../../Engine/Content/EngineMaterials/Substrate/Glints2/dict_0007_0227.uasset" 10661
"../../../Engine/Content/EngineMaterials/Substrate/Glints2/dict_0007_0228.uasset" 10662
"../../../Engine/Content/EngineMaterials/Substrate/Glints2/dict_0007_0229.uasset" 10663
"/Engine/EngineMaterials/Substrate/Glints2/dict_0007_0219" 10664
"../../../Engine/Content/EngineMaterials/Substrate/Glints2/dict_0007_0230.uasset" 10665
"../../../Engine/Content/EngineMaterials/Substrate/Glints2/dict_0007_0231.uasset" 10666
"../../../Engine/Content/EngineMaterials/Substrate/Glints2/dict_0007_0232.uasset" 10667
"../../../Engine/Content/EngineMaterials/Substrate/Glints2/dict_0007_0233.uasset" 10668
"/Engine/EngineMaterials/Substrate/Glints2/dict_0007_0218" 10669
"/Engine/EngineMaterials/Substrate/Glints2/dict_0007_0217" 10670
"/Engine/EngineMaterials/Substrate/Glints2/dict_0007_0216" 10671
"/Engine/EngineMaterials/Substrate/Glints2/dict_0007_0215" 10672
"/Engine/EngineMaterials/Substrate/Glints2/dict_0007_0214" 10673
"/Engine/EngineMaterials/Substrate/Glints2/dict_0007_0213" 10674
"/Engine/EngineMaterials/Substrate/Glints2/dict_0007_0212" 10675
"/Engine/EngineMaterials/Substrate/Glints2/dict_0007_0211" 10676
"/Engine/EngineMaterials/Substrate/Glints2/dict_0007_0210" 10677
"/Engine/EngineMaterials/Substrate/Glints2/dict_0007_0209" 10678
"/Engine/EngineMaterials/Substrate/Glints2/dict_0007_0208" 10679
"/Engine/EngineMaterials/Substrate/Glints2/dict_0007_0207" 10680
"/Engine/EngineMaterials/Substrate/Glints2/dict_0007_0206" 10681
"/Engine/EngineMaterials/Substrate/Glints2/dict_0007_0205" 10682
"/Engine/EngineMaterials/Substrate/Glints2/dict_0007_0204" 10683
"/Engine/EngineMaterials/Substrate/Glints2/dict_0007_0203" 10684
"/Engine/EngineMaterials/Substrate/Glints2/dict_0007_0202" 10685
"../../../Engine/Content/EngineMaterials/Substrate/Glints2/dict_0007_0234.uasset" 10686
"/Engine/EngineMaterials/Substrate/Glints2/dict_0007_0233" 10687
"../../../Engine/Content/EngineMaterials/Substrate/Glints2/dict_0007_0235.uasset" 10688
"/Engine/EngineMaterials/Substrate/Glints2/dict_0007_0232" 10689
"../../../Engine/Content/EngineMaterials/Substrate/Glints2/dict_0007_0236.uasset" 10690
"../../../Engine/Content/EngineMaterials/Substrate/Glints2/dict_0007_0237.uasset" 10691
"../../../Engine/Content/EngineMaterials/Substrate/Glints2/dict_0007_0238.uasset" 10692
"/Engine/EngineMaterials/Substrate/Glints2/dict_0007_0231" 10693
"../../../Engine/Content/EngineMaterials/Substrate/Glints2/dict_0007_0239.uasset" 10694
"../../../Engine/Content/EngineMaterials/Substrate/Glints2/dict_0007_0241.uasset" 10695
"../../../Engine/Content/EngineMaterials/Substrate/Glints2/dict_0007_0240.uasset" 10696
"../../../Engine/Content/EngineMaterials/Substrate/Glints2/dict_0007_0242.uasset" 10697
"../../../Engine/Content/EngineMaterials/Substrate/Glints2/dict_0007_0244.uasset" 10698
"../../../Engine/Content/EngineMaterials/Substrate/Glints2/dict_0007_0243.uasset" 10699
"/Engine/EngineMaterials/Substrate/Glints2/dict_0007_0230" 10700
"../../../Engine/Content/EngineMaterials/Substrate/Glints2/dict_0007_0245.uasset" 10701
"../../../Engine/Content/EngineMaterials/Substrate/Glints2/dict_0007_0246.uasset" 10702
"../../../Engine/Content/EngineMaterials/Substrate/Glints2/dict_0007_0247.uasset" 10703
"../../../Engine/Content/EngineMaterials/Substrate/Glints2/dict_0007_0248.uasset" 10704
"../../../Engine/Content/EngineMaterials/Substrate/Glints2/dict_0007_0249.uasset" 10705
"../../../Engine/Content/EngineMaterials/Substrate/Glints2/dict_0007_0250.uasset" 10706
"../../../Engine/Content/EngineMaterials/Substrate/Glints2/dict_0007_0251.uasset" 10707
"../../../Engine/Content/EngineMaterials/Substrate/Glints2/dict_0007_0252.uasset" 10708
"/Engine/EngineMaterials/Substrate/Glints2/dict_0007_0229" 10709
"/Engine/EngineMaterials/Substrate/Glints2/dict_0007_0228" 10710
"/Engine/EngineMaterials/Substrate/Glints2/dict_0007_0227" 10711
"/Engine/EngineMaterials/Substrate/Glints2/dict_0007_0226" 10712
"/Engine/EngineMaterials/Substrate/Glints2/dict_0007_0225" 10713
"/Engine/EngineMaterials/Substrate/Glints2/dict_0007_0224" 10714
"/Engine/EngineMaterials/Substrate/Glints2/dict_0007_0223" 10715
"/Engine/EngineMaterials/Substrate/Glints2/dict_0007_0222" 10716
"/Engine/EngineMaterials/Substrate/Glints2/dict_0007_0221" 10717
"../../../Engine/Content/EngineMaterials/Substrate/Glints2/dict_0007_0253.uasset" 10718
"../../../Engine/Content/EngineMaterials/Substrate/Glints2/dict_0007_0254.uasset" 10719
"/Engine/EngineMaterials/Substrate/Glints2/dict_0007_0252" 10720
"../../../Engine/Content/EngineMaterials/Substrate/Glints2/dict_0007_0255.uasset" 10721
"../../../Engine/Content/EngineMaterials/Substrate/Glints2/AGlintTex2dArray2.uasset" 10722
"../../../Engine/Content/EngineMaterials/Substrate/Volume/SubstrateSimpleVolumeLUT2D.uasset" 10723
"../../../Engine/Content/EngineMaterials/Substrate/Volume/SubstrateSimpleVolumeLUT3D.uasset" 10724
"../../../Engine/Content/EngineMaterials/Substrate/Volume/SubstrateSimpleVolumeEnvLUT2D.uasset" 10725
"../../../Engine/Content/EngineMaterials/Substrate/Volume/SubstrateSimpleVolumeEnvLUT3D.uasset" 10726
"/Engine/EngineMaterials/Substrate/Glints2/dict_0007_0251" 10727
"../../../Engine/Content/MobileResources/HUD/VirtualJoystick_Background.uasset" 10728
"../../../Engine/Content/MobileResources/HUD/VirtualJoystick_Thumb.uasset" 10729
"../../../Engine/Content/MobileResources/HUD/DefaultVirtualJoysticks.uasset" 10730
"../../../Engine/Content/EngineMaterials/DefaultCalibrationColor.uasset" 10731
"../../../Engine/Content/EngineMaterials/PPM_DefaultCalibrationColor.uasset" 10732
"/Engine/EngineMaterials/Substrate/Glints2/dict_0007_0250" 10733
"/Engine/EngineMaterials/Substrate/Glints2/dict_0007_0249" 10734
"/Engine/EngineMaterials/Substrate/Glints2/dict_0007_0248" 10735
"/Engine/EngineMaterials/Substrate/Glints2/dict_0007_0247" 10736
"/Engine/EngineMaterials/Substrate/Glints2/dict_0007_0246" 10737
"/Engine/EngineMaterials/Substrate/Glints2/dict_0007_0245" 10738
"/Engine/EngineMaterials/Substrate/Glints2/dict_0007_0244" 10739
"/Engine/EngineMaterials/Substrate/Glints2/dict_0007_0243" 10740
"/Engine/EngineMaterials/Substrate/Glints2/dict_0007_0242" 10741
"/Engine/EngineMaterials/Substrate/Glints2/dict_0007_0241" 10742
"/Engine/EngineMaterials/Substrate/Glints2/dict_0007_0240" 10743
"/Engine/EngineMaterials/Substrate/Glints2/dict_0007_0239" 10744
"/Engine/EngineMaterials/Substrate/Glints2/dict_0007_0238" 10745
"/Engine/EngineMaterials/Substrate/Glints2/dict_0007_0237" 10746
"/Engine/EngineMaterials/Substrate/Glints2/dict_0007_0236" 10747
"/Engine/EngineMaterials/Substrate/Glints2/dict_0007_0235" 10748
"/Engine/EngineMaterials/Substrate/Glints2/dict_0007_0234" 10749
"../../../Engine/Content/EngineMaterials/PPM_DefaultCalibrationGrayscale.uasset" 10750
"../../../Engine/Content/EngineMaterials/DefaultCalibrationGrayscale.uasset" 10751
"../../../Engine/Content/Functions/MaterialLayerFunctions/MatLayerBlend_OverrideOpacity.uasset" 10752
"../../../Engine/Plugins/Interchange/Assets/Content/Functions/MX_Surface.uasset" 10753
"/Engine/EngineMaterials/PPM_DefaultCalibrationColor" 10754
"../../../Engine/Content/Functions/Engine_MaterialFunctions03/Procedurals/HeightToNormalSmooth.uasset" 10755
"../../../Engine/Content/Functions/Engine_MaterialFunctions02/Utility/BlendAngleCorrectedNormals.uasset" 10756
"../../../Engine/Plugins/Interchange/Assets/Content/Functions/MX_Displacement.uasset" 10757
"../../../Engine/Plugins/NNE/NNEDenoiser/Content/NNEDIM_ColorAlbedoNormal_Alpha.uasset" 10758
"../../../Engine/Plugins/NNE/NNEDenoiser/Content/NNEDIM_ColorAlbedoNormal_Default.uasset" 10759
"../../../Engine/Plugins/NNE/NNEDenoiser/Content/NNEDIM_HighQuality_Alpha.uasset" 10760
"../../../Engine/Plugins/NNE/NNEDenoiser/Content/NNEDIM_HighQuality_Default.uasset" 10761
"../../../Engine/Plugins/NNE/NNEDenoiser/Content/NNEDOM_Output_Alpha.uasset" 10762
"../../../Engine/Plugins/NNE/NNEDenoiser/Content/NNEDOM_Output_Default.uasset" 10763
"../../../Engine/Plugins/NNE/NNEDenoiser/Content/NNEDTIM_ColorAlbedoNormal_Alpha.uasset" 10764
"../../../Engine/Plugins/NNE/NNEDenoiser/Content/NNEDTIM_ColorAlbedoNormal_Default.uasset" 10765
"../../../Engine/Plugins/NNE/NNEDenoiser/Content/NNEDTOM_Output_Alpha.uasset" 10766
"../../../Engine/Plugins/NNE/NNEDenoiser/Content/NNEDTOM_Output_Default.uasset" 10767
"../../../Engine/Plugins/NNE/NNEDenoiser/Content/NNEDT_Oidn2-3_Balanced.uasset" 10768
"../../../Engine/Plugins/NNE/NNEDenoiser/Content/NNEDT_Oidn2-3_Balanced_Alpha.uasset" 10769
"/Engine/MobileResources/HUD/DefaultVirtualJoysticks" 10770
"/Engine/EngineMaterials/Substrate/Volume/SubstrateSimpleVolumeEnvLUT3D" 10771
"/Engine/EngineMaterials/Substrate/Volume/SubstrateSimpleVolumeLUT3D" 10772
"/Engine/EngineMaterials/Substrate/Glints2/AGlintTex2dArray2" 10773
"/Engine/EngineMaterials/PPM_DefaultCalibrationGrayscale" 10774
"../../../Engine/Plugins/NNE/NNEDenoiser/Content/NNED_Oidn2-3_Balanced_Alpha.uasset" 10775
"/NNEDenoiser/NNEDT_Oidn2-3_Balanced_Alpha" 10776
"../../../Engine/Plugins/NNE/NNEDenoiser/Content/NNED_Oidn2-3_Fast.uasset" 10777
"../../../Engine/Plugins/NNE/NNEDenoiser/Content/NNED_Oidn2-3_Fast_Alpha.uasset" 10778
"/NNEDenoiser/NNEDT_Oidn2-3_Balanced" 10779
"../../../Engine/Plugins/NNE/NNEDenoiser/Content/NNED_Oidn2-3_Balanced.uasset" 10780
"/NNEDenoiser/NNEDTOM_Output_Default" 10781
"/NNEDenoiser/NNEDTOM_Output_Alpha" 10782
"/NNEDenoiser/NNEDTIM_ColorAlbedoNormal_Default" 10783
"/NNEDenoiser/NNEDTIM_ColorAlbedoNormal_Alpha" 10784
"/NNEDenoiser/NNEDOM_Output_Default" 10785
"/NNEDenoiser/NNEDOM_Output_Alpha" 10786
"/NNEDenoiser/NNEDIM_HighQuality_Default" 10787
"/NNEDenoiser/NNEDIM_HighQuality_Alpha" 10788
"/NNEDenoiser/NNEDIM_ColorAlbedoNormal_Default" 10789
"/NNEDenoiser/NNEDIM_ColorAlbedoNormal_Alpha" 10790
"/InterchangeAssets/Functions/MX_Displacement" 10791
"/InterchangeAssets/Functions/MX_Surface" 10792
"../../../Engine/Plugins/NNE/NNEDenoiser/Content/NNED_Oidn2-3_HighQuality.uasset" 10793
"../../../Engine/Plugins/NNE/NNEDenoiser/Content/NNED_Oidn2-3_HighQuality_Alpha.uasset" 10794
"../../../Engine/Plugins/NNE/NNEDenoiser/Content/NNE_oidn2-3-0_rt_hdr_alb_nrm_small__dyn__fp16_opset11_DenoiseAlpha.uasset" 10795
"../../../Engine/Plugins/NNE/NNEDenoiser/Content/NNE_oidn2-3-0_rt_hdr_alb_nrm__dyn__fp16_opset11_DenoiseAlpha.uasset" 10796
"../../../Engine/Plugins/NNE/NNEDenoiser/Content/NNE_oidn2-3-0_rt_hdr_alb_nrm_small__dyn__fp16_opset11_ForwardAlpha.uasset" 10797
"../../../Engine/Plugins/NNE/NNEDenoiser/Content/NNE_oidn2-3-0_rt_hdr_alb_nrm__dyn__fp16_opset11_ForwardAlpha.uasset" 10798
"../../../Engine/Plugins/NNE/NNEDenoiser/Content/NNE_oidn2-3-0_rt_hdr_calb_cnrm_large__dyn__fp16_opset11_DenoiseAlpha.uasset" 10799
"../../../Engine/Plugins/NNE/NNEDenoiser/Content/NNE_oidn2-3-0_rt_hdr_calb_cnrm_large__dyn__fp16_opset11_ForwardAlpha.uasset" 10800
"/NNEDenoiser/NNED_Oidn2-3_Fast_Alpha" 10801
"/NNEDenoiser/NNED_Oidn2-3_Fast" 10802
"/NNEDenoiser/NNED_Oidn2-3_Balanced_Alpha" 10803
"/NNEDenoiser/NNED_Oidn2-3_Balanced" 10804
"/NNEDenoiser/NNE_oidn2-3-0_rt_hdr_calb_cnrm_large__dyn__fp16_opset11_ForwardAlpha" 10805
"/NNEDenoiser/NNE_oidn2-3-0_rt_hdr_calb_cnrm_large__dyn__fp16_opset11_DenoiseAlpha" 10806
"/NNEDenoiser/NNE_oidn2-3-0_rt_hdr_alb_nrm__dyn__fp16_opset11_ForwardAlpha" 10807
"/NNEDenoiser/NNE_oidn2-3-0_rt_hdr_alb_nrm__dyn__fp16_opset11_DenoiseAlpha" 10808
"/NNEDenoiser/NNE_oidn2-3-0_rt_hdr_alb_nrm_small__dyn__fp16_opset11_ForwardAlpha" 10809
"/NNEDenoiser/NNE_oidn2-3-0_rt_hdr_alb_nrm_small__dyn__fp16_opset11_DenoiseAlpha" 10810
"/NNEDenoiser/NNED_Oidn2-3_HighQuality_Alpha" 10811
"/NNEDenoiser/NNED_Oidn2-3_HighQuality" 10812
"C:/Users/lucas/OneDrive/Documentos/Unreal Projects/TCC_Optimization/TCC/Intermediate/ORTOptimizerPass_OptimizedA34146494DC8FFCDB75A23A408B4D45E.onnx" 10813
"C:/Users/lucas/OneDrive/Documentos/Unreal Projects/TCC_Optimization/TCC/Intermediate/ORTOptimizerPass_Optimized570388594471D37B6630219366103E8E.onnx" 10814
"C:/Users/lucas/OneDrive/Documentos/Unreal Projects/TCC_Optimization/TCC/Intermediate/ORTOptimizerPass_OptimizedCF31332847769D0739D7F996CE494351.onnx" 10815
"C:/Users/lucas/OneDrive/Documentos/Unreal Projects/TCC_Optimization/TCC/Intermediate/ORTOptimizerPass_Optimized2961A51748D48A4D0C6A89BB16B5CCB3.onnx" 10816
"C:/Users/lucas/OneDrive/Documentos/Unreal Projects/TCC_Optimization/TCC/Intermediate/ORTOptimizerPass_OptimizedA99F47394229A0628D48648C1D0DB342.onnx" 10817
"C:/Users/lucas/OneDrive/Documentos/Unreal Projects/TCC_Optimization/TCC/Intermediate/ORTOptimizerPass_Optimized90DE3F12495E506E6CCB60BBBB0CC0A8.onnx" 10818
"C:/Users/lucas/OneDrive/Documentos/Unreal Projects/TCC_Optimization/TCC/Intermediate/ORTOptimizerPass_Optimized81BC7EB94D4E98154B3BAEBFFC2E2F37.onnx" 10819
"C:/Users/lucas/OneDrive/Documentos/Unreal Projects/TCC_Optimization/TCC/Intermediate/ORTOptimizerPass_Optimized33EE3ACF45EFF63F0B5438A9D829D225.onnx" 10820
"C:/Users/lucas/OneDrive/Documentos/Unreal Projects/TCC_Optimization/TCC/Intermediate/ORTOptimizerPass_Optimized2208D15E441E95971497F1BBF67BAF0D.onnx" 10821
"C:/Users/lucas/OneDrive/Documentos/Unreal Projects/TCC_Optimization/TCC/Intermediate/ORTOptimizerPass_OptimizedBB15E939421AE5AA64E236BAB5406817.onnx" 10822
"C:/Users/lucas/OneDrive/Documentos/Unreal Projects/TCC_Optimization/TCC/Intermediate/ORTOptimizerPass_Optimized7CE8143A4A2F972B71C61B8FDEEC4A12.onnx" 10823
"C:/Users/lucas/OneDrive/Documentos/Unreal Projects/TCC_Optimization/TCC/Intermediate/ORTOptimizerPass_Optimized22F9CA174F2700F8D41D0AA107B6E19C.onnx" 10824
"../../../Engine/Content/EditorResources/BSPVertex.uasset" 10825
"../../../Engine/Content/EngineMaterials/DefaultBloomKernel.uasset" 10826
"../../../Engine/Content/EngineResources/FilmGrains/Marcie_Grain_v3_128_M2_000.uasset" 10827
"../../../Engine/Content/EngineResources/Development/ZenLogo_64.uasset" 10828
"../../../Engine/Content/EngineDebugMaterials/DebugEditorMaterial.uasset" 10829
"../../../Engine/Content/EngineMaterials/FastBlueNoise_scalar_128x128x64.uasset" 10830
"../../../Engine/Content/EngineMaterials/FastBlueNoise_scalar_128x128x8.uasset" 10831
"../../../Engine/Content/EngineMaterials/FastBlueNoise_vec2_128x128x64.uasset" 10832
"../../../Engine/Content/EngineMaterials/LTC/Sheen_LTC.uasset" 10833
"../../../Engine/Content/EngineMaterials/EnergyConservation/Sheen_Energy.uasset" 10834
"../../../Engine/Content/EngineMaterials/EnergyConservation/Diffuse_Energy.uasset" 10835
"../../../Engine/Content/EngineSounds/Master.uasset" 10836
"../../../Engine/Plugins/Interchange/Runtime/Content/Pipelines/DefaultAssetsPipeline.uasset" 10837
"../../../Engine/Plugins/Interchange/Runtime/Content/Pipelines/DefaultMaterialXPipeline.uasset" 10838
"../../../Engine/Plugins/Interchange/Runtime/Content/Pipelines/DefaultGLTFAssetsPipeline.uasset" 10839
"../../../Engine/Plugins/Interchange/Runtime/Content/Pipelines/DefaultGLTFPipeline.uasset" 10840
"../../../Engine/Plugins/Interchange/Runtime/Content/Pipelines/DefaultMaterialPipeline.uasset" 10841
"../../../Engine/Plugins/Interchange/Runtime/Content/Pipelines/DefaultTexturePipeline.uasset" 10842
"/Interchange/Pipelines/DefaultTexturePipeline" 10843
"/Interchange/Pipelines/DefaultMaterialPipeline" 10844
"/Interchange/Pipelines/DefaultGLTFPipeline" 10845
"/Interchange/Pipelines/DefaultGLTFAssetsPipeline" 10846
"/Interchange/Pipelines/DefaultMaterialXPipeline" 10847
"/Interchange/Pipelines/DefaultAssetsPipeline" 10848
"/Engine/EngineMaterials/FastBlueNoise_vec2_128x128x64" 10849
"/Engine/EngineMaterials/FastBlueNoise_scalar_128x128x8" 10850
"/Engine/EngineMaterials/FastBlueNoise_scalar_128x128x64" 10851
"/Engine/EngineSounds/Master" 10852
"/Engine/EngineMaterials/EnergyConservation/Diffuse_Energy" 10853
"/Engine/EngineDebugMaterials/DebugEditorMaterial" 10854
"/Engine/EngineResources/Development/ZenLogo_64" 10855
"/Engine/EngineResources/FilmGrains/Marcie_Grain_v3_128_M2_000" 10856
"/Engine/EngineMaterials/DefaultBloomKernel" 10857
"/Engine/EditorResources/BSPVertex" 10858
"/Engine/EngineMaterials/EnergyConservation/Sheen_Energy" 10859
"/Engine/EngineMaterials/LTC/Sheen_LTC" 10860
"../../../Engine/Plugins/Interchange/Runtime/Content/Pipelines/DefaultSceneLevelPipeline.uasset" 10861
"../../../Engine/Plugins/Interchange/Runtime/Content/Pipelines/DefaultSceneAssetsPipeline.uasset" 10862
"../../../Engine/Plugins/Interchange/Runtime/Content/Pipelines/DefaultGLTFSceneAssetsPipeline.uasset" 10863
"../../../Engine/Plugins/Interchange/Assets/Content/Functions/MX_SurfaceUnlit.uasset" 10864
"../../../Engine/Plugins/Interchange/Assets/Content/Functions/MX_UsdPreviewSurface.uasset" 10865
"../../../Engine/Plugins/Interchange/Assets/Content/Functions/MX_OrenNayarBSDF.uasset" 10866
"../../../Engine/Plugins/Interchange/Assets/Content/Functions/MX_BurleyDiffuseBSDF.uasset" 10867
"../../../Engine/Plugins/Interchange/Assets/Content/Functions/MX_TranslucentBSDF.uasset" 10868
"../../../Engine/Plugins/Interchange/Assets/Content/Functions/MX_DielectricBSDF.uasset" 10869
"../../../Engine/Plugins/Interchange/Assets/Content/Functions/MX_ConductorBSDF.uasset" 10870
"../../../Engine/Plugins/Interchange/Assets/Content/Functions/MX_GeneralizedSchlickBSDF.uasset" 10871
"../../../Engine/Plugins/Interchange/Assets/Content/Functions/MX_SubsurfaceBSDF.uasset" 10872
"../../../Engine/Plugins/Interchange/Assets/Content/Functions/MX_SheenBSDF.uasset" 10873
"../../../Engine/Plugins/Interchange/Assets/Content/Functions/MX_ThinFilmBSDF.uasset" 10874
"../../../Engine/Plugins/Interchange/Assets/Content/Functions/MX_UniformEDF.uasset" 10875
"../../../Engine/Plugins/Interchange/Assets/Content/Functions/MX_ConicalEDF.uasset" 10876
"../../../Engine/Plugins/Interchange/Assets/Content/Functions/MX_MeasuredEDF.uasset" 10877
"../../../Engine/Plugins/Interchange/Assets/Content/Functions/MX_AbsorptionVDF.uasset" 10878
"../../../Engine/Plugins/Interchange/Assets/Content/Functions/MX_AnisotropicVDF.uasset" 10879
"../../../Engine/Plugins/Animation/ControlRig/Content/Controls/ControlRigGizmoMaterial.uasset" 10880
"/ControlRig/Controls/ControlRigGizmoMaterial" 10881
"/InterchangeAssets/Functions/MX_AnisotropicVDF" 10882
"/InterchangeAssets/Functions/MX_AbsorptionVDF" 10883
"/InterchangeAssets/Functions/MX_MeasuredEDF" 10884
"/InterchangeAssets/Functions/MX_ConicalEDF" 10885
"/InterchangeAssets/Functions/MX_UniformEDF" 10886
"/InterchangeAssets/Functions/MX_ThinFilmBSDF" 10887
"/InterchangeAssets/Functions/MX_SheenBSDF" 10888
"/InterchangeAssets/Functions/MX_SubsurfaceBSDF" 10889
"/InterchangeAssets/Functions/MX_GeneralizedSchlickBSDF" 10890
"/InterchangeAssets/Functions/MX_ConductorBSDF" 10891
"/InterchangeAssets/Functions/MX_DielectricBSDF" 10892
"/InterchangeAssets/Functions/MX_TranslucentBSDF" 10893
"/InterchangeAssets/Functions/MX_BurleyDiffuseBSDF" 10894
"/InterchangeAssets/Functions/MX_OrenNayarBSDF" 10895
"/InterchangeAssets/Functions/MX_UsdPreviewSurface" 10896
"/InterchangeAssets/Functions/MX_SurfaceUnlit" 10897
"/Interchange/Pipelines/DefaultGLTFSceneAssetsPipeline" 10898
"/Interchange/Pipelines/DefaultSceneLevelPipeline" 10899
"/Interchange/Pipelines/DefaultSceneAssetsPipeline" 10900
"C:/Users/lucas/OneDrive/Documentos/Unreal Projects/TCC_Optimization/TCC/DerivedDataCache/VT/TEXTURE_7C16439390E24F1F9468894FB4D4BC55_VTCHUNK44B429B40BB45A070EB17C1259C28734996A2F49" 10901
"C:/Users/lucas/OneDrive/Documentos/Unreal Projects/TCC_Optimization/TCC/DerivedDataCache/VT/TEXTURE_7C16439390E24F1F9468894FB4D4BC55_VTCHUNK967C747FFC357A828288FA05D93CD5DCECDA891B" 10902
"C:/Users/lucas/OneDrive/Documentos/Unreal Projects/TCC_Optimization/TCC/DerivedDataCache/VT/TEXTURE_7C16439390E24F1F9468894FB4D4BC55_VTCHUNK2A5F9F60441DA258D18B46D59C64D5BAD50E8EE3" 10903
"C:/Users/lucas/OneDrive/Documentos/Unreal Projects/TCC_Optimization/TCC/DerivedDataCache/VT/TEXTURE_7C16439390E24F1F9468894FB4D4BC55_VTCHUNKC0393DE8C5B4673D99D1BECB92AA8C1F72FEB491" 10904
"C:/Users/lucas/OneDrive/Documentos/Unreal Projects/TCC_Optimization/TCC/DerivedDataCache/VT/TEXTURE_7C16439390E24F1F9468894FB4D4BC55_VTCHUNK02D4C3BCAD7DFA48AB32B8281FB06B8B83DB6275" 10905
"C:/Users/lucas/OneDrive/Documentos/Unreal Projects/TCC_Optimization/TCC/Saved/Cooked/Windows/TCC/Metadata/CookedSettings.txt" 10906
